nombre,tipo,zona,precio
American Blend Pink (30 g) CM,tabaco-liar,nacional,2.9
American Blend Red (30 g),tabaco-liar,nacional,5.8
American Blend White (30 g),tabaco-liar,nacional,5.8
Virginia Blend Authentic (30 g),tabaco-liar,nacional,5
Virginia Blend Authentic (30 g) CM,tabaco-liar,nacional,3
Virginia Blend Green (30 g),tabaco-liar,nacional,4.95
Virginia Blend Green (30 g) CM,tabaco-liar,nacional,2.9
Virginia Blend Yellow (30 g),tabaco-liar,nacional,4.95
Virginia Blend Yellow (30 g) CM,tabaco-liar,nacional,2.9
1528 (30 g),tabaco-liar,nacional,5.3
1528 Gold (30 g),tabaco-liar,nacional,5.3
1637 Blond (40 g),tabaco-liar,nacional,9.5
187 #S04 Quelle (200 g),tabaco-liar,nacional,17.5
187 #S04 Quelle (50 g),tabaco-liar,nacional,4.55
187 040 (200 g),tabaco-liar,nacional,17.5
187 040 (50 g),tabaco-liar,nacional,4.55
187 Beach Vibez (200 g),tabaco-liar,nacional,17.5
187 Beach Vibez (50 g),tabaco-liar,nacional,4.55
187 Blue Devil (200 g),tabaco-liar,nacional,17.5
187 Blue Devil (50 g),tabaco-liar,nacional,4.55
187 Dd Music (200 g),tabaco-liar,nacional,17.5
187 Dd Music (50 g),tabaco-liar,nacional,4.55
187 Ello&Raffa (200 g),tabaco-liar,nacional,17.5
187 Ello&Raffa (50 g),tabaco-liar,nacional,4.55
187 Happy Caztuz (200 g),tabaco-liar,nacional,17.5
187 Happy Caztuz (50 g),tabaco-liar,nacional,4.55
187 Holy Tropical (200 g),tabaco-liar,nacional,17.5
187 Holy Tropical (50 g),tabaco-liar,nacional,4.55
187 I Love Hamburg (200 g),tabaco-liar,nacional,17.5
187 I Love Hamburg (50 g),tabaco-liar,nacional,4.55
187 Iscrea Pistoco (200 g),tabaco-liar,nacional,17.5
187 Iscrea Pistoco (50 g),tabaco-liar,nacional,4.55
187 Jucy Puzzy (200 g),tabaco-liar,nacional,17.5
187 Jucy Puzzy (50 g),tabaco-liar,nacional,4.55
187 Kool Bitch (200 g),tabaco-liar,nacional,17.5
187 Kool Bitch (50 g),tabaco-liar,nacional,4.55
187 Kool Wave (200 g),tabaco-liar,nacional,17.5
187 Kool Wave (50 g),tabaco-liar,nacional,4.55
187 Mama Canny (200 g),tabaco-liar,nacional,17.5
187 Mama Canny (50 g),tabaco-liar,nacional,4.55
187 Mts Greens (200 g),tabaco-liar,nacional,17.5
187 Mts Greens (50 g),tabaco-liar,nacional,4.55
187 New Flash (200 g),tabaco-liar,nacional,17.5
187 New Flash (50 g),tabaco-liar,nacional,4.55
187 Pink Mellow (200 g),tabaco-liar,nacional,17.5
187 Pink Mellow (50 g),tabaco-liar,nacional,4.55
187 Purple Drank (200 g),tabaco-liar,nacional,17.5
187 Purple Drank (50 g),tabaco-liar,nacional,4.55
187 Red Light District (200 g),tabaco-liar,nacional,17.5
187 Red Light District (50 g),tabaco-liar,nacional,4.55
187 Skittlez (200 g),tabaco-liar,nacional,17.5
187 Skittlez (50 g),tabaco-liar,nacional,4.55
187 Sparkling Izet (200 g),tabaco-liar,nacional,17.5
187 Sparkling Izet (50 g),tabaco-liar,nacional,4.55
187 Sparkling Peaz (200 g),tabaco-liar,nacional,17.5
187 Sparkling Peaz (50 g),tabaco-liar,nacional,4.55
187 Sweem Cactus (200 g),tabaco-liar,nacional,17.5
187 Sweem Cactus (50 g),tabaco-liar,nacional,4.55
187 Wallynelom (200 g),tabaco-liar,nacional,17.5
187 Wallynelom (50 g),tabaco-liar,nacional,4.55
187 Women To Go (200 g),tabaco-liar,nacional,17.5
187 Women To Go (50 g),tabaco-liar,nacional,4.55
187 Zafari (200 g),tabaco-liar,nacional,17.5
187 Zafari (50 g),tabaco-liar,nacional,4.55
3 REYNAS Belicoso 6x54 (20),cigarrillos,nacional,6.2
3 REYNAS Robusto 5x50 (20),cigarrillos,nacional,5.8
3 REYNAS Toro Gordo 6x60 (20),cigarrillos,nacional,6.85
3 TERCIOS Gordo (20),cigarrillos,nacional,3.95
3 TERCIOS Gordo 6x58 (20),cigarrillos,nacional,3.95
3 TERCIOS Robusto (20),cigarrillos,nacional,3.6
3 TERCIOS Robusto 5 1/4x54 (20),cigarrillos,nacional,3.6
3 TERCIOS Short 4x50 (20),cigarrillos,nacional,2.95
3 TERCIOS Short M (20),cigarrillos,nacional,2.95
5 O'clock Virginia,otros,nacional,4
A. TURRENT Churchill,otros,nacional,5.8
A. TURRENT Modestos,otros,nacional,3.55
A. TURRENT Robusto,otros,nacional,3.95
A. TURRENT Romances,otros,nacional,4.5
A.CROP Claro Gordo (25),cigarrillos,nacional,1.95
A.CROP Claro Gordo Mazo (10),cigarrillos,nacional,1.7
A.CROP Claro Robusto (25),cigarrillos,nacional,1.6
A.CROP Claro Robusto Mazo (10),cigarrillos,nacional,1.4
A.CROP Claro Toro (25),cigarrillos,nacional,1.7
A.CROP Claro Toro Mazo (10),cigarrillos,nacional,1.5
A.FLORES A. Flores GR Half Corona Corojo M(20),cigarrillos,nacional,4.15
A.FLORES A. Flores GR Half Corona Desflorado M(20),cigarrillos,nacional,4.15
A.FLORES A. Flores GR Half Corona Maduro M(20),cigarrillos,nacional,4.15
A.FLORES A. Flores GR Half Corona Sungrown M(20),cigarrillos,nacional,4.15
A.FLORES A. Flores Half Corona-Capa Madura Latas M (25),cigarrillos,nacional,4.3
A.FLORES A. Flores Half Corona-Capa Madura Latas M (25) CM,cigarrillos,nacional,3.25
A.FLORES A.Flores El Vinyet BF52 Belicoso Fino (10),cigarrillos,nacional,9.5
A.FLORES A.Flores El Vinyet RC52 Robusto Clasico (10),cigarrillos,nacional,8.5
A.FLORES A.Flores El Vinyet WC58 Wide Churchill (10),cigarrillos,nacional,10.95
A.FLORES A.Flores Gran Reserva Connecticut Valley Reserve Robusto C (10),cigarrillos,nacional,12.95
A.FLORES A.Flores Gran Reserva Corojo Puritos Latas (30),cigarrillos,nacional,3.25
A.FLORES A.Flores Gran Reserva Desflorado Puritos Latas (30),cigarrillos,nacional,3.5
A.FLORES A.Flores Gran Reserva Maduro Puritos Latas (30),cigarrillos,nacional,3.2
A.FLORES A.Flores Gran Reserva Sungrown Puritos Latas (30),cigarrillos,nacional,3.5
A.FLORES EL SAMAN Robusto (20),cigarrillos,nacional,5.95
A.FLORES EL SAMAN Robusto M20 (20),cigarrillos,nacional,5.75
A.FLORES EL SAMAN Short Robusto (20),cigarrillos,nacional,5.8
A.FLORES EL SAMAN Short Robusto M20 (20),cigarrillos,nacional,5.6
A.FLORES EL SAMAN Short Toro (20),cigarrillos,nacional,6.75
A.FLORES EL SAMAN Short Toro M20 (20),cigarrillos,nacional,6.5
A.FLORES EL SAMAN Torazo (20),cigarrillos,nacional,6.95
A.FLORES EL SAMAN Torazo M20 (20),cigarrillos,nacional,6.75
A.FLORES EL TROVADOR Gran Toro (24),cigarrillos,nacional,6.7
A.FLORES EL TROVADOR Maduro Petit Belicoso (24),cigarrillos,nacional,5.5
A.FLORES EL TROVADOR Maduro Robusto (24),cigarrillos,nacional,5.9
A.FLORES EL TROVADOR Petit Belicoso (24),cigarrillos,nacional,5.5
A.FLORES EL TROVADOR Robusto (24),cigarrillos,nacional,5.9
A.FLORES Flores y Rodríguez 10th Anniversary Millefleurs Serva Corona C (24),cigarrillos,nacional,5.95
A.FLORES Flores y Rodriguez 18th Anniversary Gran Toro C (24),cigarrillos,nacional,12.95
A.FLORES FLORES Y RODRIGUEZ CONNECTICUT VALLEY RESERVE Fat Corona (24),cigarrillos,nacional,6.95
A.FLORES FLORES Y RODRIGUEZ CONNECTICUT VALLEY RESERVE Gran Toro (24),cigarrillos,nacional,7.95
A.FLORES FLORES Y RODRIGUEZ Connecticut Valley Reserve Robusto Jarra (el envase de 19),otros,nacional,151.05
A.FLORES Gran Reserva Grand Toro (10),cigarrillos,nacional,12
A.FLORES Gran Reserva Half Corona-Capa Corojo caja (50),cigarrillos,nacional,3.6
A.FLORES Gran Reserva Half Corona-Capa Corojo latas (25),cigarrillos,nacional,4.3
A.FLORES Gran Reserva Half Corona-Capa Corojo latas (25) CM,cigarrillos,nacional,3.25
A.FLORES Gran Reserva Half Corona-Capa Sungrown caja (50),cigarrillos,nacional,3.6
A.FLORES Gran Reserva Half Corona-Capa Sungrown latas (25),cigarrillos,nacional,4.3
A.FLORES Gran Reserva Half Corona-Capa Sungrown latas (25) CM,cigarrillos,nacional,3.25
A.FLORES Gran Reserva Robusto (10),cigarrillos,nacional,9.9
A.FLORES Serie Privada Ed. Esp. Capa Habano SP54 6x54 Box Press (24),cigarrillos,nacional,10.95
A.FLORES Serie Privada Ed. Esp. Maduro SP52 5x52 Box Press (24),cigarrillos,nacional,9.95
Absolutely Especial Life's a Gamble liar lata Volumen (48 g),tabaco-liar,nacional,7.95
Absolutely Special Life is a Gamble (50 g),tabaco-liar,nacional,6.3
Absolutely Special Life is a Gamble Wide Cut (200 g),tabaco-liar,nacional,30
Absolutely Special Life is a Gamble Wide Cut (90 g),tabaco-liar,nacional,13.75
Absolutely Special Life is a Gample (48 g),tabaco-liar,nacional,7.75
Adalya Adalya Power (50 g),tabaco-liar,nacional,3.85
Adalya Adalya Power (50 g) CM,tabaco-liar,nacional,2.2
Adalya AppGrade (50 g),tabaco-liar,nacional,3.85
Adalya AppGrade (50 g) CM,tabaco-liar,nacional,2.2
Adalya Bagdadi (50 g),tabaco-liar,nacional,3.85
Adalya Bagdadi (50 g) CM,tabaco-liar,nacional,2.2
Adalya Berlin Nights (1000 g),tabaco-liar,nacional,65
Adalya Berlin Nights (1000 g) CM,tabaco-liar,nacional,33
Adalya Berlin Nights (50 g),tabaco-liar,nacional,3.85
Adalya Berlin Nights (50 g) CM,tabaco-liar,nacional,2.2
Adalya Berlin Nights (990 g),tabaco-liar,nacional,65
Adalya Berlin Nights (990 g) CM,tabaco-liar,nacional,33
Adalya Billionaire (50 g),tabaco-liar,nacional,3.85
Adalya Billionaire (50 g) CM,tabaco-liar,nacional,2.2
Adalya Black Cane Mnt (50 g),tabaco-liar,nacional,3.85
Adalya Black Cane Mnt (50 g) CM,tabaco-liar,nacional,2.2
Adalya Black Dragon (50 g),tabaco-liar,nacional,3.3
Adalya Black Dragon (50 g) CM,tabaco-liar,nacional,2.1
Adalya Black Horchachi (50 g),tabaco-liar,nacional,3.3
Adalya Black Horchachi (50 g) CM,tabaco-liar,nacional,2.1
Adalya Black Lem Bry (50 g),tabaco-liar,nacional,3.85
Adalya Black Lem Bry (50 g) CM,tabaco-liar,nacional,2.2
Adalya Black Pych (50 g),tabaco-liar,nacional,3.85
Adalya Black Pych (50 g) CM,tabaco-liar,nacional,2.2
Adalya Black Voodoo (50 g),tabaco-liar,nacional,3.3
Adalya Black Voodoo (50 g) CM,tabaco-liar,nacional,2.1
Adalya Blue Dragan (50 g),tabaco-liar,nacional,3.85
Adalya Blue Dragan (50 g) CM,tabaco-liar,nacional,2.2
Adalya Blue I´ss (200 g),tabaco-liar,nacional,14
Adalya Blue I´ss (200 g) CM,tabaco-liar,nacional,8
Adalya Blue I'ss (1000 g),tabaco-liar,nacional,65
Adalya Blue I'ss (1000 g) CM,tabaco-liar,nacional,33
Adalya Blue I'ss (50 g),tabaco-liar,nacional,3.85
Adalya Blue I'ss (50 g) CM,tabaco-liar,nacional,2.2
Adalya Blue I'ss (990 g),tabaco-liar,nacional,65
Adalya Blue I'ss (990 g) CM,tabaco-liar,nacional,33
Adalya Blue Lych (50 g),tabaco-liar,nacional,3.85
Adalya Blue Lych (50 g) CM,tabaco-liar,nacional,2.2
Adalya Blue Yellow (200 g),tabaco-liar,nacional,14
Adalya Blue Yellow (200 g) CM,tabaco-liar,nacional,8
Adalya Blue Yellow (50 g),tabaco-liar,nacional,3.85
Adalya Blue Yellow (50 g) CM,tabaco-liar,nacional,2.2
Adalya Chwng Kizz (1000 g),tabaco-liar,nacional,54.95
Adalya Chwng Kizz (1000 g) CM,tabaco-liar,nacional,31.95
Adalya Chwng Waterloo (50 g),tabaco-liar,nacional,3.85
Adalya Chwng Waterloo (50 g) CM,tabaco-liar,nacional,2.2
Adalya Chwng Wood Kizz (1000 g),tabaco-liar,nacional,54.95
Adalya Chwng Wood Kizz (1000 g) CM,tabaco-liar,nacional,31.95
Adalya Chwng Wood Kizz (200 g),tabaco-liar,nacional,14
Adalya Chwng Wood Kizz (200 g) CM,tabaco-liar,nacional,8
Adalya Chwng Wood Kizz (50 g),tabaco-liar,nacional,3.85
Adalya Chwng Wood Kizz (50 g) CM,tabaco-liar,nacional,2.2
Adalya Cindy's (50 g),tabaco-liar,nacional,3.85
Adalya Cindy's (50 g) CM,tabaco-liar,nacional,2.2
Adalya Desperado (50 g),tabaco-liar,nacional,3.85
Adalya Desperado (50 g) CM,tabaco-liar,nacional,2.2
Adalya Dragan Code (50 g),tabaco-liar,nacional,3.85
Adalya Dragan Code (50 g) CM,tabaco-liar,nacional,2.2
Adalya Dulcinea (50 g),tabaco-liar,nacional,3.85
Adalya Dulcinea (50 g) CM,tabaco-liar,nacional,2.2
Adalya Eskimo Leon  (50 g),tabaco-liar,nacional,3.85
Adalya Eskimo Leon  (50 g) CM,tabaco-liar,nacional,2.2
Adalya Esmeralda (50 g),tabaco-liar,nacional,3.85
Adalya Esmeralda (50 g) CM,tabaco-liar,nacional,2.2
Adalya Exotic Rush (50 g),tabaco-liar,nacional,3.85
Adalya Exotic Rush (50 g) CM,tabaco-liar,nacional,2.2
Adalya Gipsy Kings (200 g),tabaco-liar,nacional,14
Adalya Gipsy Kings (200 g) CM,tabaco-liar,nacional,8
Adalya Gipsy Kings (50 g),tabaco-liar,nacional,3.85
Adalya Gipsy Kings (50 g) CM,tabaco-liar,nacional,2.2
Adalya Green Leon Kizz (50 g),tabaco-liar,nacional,3.85
Adalya Green Leon Kizz (50 g) CM,tabaco-liar,nacional,2.2
Adalya Hawaii (1000 g),tabaco-liar,nacional,65
Adalya Hawaii (1000 g) CM,tabaco-liar,nacional,33
Adalya Hawaii (200 g),tabaco-liar,nacional,14
Adalya Hawaii (200 g) CM,tabaco-liar,nacional,8
Adalya Hawaii (50 g),tabaco-liar,nacional,3.85
Adalya Hawaii (50 g) CM,tabaco-liar,nacional,2.2
Adalya Hawaii (990 g),tabaco-liar,nacional,65
Adalya Hawaii (990 g) CM,tabaco-liar,nacional,33
Adalya I´ss Kaktu (50 g),tabaco-liar,nacional,3.85
Adalya I´ss Kaktu (50 g) CM,tabaco-liar,nacional,2.2
Adalya I'ss (50 g),tabaco-liar,nacional,3.85
Adalya I'ss (50 g) CM,tabaco-liar,nacional,2.2
Adalya I'ss Boni (50 g),tabaco-liar,nacional,3.85
Adalya I'ss Boni (50 g) CM,tabaco-liar,nacional,2.2
Adalya I'ss Lie On The Rocks (1000 g),tabaco-liar,nacional,65
Adalya I'ss Lie On The Rocks (1000 g) CM,tabaco-liar,nacional,33
Adalya I'ss Lie on the Rocks (50 g),tabaco-liar,nacional,3.85
Adalya I'ss Lie on the Rocks (50 g) CM,tabaco-liar,nacional,2.2
Adalya I'ss Lie On The Rocks (990 g),tabaco-liar,nacional,65
Adalya I'ss Lie On The Rocks (990 g) CM,tabaco-liar,nacional,33
Adalya Jungle Jungle (50 g),tabaco-liar,nacional,3.85
Adalya Jungle Jungle (50 g) CM,tabaco-liar,nacional,2.2
Adalya Kizz (1000 g),tabaco-liar,nacional,65
Adalya Kizz (1000 g) CM,tabaco-liar,nacional,33
Adalya Kizz (200 g),tabaco-liar,nacional,14
Adalya Kizz (200 g) CM,tabaco-liar,nacional,6.95
Adalya Kizz (50 g),tabaco-liar,nacional,3.85
Adalya Kizz (50 g) CM,tabaco-liar,nacional,2.2
Adalya Kizz 2.0 (990 g),tabaco-liar,nacional,65
Adalya Kizz 2.0 (990 g) CM,tabaco-liar,nacional,33
Adalya Krosty App (50 g),tabaco-liar,nacional,3.3
Adalya Krosty App (50 g) CM,tabaco-liar,nacional,2.1
Adalya L. Kill (1000 g),tabaco-liar,nacional,65
Adalya L. Kill (1000 g) CM,tabaco-liar,nacional,33
Adalya L. Kill (200 g),tabaco-liar,nacional,14
Adalya L. Kill (200 g) CM,tabaco-liar,nacional,8
Adalya L. Kill (50 g),tabaco-liar,nacional,3.85
Adalya L. Kill (50 g) CM,tabaco-liar,nacional,2.2
Adalya L. Kill 2.0 (990 g),tabaco-liar,nacional,65
Adalya L. Kill 2.0 (990 g) CM,tabaco-liar,nacional,33
Adalya La Bonita (50 g),tabaco-liar,nacional,3.85
Adalya La Bonita (50 g) CM,tabaco-liar,nacional,2.2
Adalya Leon Pi (50 g),tabaco-liar,nacional,3.85
Adalya Leon Pi (50 g) CM,tabaco-liar,nacional,2.2
Adalya Love66 (1000 g),tabaco-liar,nacional,65
Adalya Love66 (1000 g) CM,tabaco-liar,nacional,33
Adalya Love66 (200 g),tabaco-liar,nacional,14
Adalya Love66 (200 g) CM,tabaco-liar,nacional,8
Adalya Love66 (50 g),tabaco-liar,nacional,3.85
Adalya Love66 (50 g) CM,tabaco-liar,nacional,2.2
Adalya Love66 (990 g),tabaco-liar,nacional,65
Adalya Love66 (990 g) CM,tabaco-liar,nacional,33
Adalya M.M. (50 g),tabaco-liar,nacional,3.3
Adalya M.M. (50 g) CM,tabaco-liar,nacional,2.1
Adalya Manko Tanko (50 g),tabaco-liar,nacional,3.85
Adalya Manko Tanko (50 g) CM,tabaco-liar,nacional,2.2
Adalya Manko Tanko I'ss (1000 g),tabaco-liar,nacional,65
Adalya Manko Tanko I'ss (1000 g) CM,tabaco-liar,nacional,33
Adalya Manko Tanko I'ss (200 g),tabaco-liar,nacional,14
Adalya Manko Tanko I'ss (200 g) CM,tabaco-liar,nacional,8
Adalya Manko Tanko I'ss (50 g),tabaco-liar,nacional,3.85
Adalya Manko Tanko I'ss (50 g) CM,tabaco-liar,nacional,2.2
Adalya Manko Tanko I'ss (990 g),tabaco-liar,nacional,65
Adalya Manko Tanko I'ss (990 g) CM,tabaco-liar,nacional,33
Adalya Moon Dream (200 g),tabaco-liar,nacional,14
Adalya Moon Dream (200 g) CM,tabaco-liar,nacional,8
Adalya Moon Dream (50 g),tabaco-liar,nacional,3.85
Adalya Moon Dream (50 g) CM,tabaco-liar,nacional,2.2
Adalya Pair Kizz (50 g),tabaco-liar,nacional,3.85
Adalya Pair Kizz (50 g) CM,tabaco-liar,nacional,2.2
Adalya Paradiso I'ss (50 g),tabaco-liar,nacional,3.85
Adalya Paradiso I'ss (50 g) CM,tabaco-liar,nacional,2.2
Adalya Passion Kizz (50 g),tabaco-liar,nacional,3.85
Adalya Passion Kizz (50 g) CM,tabaco-liar,nacional,2.2
Adalya Punkman (50 g),tabaco-liar,nacional,3.85
Adalya Punkman (50 g) CM,tabaco-liar,nacional,2.2
Adalya Pych Blue Kizz (50 g),tabaco-liar,nacional,3.85
Adalya Pych Blue Kizz (50 g) CM,tabaco-liar,nacional,2.2
Adalya Red Alert I'ss (1000 g),tabaco-liar,nacional,54.95
Adalya Red Alert I'ss (1000 g) CM,tabaco-liar,nacional,31.95
Adalya Red Alert l'ss (50 g),tabaco-liar,nacional,3.85
Adalya Red Alert l'ss (50 g) CM,tabaco-liar,nacional,2.2
Adalya Rhapsody (50 g),tabaco-liar,nacional,3.85
Adalya Rhapsody (50 g) CM,tabaco-liar,nacional,2.2
Adalya Skyfall (50 g),tabaco-liar,nacional,3.85
Adalya Skyfall (50 g) CM,tabaco-liar,nacional,2.2
Adalya Sweess Boom (1000 g),tabaco-liar,nacional,65
Adalya Sweess Boom (1000 g) CM,tabaco-liar,nacional,33
Adalya Sweess Boom (200 g),tabaco-liar,nacional,14
Adalya Sweess Boom (200 g) CM,tabaco-liar,nacional,8
Adalya Sweess Boom (50 g),tabaco-liar,nacional,3.85
Adalya Sweess Boom (50 g) CM,tabaco-liar,nacional,2.2
Adalya Sweess Boom (990 g),tabaco-liar,nacional,65
Adalya Sweess Boom (990 g) CM,tabaco-liar,nacional,33
Adalya Three Angels (50 g),tabaco-liar,nacional,3.85
Adalya Three Angels (50 g) CM,tabaco-liar,nacional,2.2
Adalya Tony´s Destiny (50 g),tabaco-liar,nacional,3.85
Adalya Tony´s Destiny (50 g) CM,tabaco-liar,nacional,2.2
Adalya Twist Pi (50 g),tabaco-liar,nacional,3.3
Adalya Twist Pi (50 g) CM,tabaco-liar,nacional,2.1
Adalya Two App (50 g),tabaco-liar,nacional,3.85
Adalya Two App (50 g) CM,tabaco-liar,nacional,2.2
Adalya Two Yellow I´ss (50 g),tabaco-liar,nacional,3.85
Adalya Two Yellow I´ss (50 g) CM,tabaco-liar,nacional,2.2
Adalya Tynky Wynky (200 g),tabaco-liar,nacional,14
Adalya Tynky Wynky (200 g) CM,tabaco-liar,nacional,8
Adalya Tynky Wynky (50 g),tabaco-liar,nacional,3.85
Adalya Tynky Wynky (50 g) CM,tabaco-liar,nacional,2.2
Adalya Van (50 g),tabaco-liar,nacional,3.85
Adalya Van (50 g) CM,tabaco-liar,nacional,2.2
Adalya Waterlon Kizz (50 g),tabaco-liar,nacional,3.85
Adalya Waterlon Kizz (50 g) CM,tabaco-liar,nacional,2.2
Adalya Waterloo Kizz (200g),tabaco-liar,nacional,14
Adalya Waterloo Kizz (200g) CM,tabaco-liar,nacional,8
ADRIAN MAGNUS Adrian Magnus 1808 Belicoso (15),cigarrillos,nacional,11
ADRIAN MAGNUS Adrian Magnus 1808 Belicoso (3),otros,nacional,11
ADRIAN MAGNUS Adrian Magnus 1808 Robusto (24),cigarrillos,nacional,9.35
ADRIAN MAGNUS Adrian Magnus 1808 Toro (15),cigarrillos,nacional,9.95
ADRIAN MAGNUS Adrian Magnus 1808 Toro (24),cigarrillos,nacional,9.95
ADRIAN MAGNUS Adrian Magnus 1808 Toro (3),otros,nacional,9.95
ADRIAN MAGNUS Adrian Magnus Black-Black Toro (24),cigarrillos,nacional,19
ADRIAN MAGNUS Adrian Magnus Black-Black Toro (3),otros,nacional,19
ADRIAN MAGNUS Adrian Magnus El Rey Toro (10),cigarrillos,nacional,29.5
ADRIAN MAGNUS Adrian Magnus Geneva Connoisseur Collection Toro (El envase de 7),otros,nacional,70
ADRIAN MAGNUS Adrian Magnus Geneva Original Light Belicoso (10),cigarrillos,nacional,6.5
ADRIAN MAGNUS Adrian Magnus Geneva Original Light Robusto (10),cigarrillos,nacional,5.95
ADRIAN MAGNUS Adrian Magnus Geneva Original Light Toro (10),cigarrillos,nacional,6.3
ADRIAN MAGNUS Adrian Magnus Geneva Original Medium Robusto (10),cigarrillos,nacional,6.1
ADRIAN MAGNUS Adrian Magnus Geneva Original Strong Robusto (10),cigarrillos,nacional,6.3
ADRIAN MAGNUS Adrian Magnus Geneva XSO Black Robusto (10),cigarrillos,nacional,8.1
ADRIAN MAGNUS Adrian Magnus Geneva XSO Blue Belicosos (10),cigarrillos,nacional,8.3
ADRIAN MAGNUS Adrian Magnus Geneva XSO Blue Robusto (10),cigarrillos,nacional,7.9
ADRIAN MAGNUS Adrian Magnus Geneva XSO Blue Toro (10),cigarrillos,nacional,8.5
ADRIAN MAGNUS Adrian Magnus Geneva XSO Green Robusto (10),cigarrillos,nacional,7.5
ADRIAN MAGNUS Adrian Magnus Imperials Robusto (15),cigarrillos,nacional,13
ADRIAN MAGNUS Adrian Magnus Imperials Robusto (20),cigarrillos,nacional,13
ADRIAN MAGNUS Adrian Magnus Imperials Robusto (3),otros,nacional,13
ADRIAN MAGNUS Adrian Magnus Imperials Wide Churchill (20),cigarrillos,nacional,15
ADRIAN MAGNUS Adrian Magnus Leyenda Toro (10),cigarrillos,nacional,32
ADRIAN MAGNUS Adrian Magnus Millennium Gran Toro (20),cigarrillos,nacional,12.5
ADRIAN MAGNUS Adrian Magnus Millennium Robustos (15),cigarrillos,nacional,9.95
ADRIAN MAGNUS Adrian Magnus Millennium Robustos (20),cigarrillos,nacional,9.95
ADRIAN MAGNUS Adrian Magnus Millennium Robustos (3),otros,nacional,9.95
ADRIAN MAGNUS Adrian Magnus Royal Toro (15),cigarrillos,nacional,29.5
ADRIAN MAGNUS Adrian Magnus Royal Toro (3),otros,nacional,29.5
ADRIAN MAGNUS Adrian Magnus Royal Toro E. L. (24),cigarrillos,nacional,29.5
ADRIAN MAGNUS Adrian Magnus Supremos Robustos (20),cigarrillos,nacional,12
ADRIAN MAGNUS Adrian Magnus Supremos Toro (15),cigarrillos,nacional,13
ADRIAN MAGNUS Adrian Magnus Supremos Toro (20),cigarrillos,nacional,13
ADRIAN MAGNUS Adrian Magnus Supremos Toro (3),otros,nacional,13
ADRIAN MAGNUS Adrian Magnus XO Cognac Toro (15),cigarrillos,nacional,24.5
ADRIAN MAGNUS Adrian Magnus XO Cognac Toro (24),cigarrillos,nacional,24.5
ADRIAN MAGNUS Adrian Magnus XO Cognac Toro (3),otros,nacional,24.5
Afendi Amorita (200 g),tabaco-liar,nacional,17.6
Afendi Amorita (50 g),tabaco-liar,nacional,4.85
Afendi Amorita (950 g),tabaco-liar,nacional,75
Afendi Applionnaire (200 g),tabaco-liar,nacional,17.6
Afendi Applionnaire (50 g),tabaco-liar,nacional,4.85
Afendi Applionnaire (950 g),tabaco-liar,nacional,75
Afendi Bae (200 g),tabaco-liar,nacional,17.6
Afendi Bae (50 g),tabaco-liar,nacional,4.85
Afendi Bae (950 g),tabaco-liar,nacional,75
Afendi Bloo Ghost (200 g),tabaco-liar,nacional,17.6
Afendi Bloo Ghost (50 g),tabaco-liar,nacional,4.85
Afendi Bloo Ghost (950 g),tabaco-liar,nacional,75
Afendi Habibty (200 g),tabaco-liar,nacional,17.6
Afendi Habibty (50 g),tabaco-liar,nacional,4.85
Afendi Habibty (950 g),tabaco-liar,nacional,75
Afendi Hermosa (200 g),tabaco-liar,nacional,17.6
Afendi Hermosa (50 g),tabaco-liar,nacional,4.85
Afendi Hermosa (950 g),tabaco-liar,nacional,75
Afendi Lover Boy (200 g),tabaco-liar,nacional,17.6
Afendi Lover Boy (50 g),tabaco-liar,nacional,4.85
Afendi Lover Boy (950 g),tabaco-liar,nacional,75
Afendi Marrakesh Breeze (200 g),tabaco-liar,nacional,17.6
Afendi Marrakesh Breeze (50 g),tabaco-liar,nacional,4.85
Afendi Marrakesh Breeze (950 g),tabaco-liar,nacional,75
Afendi Sicilian Breeze (200 g),tabaco-liar,nacional,17.6
Afendi Sicilian Breeze (50 g),tabaco-liar,nacional,4.85
Afendi Sicilian Breeze (950 g),tabaco-liar,nacional,75
Afendi Sinful (200 g),tabaco-liar,nacional,17.6
Afendi Sinful (50 g),tabaco-liar,nacional,4.85
Afendi Sinful (950 g),tabaco-liar,nacional,75
Afendi Tango Splash (200 g),tabaco-liar,nacional,17.6
Afendi Tango Splash (50 g),tabaco-liar,nacional,4.85
Afendi Tango Splash (950 g),tabaco-liar,nacional,75
Afendi The Hilands (200 g),tabaco-liar,nacional,17.6
Afendi The Hilands (50 g),tabaco-liar,nacional,4.85
Afendi The Hilands (950 g),tabaco-liar,nacional,75
Afendi Tuscany Breeze (200 g),tabaco-liar,nacional,17.6
Afendi Tuscany Breeze (50 g),tabaco-liar,nacional,4.85
Afendi Tuscany Breeze (950 g),tabaco-liar,nacional,75
Afzal Hookah Tobacco 1001 Nights (200 g),tabaco-liar,nacional,13.9
Afzal Hookah Tobacco Bombay Nights (200 g),tabaco-liar,nacional,13.9
Afzal Hookah Tobacco Ecstasy (200 g),tabaco-liar,nacional,13.9
Afzal Hookah Tobacco ICY LT (200 g),tabaco-liar,nacional,13.9
Afzal Hookah Tobacco Tropical Explosion (200 g),tabaco-liar,nacional,13.9
Afzal Hookah Tobacco White Beach (200 g),tabaco-liar,nacional,13.9
AGING ROOM Aging Room Quattro Nicaragua Espressivo (20),cigarrillos,nacional,13
AGING ROOM Aging Room Quattro Nicaragua Maestro (20),cigarrillos,nacional,14
AGIO Arome (20),cigarrillos,nacional,0.25
AGIO Delight (20),cigarrillos,nacional,0.25
AGIO Mehari's Brasil (El Envase de 20),otros,nacional,6.3
AGIO Mehari's Brasil (El Envase de 20) CM,otros,nacional,5.9
AGIO Mehari's Ecuador (El Envase de 20),otros,nacional,7.3
AGIO Mehari's Ecuador (El Envase de 20) CM,otros,nacional,6.9
AGIO Mehari's Java (El Envase de 20),otros,nacional,7.3
AGIO Mehari's Java (El Envase de 20) CM,otros,nacional,6.9
AGIO Mehari's Red Orient (El Envase de 20),otros,nacional,7.3
AGIO Mehari's Red Orient (El Envase de 20) CM,otros,nacional,6.9
AGIO Mehari's Red Orient Filter (El Envase de 20),otros,nacional,6.3
AGIO Mehari's Sweet Orient Aroma Filter (El envase de 5),otros,nacional,1.5
AGIO Mini Mehari's Ecuador (El Envase de 20),otros,nacional,6.3
AGIO Mini Mehari's Java (El Envase de 20),otros,nacional,6.3
AGIO Mini Mehari's Red Orient (El Envase de 20),otros,nacional,4.7
AHOREN Medio Nuncio,otros,nacional,2.5
AHOREN Nº 2,otros,nacional,2.5
AHOREN Nuncio,otros,nacional,3
AHOREN Robusto,otros,nacional,3
AJ. FERNANDEZ AJ. Fernandez 20th Anniversary Ed. Limit. Belicoso Humidor C (50),cigarrillos,nacional,35
AJ. FERNANDEZ AJ. Fernandez 20th Anniversary Ed. Limit. Toro C (20),cigarrillos,nacional,30
AJ. FERNANDEZ AJ. Fernandez Enclave Figurado Habano 6 1/2 x 52 (20),cigarrillos,nacional,9.95
AJ. FERNANDEZ Blend 15 Robusto 5 X 50 M (15),cigarrillos,nacional,4.95
AJ. FERNANDEZ New World Oscuro Petit Corona 4x36 Latas M (30),cigarrillos,nacional,4.95
AJ. FERNANDEZ Viva la Vida Robusto 5x54 (20),cigarrillos,nacional,14
AJ.FERNANDEZ Aj. Fernandez Bellas Artes Maduro Toro 6X54 C (20),cigarrillos,nacional,14.95
AJ.FERNANDEZ AJ. Fernandez Dias de Gloria Brazil Figurado C (20),cigarrillos,nacional,15.95
AJ.FERNANDEZ AJ. Fernandez Dias de Gloria Brazil Robusto C (20),cigarrillos,nacional,14.95
AJ.FERNANDEZ Aj. Fernandez New World Cameroon Selection Gordo C (20),cigarrillos,nacional,9.95
AJ.FERNANDEZ Aj. Fernandez New World Connecticut Robusto 5X50  C (20),cigarrillos,nacional,7.3
AJ.FERNANDEZ Aj. Fernandez New World Oscuro Virrey Gordo 6 X 58 C (21),cigarrillos,nacional,9.95
AJ.FERNANDEZ Aj. Fernandez San Lotano Maduro Robusto 5X52 C (20),cigarrillos,nacional,9.95
AJ.FERNANDEZ Aj. Fernandez San Lotano The Bull Robustos 5X54 C (20),cigarrillos,nacional,12.5
AJ.FERNANDEZ Aj. Fernandez San Lotano The Bull Toros 6X54 C (20),cigarrillos,nacional,12.95
AJ.FERNANDEZ Aj.Fernandez Bellas Artes Habano Robusto C (20),cigarrillos,nacional,14.5
AJ.FERNANDEZ AJ.Fernandez Dias de Gloria Brazil Toro 6 1/2 x 54 C(20),cigarrillos,nacional,16.95
AJ.FERNANDEZ Aj.Fernandez Dias de Gloria Gordos 6 x 58  C (20),cigarrillos,nacional,13.75
AJ.FERNANDEZ AJ.Fernandez Dias de Gloria Short Churchill (20),cigarrillos,nacional,13.95
AJ.FERNANDEZ Aj.Fernandez Enclave Connecticut Robusto (20),cigarrillos,nacional,8
AJ.FERNANDEZ Aj.Fernandez Enclave Connecticut Toro (20),cigarrillos,nacional,8.95
AJ.FERNANDEZ AJ.Fernandez New World Cameroon Churchill 7 x 48 C(20),cigarrillos,nacional,11.95
AJ.FERNANDEZ AJ.Fernandez New World Decenio Gordo C(20),cigarrillos,nacional,19.95
AJ.FERNANDEZ AJ.Fernandez New World Decenio Robusto C(20),cigarrillos,nacional,18.95
AJ.FERNANDEZ AJ.Fernandez New World Decenio Toro C(20),cigarrillos,nacional,19.95
AJ.FERNANDEZ Aj.Fernandez New World Dorado Figurados 6x56 C10 (10),cigarrillos,nacional,18.95
AJ.FERNANDEZ Aj.Fernandez New World Dorado Robustos 5 1/2x52 C10 (10),cigarrillos,nacional,18.5
AJ.FERNANDEZ Aj.Fernandez New World Sampler M (El envase de 5),otros,nacional,50
AJ.FERNANDEZ Aj.Fernandez Sampler Toro C5 (El envase de 5),otros,nacional,55
AJ.FERNANDEZ Aj.Fernandez San Lotano Oval Pyramid 6 1/2 x 54 C (20),cigarrillos,nacional,12.95
AJ.FERNANDEZ Aj.Fernandez San Lotano Oval Robusto 5 x 50 C (20),cigarrillos,nacional,11.95
AJ.FERNANDEZ AJ.Fernandez San Lotano Requiem Gran Toro 6X60 C(20),cigarrillos,nacional,12.95
AJ.FERNANDEZ Bellas Artes Maduro Lancero (10),cigarrillos,nacional,14.75
AJ.FERNANDEZ Bellas Artes Maduro Robusto (20),cigarrillos,nacional,14.6
AJ.FERNANDEZ Blend 15 Short Robusto 3 1/2 X 50 M (15),cigarrillos,nacional,4.75
AJ.FERNANDEZ Blend 15 Toro 6 X 50 M (15),cigarrillos,nacional,5.3
AJ.FERNANDEZ Dias de Gloria Robustos (20),cigarrillos,nacional,13.5
AJ.FERNANDEZ Enclave Robusto Habano 5 x 52 (20),cigarrillos,nacional,8.95
AJ.FERNANDEZ New World Cameroon Selection Doble Robusto (20),cigarrillos,nacional,8.95
AJ.FERNANDEZ New World Mex Ros Navegantes 25 1/2 x 55 (21),cigarrillos,nacional,8.95
AJ.FERNANDEZ New World Puro Especial (20),puros,nacional,10.95
AJ.FERNANDEZ Nicarao Furia Megaera 5 1/2 X 54 C (10),cigarrillos,nacional,15.95
AJ.FERNANDEZ Nicarao La Preferida Robusto 5 X 52 M (10),cigarrillos,nacional,12.85
AJ.FERNANDEZ San Lotano Habano Robusto 5 x 54 (20),cigarrillos,nacional,9.5
Ajja 17 Extra Blonde (40 g),tabaco-liar,nacional,9.9
Al Andalus Fresa (100 g),tabaco-liar,nacional,7.9
Al Andalus Manzana (100 g),tabaco-liar,nacional,7.9
Al Andalus Menta (100 g),tabaco-liar,nacional,7.9
Al Andalus Sandia (100 g),tabaco-liar,nacional,7.9
AL CAPONE Al Capone Duo Filter (4),otros,nacional,0.3
AL CAPONE Al Capone Duo Filter (El envase de 10),otros,nacional,2.7
AL CAPONE Al Capone Pockets Gold (4),otros,nacional,0.3
AL CAPONE Gold (El envase de 10),otros,nacional,2.7
AL CAPONE Pockets (El envase de 10),otros,nacional,1.5
AL CAPONE Pockets Filter (4),otros,nacional,0.3
AL CAPONE Pockets Filter (El envase de 10),otros,nacional,2.7
AL CAPONE Pockets Filter (el envase de 18),otros,nacional,4.7
AL CAPONE Pockets Rich Aroma (El envase de 3),otros,nacional,0.6
AL CAPONE Pockets Sun Blend (El envase de 10),otros,nacional,2.7
AL CAPONE Pockets Sun Blend (el envase de 18),otros,nacional,4.7
AL CAPONE Sun Blend (4),otros,nacional,0.3
AL CAPONE Sweets Filter (El envase de 10),otros,nacional,2.9
Al Capone Wrap Original,otros,nacional,1.5
Al Capone Wrap Red,otros,nacional,1.5
Al Capone Wrap Sun,otros,nacional,1.5
Al Fakher Amber Rise (100 g),tabaco-liar,nacional,9.95
Al Fakher Amber Rise (100 g) CM,tabaco-liar,nacional,6.5
Al Fakher Big Blue (200 g),tabaco-liar,nacional,17.5
Al Fakher Big Blue (250 g),tabaco-liar,nacional,19.95
Al Fakher Big Blue (50 g),tabaco-liar,nacional,4.7
Al Fakher Big Blue Green (50 g),tabaco-liar,nacional,4.7
Al Fakher Big Coral (200 g),tabaco-liar,nacional,17.5
Al Fakher Big Coral (50 g),tabaco-liar,nacional,4.7
Al Fakher Big Green (1000 g),tabaco-liar,nacional,73.95
Al Fakher Big Green (1000 g) CM,tabaco-liar,nacional,38
Al Fakher Big Green (200 g),tabaco-liar,nacional,17.5
Al Fakher Big Green (250 g),tabaco-liar,nacional,19.95
Al Fakher Big Green (250 g) CM,tabaco-liar,nacional,12
Al Fakher Big Green (50 g),tabaco-liar,nacional,4.7
Al Fakher Big Green (50 g) CM,tabaco-liar,nacional,2.5
Al Fakher Big Green (5000 g),tabaco-liar,nacional,225
Al Fakher Big Green (5000 g) CM,tabaco-liar,nacional,200
Al Fakher Big Green TPD (900 g),tabaco-liar,nacional,69.95
Al Fakher Big Red Splash (200 g),tabaco-liar,nacional,17.5
Al Fakher Big Red Splash (200 g) CM,tabaco-liar,nacional,9.95
Al Fakher Big Red Splash (250 g),tabaco-liar,nacional,19.95
Al Fakher Big Red Splash (50 g),tabaco-liar,nacional,4.7
Al Fakher Big Yellow Green (200 g),tabaco-liar,nacional,17.5
Al Fakher Big Yellow Green (250 g),tabaco-liar,nacional,19.95
Al Fakher Big Yellow Green (50 g),tabaco-liar,nacional,4.7
Al Fakher Black Mist (1000 g),tabaco-liar,nacional,73.95
Al Fakher Black Mist (1000 g) CM,tabaco-liar,nacional,32
Al Fakher Black Mist (250 g),tabaco-liar,nacional,16.9
Al Fakher Black Mist (250 g) CM,tabaco-liar,nacional,9.95
Al Fakher Blueberry (50 g) CM,tabaco-liar,nacional,1.9
Al Fakher Blueberry Mint (50 g) CM,tabaco-liar,nacional,1.9
Al Fakher Brisa Roja (200 g),tabaco-liar,nacional,17.5
Al Fakher Brisa Roja (50 g),tabaco-liar,nacional,4.7
Al Fakher Catwalk Melody (50 g),tabaco-liar,nacional,4.8
Al Fakher Cinnasense (50 g),tabaco-liar,nacional,4.7
Al Fakher Crimson Crush (100 g),tabaco-liar,nacional,8.5
Al Fakher Crimson Crush (100 g) CM,tabaco-liar,nacional,6.5
Al Fakher Dreams Indigo Crescendo (50 g),tabaco-liar,nacional,4.8
Al Fakher Dreams Midnight Daydreams (50 g),tabaco-liar,nacional,4.8
Al Fakher Dreams Sundown Serenade (50 g),tabaco-liar,nacional,4.8
Al Fakher Exotic Escape (50 g),tabaco-liar,nacional,4.8
Al Fakher Forever Fantasy (50 g),tabaco-liar,nacional,4.8
Al Fakher Frost Double Crunch (50 g),tabaco-liar,nacional,4.7
Al Fakher Fusion Lucid Dream (50 g),tabaco-liar,nacional,3.2
Al Fakher Fusion Lucid Dream (50 g) CM,tabaco-liar,nacional,2.3
Al Fakher Fusion Magic Love (250 g) CM,tabaco-liar,nacional,10.5
Al Fakher Fusion Magic Love (50 g) CM,tabaco-liar,nacional,2.3
Al Fakher Goova (50 g),tabaco-liar,nacional,4.7
Al Fakher Grapes (50 g) CM,tabaco-liar,nacional,1.9
Al Fakher Grapes-Mint (50 g) CM,tabaco-liar,nacional,1.9
Al Fakher Grapio (200 g),tabaco-liar,nacional,17.5
Al Fakher Grapio (250 g),tabaco-liar,nacional,19.95
Al Fakher Grapio (50 g),tabaco-liar,nacional,4.7
Al Fakher Grapio Green (200 g),tabaco-liar,nacional,17.5
Al Fakher Grapio Green (250 g),tabaco-liar,nacional,19.95
Al Fakher Grapio Green (50 g),tabaco-liar,nacional,4.7
Al Fakher Grapio Night (200 g),tabaco-liar,nacional,17.5
Al Fakher Grapio Night (250 g),tabaco-liar,nacional,19.95
Al Fakher Grapio Night (250 g) CM,tabaco-liar,nacional,10.5
Al Fakher Grapio Night (50 g),tabaco-liar,nacional,4.7
Al Fakher Green Chu (1000 g),tabaco-liar,nacional,73.95
Al Fakher Green Chu (1000 g) CM,tabaco-liar,nacional,38
Al Fakher Green Chu (200 g),tabaco-liar,nacional,17.5
Al Fakher Green Chu (250 g),tabaco-liar,nacional,19.95
Al Fakher Green Chu (50 g),tabaco-liar,nacional,4.7
Al Fakher Green Chu (50 g) CM,tabaco-liar,nacional,2.2
Al Fakher Green Chu (900 g),tabaco-liar,nacional,69.95
Al Fakher Green Velvet (1000 g),tabaco-liar,nacional,73.95
Al Fakher Green Velvet (1000 g) CM,tabaco-liar,nacional,34
Al Fakher Green Velvet (50 g),tabaco-liar,nacional,4.7
Al Fakher Green Velvet (900 g),tabaco-liar,nacional,69.95
Al Fakher Hello Harmony (50 g),tabaco-liar,nacional,4.8
Al Fakher Ivory Gold (100 g),tabaco-liar,nacional,9.95
Al Fakher Ivory Gold (100 g) CM,tabaco-liar,nacional,6.5
Al Fakher Ivory Gold (200 g),tabaco-liar,nacional,19.95
Al Fakher Japanese Sunrise (50 g),tabaco-liar,nacional,4.7
Al Fakher Magic Love (200 g) CM,tabaco-liar,nacional,9.95
Al Fakher Magic Love (250 g),tabaco-liar,nacional,19.95
Al Fakher Magic Love (50 g),tabaco-liar,nacional,4.7
Al Fakher Magic Love 2.0 (200 g),tabaco-liar,nacional,17.5
Al Fakher Magic Love 2.0 (900 g),tabaco-liar,nacional,69.95
Al Fakher Magic Love Crafted Mixes (200 g),tabaco-liar,nacional,13.5
Al Fakher Magic Love Crafted Mixes (50 g),tabaco-liar,nacional,3.7
Al Fakher Magic Love Crafted Mixes (900 g),tabaco-liar,nacional,55.9
Al Fakher Magic Love Crafted Mixes (900 g) CM,tabaco-liar,nacional,29.95
Al Fakher Majestic Aurora (100 g),tabaco-liar,nacional,8.5
Al Fakher Majestic Aurora (100 g) CM,tabaco-liar,nacional,6.5
Al Fakher Malone (50 g),tabaco-liar,nacional,4.7
Al Fakher Master Edition Flower Pop (200 g),tabaco-liar,nacional,18.5
Al Fakher Master Edition Flower Pop (200 g) CM,tabaco-liar,nacional,7.95
Al Fakher Master Edition Jazzy Summer (200 g),tabaco-liar,nacional,18.5
Al Fakher Master Edition Jazzy Summer (200 g) CM,tabaco-liar,nacional,7.95
Al Fakher Master Edition Summer Mix (200 g),tabaco-liar,nacional,18.5
Al Fakher Master Edition Summer Mix (200 g) CM,tabaco-liar,nacional,7.95
Al Fakher Melon (50 g) CM,tabaco-liar,nacional,1.9
Al Fakher Mint with Cream (50 g) CM,tabaco-liar,nacional,1.9
Al Fakher Nº (-18) (250 g) CM,tabaco-liar,nacional,10.5
Al Fakher Nº (-18) (50 g) CM,tabaco-liar,nacional,2.3
Al Fakher Nº (-25) (50 g) CM,tabaco-liar,nacional,2.3
Al Fakher Nº 18 (50 g),tabaco-liar,nacional,2.9
Al Fakher Nº 18 (50 g) CM,tabaco-liar,nacional,1.9
Al Fakher Nº 19 (250 g) CM,tabaco-liar,nacional,9
Al Fakher Nº 19 (50 g) CM,tabaco-liar,nacional,1.9
Al Fakher Nº 22 (250 g) CM,tabaco-liar,nacional,9
Al Fakher Nº 24 (50 g) CM,tabaco-liar,nacional,1.9
Al Fakher Nº 31 (50 g) CM,tabaco-liar,nacional,1.9
Al Fakher Nº 32 (50 g) CM,tabaco-liar,nacional,1.9
Al Fakher Nº 38 (250 g) CM,tabaco-liar,nacional,9
Al Fakher Nº 66 (50 g) CM,tabaco-liar,nacional,1.9
Al Fakher Nº 7 (250 g) CM,tabaco-liar,nacional,9
Al Fakher Nº 8 (250 g) CM,tabaco-liar,nacional,9
Al Fakher Polar Freeze (100 g),tabaco-liar,nacional,9.95
Al Fakher Polar Freeze (100 g) CM,tabaco-liar,nacional,6.5
Al Fakher Polar Freeze (200 g),tabaco-liar,nacional,19.95
Al Fakher Red Green Smash (50 g),tabaco-liar,nacional,4.7
Al Fakher Red Patch (200 g),tabaco-liar,nacional,17.5
Al Fakher Red Patch (50 g),tabaco-liar,nacional,4.7
Al Fakher Red Smash (50 g),tabaco-liar,nacional,4.7
Al Fakher Runway Rhapsody (50 g),tabaco-liar,nacional,4.8
Al Fakher Showtime Symphony (50 g),tabaco-liar,nacional,4.8
Al Fakher Snowy Fuchsia Green (200 g),tabaco-liar,nacional,17.5
Al Fakher Snowy Fuchsia Green (250 g),tabaco-liar,nacional,19.95
Al Fakher Snowy Fuchsia Green (50 g),tabaco-liar,nacional,4.7
Al Fakher Special Edition Winter Dream (200 g),tabaco-liar,nacional,18.5
Al Fakher Special Edition Winter Glow (200 g),tabaco-liar,nacional,18.5
Al Fakher Strawberry (50 g) CM,tabaco-liar,nacional,1.9
Al Fakher The Double Crunch (1000 g),tabaco-liar,nacional,73.95
Al Fakher The Double Crunch (1000 g) CM,tabaco-liar,nacional,40
Al Fakher The Double Crunch (200 g),tabaco-liar,nacional,17.5
Al Fakher The Double Crunch (250 g),tabaco-liar,nacional,19.95
Al Fakher The Double Crunch (250 g) CM,tabaco-liar,nacional,12
Al Fakher The Double Crunch (50 g),tabaco-liar,nacional,4.7
Al Fakher The Double Crunch (50 g) CM,tabaco-liar,nacional,2.5
Al Fakher The Double Crunch (5000 g),tabaco-liar,nacional,225
Al Fakher The Double Crunch (5000 g) CM,tabaco-liar,nacional,200
Al Fakher The Double Crunch (900 g),tabaco-liar,nacional,69.95
Al Fakher Tropic Treat (50 g),tabaco-liar,nacional,4.8
Al Fakher Twiwi (200 g),tabaco-liar,nacional,17.5
Al Fakher Twiwi (50 g),tabaco-liar,nacional,4.7
Al Fakher Watermelon (50 g) CM,tabaco-liar,nacional,1.9
Al Fakher Watermelon-Mint (50 g) CM,tabaco-liar,nacional,1.9
Al Fakher White Pod (200 g),tabaco-liar,nacional,17.5
Al Fakher White Pods  (50 g),tabaco-liar,nacional,4.7
Al Fakher Wicked Emerald (100 g),tabaco-liar,nacional,8.5
Al Fakher Wicked Emerald (100 g) CM,tabaco-liar,nacional,6.5
Al Fakher Winter Wonder (200 g),tabaco-liar,nacional,18.5
Al Fakher Yellow (200 g),tabaco-liar,nacional,17.5
Al Fakher Yellow (200 g) CM,tabaco-liar,nacional,9.95
Al Fakher Yellow (250 g),tabaco-liar,nacional,19.95
Al Fakher Yellow (250 g) CM,tabaco-liar,nacional,10.5
Al Fakher Yellow (50 g),tabaco-liar,nacional,4.7
Al Fakher Yellow (50 g) CM,tabaco-liar,nacional,1.9
Al Sultan Molasses 2 Apple And Cardamon Flavour (50 g),tabaco-liar,nacional,2.5
Al Sultan Molasses 2 Apple And Cardamon Flavour (50 g) CM,tabaco-liar,nacional,1.3
Al Sultan Molasses 2 Apples (250 g),tabaco-liar,nacional,11.9
Al Sultan Molasses 2 Apples (250 g) CM,tabaco-liar,nacional,6.5
Al Sultan Molasses 2 Apples Flavour  Bote (250 g),tabaco-liar,nacional,12
Al Sultan Molasses 2 Apples Flavour  Bote (250 g) CM,tabaco-liar,nacional,4.5
Al Sultan Molasses 2 Apples Flavour (50 g),tabaco-liar,nacional,2.5
Al Sultan Molasses 2 Apples Flavour (50 g) CM,tabaco-liar,nacional,1.3
Al Sultan Molasses 2 Apples Flavour 1 Kg (1000 g),tabaco-liar,nacional,45
Al Sultan Molasses 2 Apples Flavour 1 Kg (1000 g) CM,tabaco-liar,nacional,25
Al Sultan Molasses 5 Apples (250 g),tabaco-liar,nacional,11.9
Al Sultan Molasses 5 Apples (250 g) CM,tabaco-liar,nacional,6.5
Al Sultan Molasses 5 Apples Flavour (50 g),tabaco-liar,nacional,2.5
Al Sultan Molasses 5 Apples Flavour (50 g) CM,tabaco-liar,nacional,1.3
Al Sultan Molasses 5 Apples Flavour 1 Kg (1000 g),tabaco-liar,nacional,45
Al Sultan Molasses 5 Apples Flavour 1 Kg (1000 g) CM,tabaco-liar,nacional,25
Al Sultan Molasses 5 Apples Flavour Bote (250 g),tabaco-liar,nacional,12
Al Sultan Molasses 5 Apples Flavour Bote (250 g) CM,tabaco-liar,nacional,4.5
Al Sultan Molasses Banana and Milk Flavour (250 g),tabaco-liar,nacional,11.9
Al Sultan Molasses Banana and Milk Flavour (250 g) CM,tabaco-liar,nacional,6.5
Al Sultan Molasses Banana and Milk Flavour (50 g),tabaco-liar,nacional,2.5
Al Sultan Molasses Banana and Milk Flavour (50 g) CM,tabaco-liar,nacional,1.3
Al Sultan Molasses Banana and Milk Flavour Bote (250 g),tabaco-liar,nacional,12
Al Sultan Molasses Banana and Milk Flavour Bote (250 g) CM,tabaco-liar,nacional,4.5
Al Sultan Molasses Berry Land Flavour (50 g),tabaco-liar,nacional,2.5
Al Sultan Molasses Best Mist Flavour (50 g),tabaco-liar,nacional,2.5
Al Sultan Molasses Black Grape Flavour Bote (250 g),tabaco-liar,nacional,12
Al Sultan Molasses Black Grape Flavour Bote (250 g) CM,tabaco-liar,nacional,4.5
Al Sultan Molasses Blackberry Flavour (50 g),tabaco-liar,nacional,2.5
Al Sultan Molasses Blackberry Flavour (50 g) CM,tabaco-liar,nacional,1.3
Al Sultan Molasses Blue Berry Flavour (50 g),tabaco-liar,nacional,2.5
Al Sultan Molasses Bounty Beach Flavour (50 g),tabaco-liar,nacional,2.5
Al Sultan Molasses Candy Mix Flavour (50 g),tabaco-liar,nacional,2.5
Al Sultan Molasses Cappuccino (250 g),tabaco-liar,nacional,11.9
Al Sultan Molasses Cappuccino (250 g) CM,tabaco-liar,nacional,6.5
Al Sultan Molasses Cappuccino Flavour (50 g),tabaco-liar,nacional,2.5
Al Sultan Molasses Cappuccino Flavour (50 g) CM,tabaco-liar,nacional,1.3
Al Sultan Molasses Cappuccino Flavour Bote (250 g),tabaco-liar,nacional,12
Al Sultan Molasses Cappuccino Flavour Bote (250 g) CM,tabaco-liar,nacional,4.5
Al Sultan Molasses Cherry & Banana Flavour (50 g),tabaco-liar,nacional,2.5
Al Sultan Molasses Cherry (250 g),tabaco-liar,nacional,11.9
Al Sultan Molasses Cherry (250 g) CM,tabaco-liar,nacional,6.5
Al Sultan Molasses Cherry Berry Flavour (50 g),tabaco-liar,nacional,2.5
Al Sultan Molasses Cherry Flavour Bote (250 g),tabaco-liar,nacional,12
Al Sultan Molasses Cherry Flavour Bote (250 g) CM,tabaco-liar,nacional,4.5
Al Sultan Molasses Chocolate (250 g),tabaco-liar,nacional,11.9
Al Sultan Molasses Chocolate (250 g) CM,tabaco-liar,nacional,6.5
Al Sultan Molasses Chocolate Flavour (50 g),tabaco-liar,nacional,2.5
Al Sultan Molasses Chocolate Flavour (50 g) CM,tabaco-liar,nacional,1.3
Al Sultan Molasses Chocolate Flavour Bote (250 g),tabaco-liar,nacional,12
Al Sultan Molasses Chocolate Flavour Bote (250 g) CM,tabaco-liar,nacional,4.5
Al Sultan Molasses Cocktail (250 g),tabaco-liar,nacional,11.9
Al Sultan Molasses Cocktail (250 g) CM,tabaco-liar,nacional,6.5
Al Sultan Molasses Cocktail Flavour (50 g),tabaco-liar,nacional,2.5
Al Sultan Molasses Cocktail Flavour (50 g) CM,tabaco-liar,nacional,1.3
Al Sultan Molasses Cocktail Flavour Bote (250 g),tabaco-liar,nacional,12
Al Sultan Molasses Cocktail Flavour Bote (250 g) CM,tabaco-liar,nacional,4.5
Al Sultan Molasses Cola (250 g),tabaco-liar,nacional,11.9
Al Sultan Molasses Cola (250 g) CM,tabaco-liar,nacional,6.5
Al Sultan Molasses Cola Flavour (50 g),tabaco-liar,nacional,2.5
Al Sultan Molasses Cola Flavour (50 g) CM,tabaco-liar,nacional,1.3
Al Sultan Molasses Cola Flavour 1 Kg (1000 g),tabaco-liar,nacional,45
Al Sultan Molasses Cola Flavour 1 Kg (1000 g) CM,tabaco-liar,nacional,25
Al Sultan Molasses Cola Flavour Bote (250 g),tabaco-liar,nacional,12
Al Sultan Molasses Cola Flavour Bote (250 g) CM,tabaco-liar,nacional,4.5
Al Sultan Molasses Energy Drink Flavour (50 g),tabaco-liar,nacional,2.5
Al Sultan Molasses Energy Drink Flavour (50 g) CM,tabaco-liar,nacional,1.3
Al Sultan Molasses Fig Flavour (50 g),tabaco-liar,nacional,2.5
Al Sultan Molasses Grape (250 g),tabaco-liar,nacional,11.9
Al Sultan Molasses Grape (250 g) CM,tabaco-liar,nacional,6.5
Al Sultan Molasses Grape and Mint Flavour (50 g),tabaco-liar,nacional,2.5
Al Sultan Molasses Grape and Mint Flavour (50 g) CM,tabaco-liar,nacional,1.3
Al Sultan Molasses Grape Berry Flavour (50 g),tabaco-liar,nacional,2.5
Al Sultan Molasses Grape Flavour (50 g),tabaco-liar,nacional,2.5
Al Sultan Molasses Grape Flavour (50 g) CM,tabaco-liar,nacional,1.3
Al Sultan Molasses Grape Flavour 1 Kg (1000 g),tabaco-liar,nacional,45
Al Sultan Molasses Grape Flavour 1 Kg (1000 g) CM,tabaco-liar,nacional,25
Al Sultan Molasses Grape Flavour Bote (250 g),tabaco-liar,nacional,12
Al Sultan Molasses Grape Flavour Bote (250 g) CM,tabaco-liar,nacional,4.5
Al Sultan Molasses Green Apple Flavour (50 g),tabaco-liar,nacional,2.5
Al Sultan Molasses Green Apple Flavour (50 g) CM,tabaco-liar,nacional,1.3
Al Sultan Molasses Grenadine Flavour (50 g),tabaco-liar,nacional,2.5
Al Sultan Molasses Gum And Mint Flavour (50 g),tabaco-liar,nacional,2.5
Al Sultan Molasses Gum And Mint Flavour (50 g) CM,tabaco-liar,nacional,1.5
Al Sultan Molasses Gum Flavour (250 g),tabaco-liar,nacional,11.9
Al Sultan Molasses Gum Flavour (250 g) CM,tabaco-liar,nacional,6.5
Al Sultan Molasses Gum Flavour (50 g),tabaco-liar,nacional,2.5
Al Sultan Molasses Gum Flavour (50 g) CM,tabaco-liar,nacional,1.5
Al Sultan Molasses Gum Flavour Bote (250 g),tabaco-liar,nacional,12
Al Sultan Molasses Gum Flavour Bote (250 g) CM,tabaco-liar,nacional,4.5
Al Sultan Molasses Gum&Mint Flavour 1 Kg (1000 g),tabaco-liar,nacional,45
Al Sultan Molasses Gum&Mint Flavour 1 Kg (1000 g) CM,tabaco-liar,nacional,25
Al Sultan Molasses Honey (250 g),tabaco-liar,nacional,11.9
Al Sultan Molasses Honey (250 g) CM,tabaco-liar,nacional,6.5
Al Sultan Molasses Honey Flavour Bote (250 g),tabaco-liar,nacional,12
Al Sultan Molasses Honey Flavour Bote (250 g) CM,tabaco-liar,nacional,4.5
Al Sultan Molasses Ice Apple Flavour (50 g),tabaco-liar,nacional,2.5
Al Sultan Molasses Ice Bonbon (50 g),tabaco-liar,nacional,2.5
Al Sultan Molasses Ice Cantaloupe Flavour (50 g),tabaco-liar,nacional,2.5
Al Sultan Molasses Ice Cherry Flavour (50 g),tabaco-liar,nacional,2.5
Al Sultan Molasses Ice Double Apple (50 g),tabaco-liar,nacional,2.5
Al Sultan Molasses Ice Gum Whith Mint (50 g),tabaco-liar,nacional,2.5
Al Sultan Molasses Ice Kaki Flavour (50 g),tabaco-liar,nacional,2.5
Al Sultan Molasses Ice Lemon (50 g),tabaco-liar,nacional,2.5
Al Sultan Molasses Ice lemon Whith Mint (50 g),tabaco-liar,nacional,2.5
Al Sultan Molasses Ice Lychee Flavour (50 g),tabaco-liar,nacional,2.5
Al Sultan Molasses Ice Orange Cream (50 g),tabaco-liar,nacional,2.5
Al Sultan Molasses Ice Orange Flavour (50 g),tabaco-liar,nacional,2.5
Al Sultan Molasses Ice Peach Cream (50 g),tabaco-liar,nacional,2.5
Al Sultan Molasses Ice Tea (50 g),tabaco-liar,nacional,2.5
Al Sultan Molasses Kiwi Flavour (250 g),tabaco-liar,nacional,11.9
Al Sultan Molasses Kiwi Flavour (250 g) CM,tabaco-liar,nacional,6.5
Al Sultan Molasses Kiwi Flavour (50 g),tabaco-liar,nacional,2.5
Al Sultan Molasses Kiwi Flavour (50 g) CM,tabaco-liar,nacional,1.3
Al Sultan Molasses Kiwi Flavour Bote (250 g),tabaco-liar,nacional,12
Al Sultan Molasses Kiwi Flavour Bote (250 g) CM,tabaco-liar,nacional,4.5
Al Sultan Molasses Lemon & Mint Flavour (50 g),tabaco-liar,nacional,2.5
Al Sultan Molasses Lemon Flavour (250 g),tabaco-liar,nacional,11.9
Al Sultan Molasses Lemon Flavour (250 g) CM,tabaco-liar,nacional,6.5
Al Sultan Molasses Lemon Flavour (50 g),tabaco-liar,nacional,2.5
Al Sultan Molasses Lemon Flavour (50 g) CM,tabaco-liar,nacional,1.3
Al Sultan Molasses Lemon Flavour 1 Kg (1000 g),tabaco-liar,nacional,45
Al Sultan Molasses Lemon Flavour 1 Kg (1000 g) CM,tabaco-liar,nacional,25
Al Sultan Molasses Lemon Flavour Bote (250 g),tabaco-liar,nacional,12
Al Sultan Molasses Lemon Flavour Bote (250 g) CM,tabaco-liar,nacional,4.5
Al Sultan Molasses Licorice Flavour (250 g),tabaco-liar,nacional,11.9
Al Sultan Molasses Licorice Flavour (250 g) CM,tabaco-liar,nacional,6.5
Al Sultan Molasses Licorice Flavour (50 g),tabaco-liar,nacional,2.5
Al Sultan Molasses Licorice Flavour (50 g) CM,tabaco-liar,nacional,1.3
Al Sultan Molasses Licorice Flavour Bote (250 g),tabaco-liar,nacional,12
Al Sultan Molasses Licorice Flavour Bote (250 g) CM,tabaco-liar,nacional,4.5
Al Sultan Molasses Mango Flavour (250 g),tabaco-liar,nacional,11.9
Al Sultan Molasses Mango Flavour (250 g) CM,tabaco-liar,nacional,6.5
Al Sultan Molasses Mango Flavour Bote (250 g),tabaco-liar,nacional,12
Al Sultan Molasses Mango Flavour Bote (250 g) CM,tabaco-liar,nacional,4.5
Al Sultan Molasses Mastic Flavour (50 g),tabaco-liar,nacional,2.5
Al Sultan Molasses Melon (250 g),tabaco-liar,nacional,11.9
Al Sultan Molasses Melon (250 g) CM,tabaco-liar,nacional,6.5
Al Sultan Molasses Melon Flavour (50 g),tabaco-liar,nacional,2.5
Al Sultan Molasses Melon Flavour (50 g) CM,tabaco-liar,nacional,1.3
Al Sultan Molasses Melon Flavour Bote (250 g),tabaco-liar,nacional,12
Al Sultan Molasses Melon Flavour Bote (250 g) CM,tabaco-liar,nacional,4.5
Al Sultan Molasses Mint (250 g),tabaco-liar,nacional,11.9
Al Sultan Molasses Mint (250 g) CM,tabaco-liar,nacional,6.5
Al Sultan Molasses Mint Flavour (50 g),tabaco-liar,nacional,2.5
Al Sultan Molasses Mint Flavour (50 g) CM,tabaco-liar,nacional,1.5
Al Sultan Molasses Mint Flavour 1 Kg (1000 g),tabaco-liar,nacional,45
Al Sultan Molasses Mint Flavour 1 Kg (1000 g) CM,tabaco-liar,nacional,25
Al Sultan Molasses Mint Flavour Bote (250 g),tabaco-liar,nacional,12
Al Sultan Molasses Mint Flavour Bote (250 g) CM,tabaco-liar,nacional,4.5
Al Sultan Molasses Nº 1 (50 g),tabaco-liar,nacional,2.9
Al Sultan Molasses Nº 1 (50 g) CM,tabaco-liar,nacional,1.3
Al Sultan Molasses Nº 10 (50 g),tabaco-liar,nacional,2.9
Al Sultan Molasses Nº 10 (50 g) CM,tabaco-liar,nacional,1.3
Al Sultan Molasses Nº 12 (50 g),tabaco-liar,nacional,2.9
Al Sultan Molasses Nº 12 (50 g) CM,tabaco-liar,nacional,1.3
Al Sultan Molasses Nº 14 (50 g),tabaco-liar,nacional,2.9
Al Sultan Molasses Nº 14 (50 g) CM,tabaco-liar,nacional,1.3
Al Sultan Molasses Nº 15 (50 g),tabaco-liar,nacional,2.9
Al Sultan Molasses Nº 15 (50 g) CM,tabaco-liar,nacional,1.3
Al Sultan Molasses Nº 19 (50 g),tabaco-liar,nacional,2.9
Al Sultan Molasses Nº 19 (50 g) CM,tabaco-liar,nacional,1.3
Al Sultan Molasses Nº 22 (50 g),tabaco-liar,nacional,2.9
Al Sultan Molasses Nº 22 (50 g) CM,tabaco-liar,nacional,1.3
Al Sultan Molasses Nº 24 (50 g),tabaco-liar,nacional,2.9
Al Sultan Molasses Nº 24 (50 g) CM,tabaco-liar,nacional,1.3
Al Sultan Molasses Nº 27 (50 g),tabaco-liar,nacional,2.9
Al Sultan Molasses Nº 27 (50 g) CM,tabaco-liar,nacional,1.3
Al Sultan Molasses Nº 3 (50 g),tabaco-liar,nacional,2.9
Al Sultan Molasses Nº 3 (50 g) CM,tabaco-liar,nacional,1.3
Al Sultan Molasses Nº 32 (50 g),tabaco-liar,nacional,2.9
Al Sultan Molasses Nº 32 (50 g) CM,tabaco-liar,nacional,1.3
Al Sultan Molasses Nº 34 (50 g),tabaco-liar,nacional,2.9
Al Sultan Molasses Nº 34 (50 g) CM,tabaco-liar,nacional,1.3
Al Sultan Molasses Nº 37 (50 g),tabaco-liar,nacional,2.9
Al Sultan Molasses Nº 37 (50 g) CM,tabaco-liar,nacional,1.3
Al Sultan Molasses Nº 41 (50 g),tabaco-liar,nacional,2.9
Al Sultan Molasses Nº 41 (50 g) CM,tabaco-liar,nacional,1.3
Al Sultan Molasses Nº 43 (50 g),tabaco-liar,nacional,2.9
Al Sultan Molasses Nº 43 (50 g) CM,tabaco-liar,nacional,1.3
Al Sultan Molasses Nº 45 (50 g),tabaco-liar,nacional,2.9
Al Sultan Molasses Nº 45 (50 g) CM,tabaco-liar,nacional,1.3
Al Sultan Molasses Nº 46 (50 g),tabaco-liar,nacional,2.9
Al Sultan Molasses Nº 46 (50 g) CM,tabaco-liar,nacional,1.3
Al Sultan Molasses Nº 49 (50 g),tabaco-liar,nacional,2.9
Al Sultan Molasses Nº 49 (50 g) CM,tabaco-liar,nacional,1.3
Al Sultan Molasses Nº 52 (50 g),tabaco-liar,nacional,2.9
Al Sultan Molasses Nº 52 (50 g) CM,tabaco-liar,nacional,1.3
Al Sultan Molasses Nº 53 (50 g),tabaco-liar,nacional,2.9
Al Sultan Molasses Nº 53 (50 g) CM,tabaco-liar,nacional,1.3
Al Sultan Molasses Nº 55 (50 g),tabaco-liar,nacional,2.9
Al Sultan Molasses Nº 55 (50 g) CM,tabaco-liar,nacional,1.3
Al Sultan Molasses Nº 56 (50 g),tabaco-liar,nacional,2.9
Al Sultan Molasses Nº 56 (50 g) CM,tabaco-liar,nacional,1.3
Al Sultan Molasses Nº 57 (250g),tabaco-liar,nacional,9
Al Sultan Molasses Nº 57 (250g) CM,tabaco-liar,nacional,8
Al Sultan Molasses Nº 57 (50 g),tabaco-liar,nacional,2.9
Al Sultan Molasses Nº 57 (50 g) CM,tabaco-liar,nacional,1.3
Al Sultan Molasses Nº 59 (50 g),tabaco-liar,nacional,2.9
Al Sultan Molasses Nº 59 (50 g) CM,tabaco-liar,nacional,1.3
Al Sultan Molasses Nº 6 (50 g),tabaco-liar,nacional,2.9
Al Sultan Molasses Nº 6 (50 g) CM,tabaco-liar,nacional,1.3
Al Sultan Molasses Nº 61 (50 g),tabaco-liar,nacional,2.9
Al Sultan Molasses Nº 61 (50 g) CM,tabaco-liar,nacional,1.3
Al Sultan Molasses Nº 63 (50 g),tabaco-liar,nacional,2.9
Al Sultan Molasses Nº 63 (50 g) CM,tabaco-liar,nacional,1.3
Al Sultan Molasses Nº 66 (50 g),tabaco-liar,nacional,2.9
Al Sultan Molasses Nº 66 (50 g) CM,tabaco-liar,nacional,1.3
Al Sultan Molasses Nº 67 (50 g),tabaco-liar,nacional,2.9
Al Sultan Molasses Nº 67 (50 g) CM,tabaco-liar,nacional,1.3
Al Sultan Molasses Nº 70 (50 g),tabaco-liar,nacional,2.9
Al Sultan Molasses Nº 70 (50 g) CM,tabaco-liar,nacional,1.3
Al Sultan Molasses Nº 71 (50 g),tabaco-liar,nacional,2.9
Al Sultan Molasses Nº 71 (50 g) CM,tabaco-liar,nacional,1.3
Al Sultan Molasses Nº 76 (50 g),tabaco-liar,nacional,2.9
Al Sultan Molasses Nº 76 (50 g) CM,tabaco-liar,nacional,1.3
Al Sultan Molasses Nº 78 (50 g),tabaco-liar,nacional,2.9
Al Sultan Molasses Nº 78 (50 g) CM,tabaco-liar,nacional,1.3
Al Sultan Molasses Nº 8 (50 g),tabaco-liar,nacional,2.9
Al Sultan Molasses Nº 8 (50 g) CM,tabaco-liar,nacional,1.3
Al Sultan Molasses Nº 81 (50 g),tabaco-liar,nacional,2.9
Al Sultan Molasses Nº 81 (50 g) CM,tabaco-liar,nacional,1.3
Al Sultan Molasses Nº 83 (50 g),tabaco-liar,nacional,2.9
Al Sultan Molasses Nº 83 (50 g) CM,tabaco-liar,nacional,1.3
Al Sultan Molasses Nº 84 (50 g),tabaco-liar,nacional,2.9
Al Sultan Molasses Nº 84 (50 g) CM,tabaco-liar,nacional,1.3
Al Sultan Molasses Orange (250 g),tabaco-liar,nacional,11.9
Al Sultan Molasses Orange (250 g) CM,tabaco-liar,nacional,6.5
Al Sultan Molasses Orange Cream (50 g),tabaco-liar,nacional,2.5
Al Sultan Molasses Orange Flavour (50 g),tabaco-liar,nacional,2.5
Al Sultan Molasses Orange Flavour (50 g)  CM,tabaco-liar,nacional,1.3
Al Sultan Molasses Orange Flavour Bote (250 g),tabaco-liar,nacional,12
Al Sultan Molasses Orange Flavour Bote (250 g)  CM,tabaco-liar,nacional,4.5
Al Sultan Molasses Papaya Flavour (50 g),tabaco-liar,nacional,2.5
Al Sultan Molasses Passion Flavour (250 g),tabaco-liar,nacional,11.9
Al Sultan Molasses Passion Flavour (250 g) CM,tabaco-liar,nacional,6.5
Al Sultan Molasses Passión Flavour (50 g),tabaco-liar,nacional,2.5
Al Sultan Molasses Passión Flavour (50 g) CM,tabaco-liar,nacional,1.3
Al Sultan Molasses Passión Flavour Bote (250 g),tabaco-liar,nacional,12
Al Sultan Molasses Passión Flavour Bote (250 g) CM,tabaco-liar,nacional,4.5
Al Sultan Molasses Peach (250 g),tabaco-liar,nacional,11.9
Al Sultan Molasses Peach (250 g) CM,tabaco-liar,nacional,6.5
Al Sultan Molasses Peach Cream (50 g),tabaco-liar,nacional,2.5
Al Sultan Molasses Peach Flavour  Bote (250 g),tabaco-liar,nacional,12
Al Sultan Molasses Peach Flavour  Bote (250 g) CM,tabaco-liar,nacional,4.5
Al Sultan Molasses Peach Flavour (50 g),tabaco-liar,nacional,2.5
Al Sultan Molasses Peach Flavour (50 g) CM,tabaco-liar,nacional,1.3
Al Sultan Molasses Pears & Cherry Flavour (50 g),tabaco-liar,nacional,2.5
Al Sultan Molasses Plum Flavour (50 g),tabaco-liar,nacional,2.5
Al Sultan Molasses Purple Fragrance Flavour (50 g),tabaco-liar,nacional,2.5
Al Sultan Molasses Rasperry Flavour (50 g),tabaco-liar,nacional,2.5
Al Sultan Molasses Rasperry Flavour (50 g) CM,tabaco-liar,nacional,1.3
Al Sultan Molasses Rose Flavour (250 g),tabaco-liar,nacional,11.9
Al Sultan Molasses Rose Flavour (250 g) CM,tabaco-liar,nacional,6.5
Al Sultan Molasses Rose Flavour (50 g),tabaco-liar,nacional,2.5
Al Sultan Molasses Rose Flavour (50 g) CM,tabaco-liar,nacional,1.3
Al Sultan Molasses Rose Flavour Bote (250 g),tabaco-liar,nacional,12
Al Sultan Molasses Rose Flavour Bote (250 g) CM,tabaco-liar,nacional,4.5
Al Sultan Molasses Strawberry (250 g),tabaco-liar,nacional,11.9
Al Sultan Molasses Strawberry (250 g) CM,tabaco-liar,nacional,6.5
Al Sultan Molasses Strawberry Flavour (50 g),tabaco-liar,nacional,2.5
Al Sultan Molasses Strawberry Flavour (50 g) CM,tabaco-liar,nacional,1.3
Al Sultan Molasses Strawberry Flavour Bote (250 g),tabaco-liar,nacional,12
Al Sultan Molasses Strawberry Flavour Bote (250 g) CM,tabaco-liar,nacional,4.5
Al Sultan Molasses Thyme Aroma Flavour (50 g),tabaco-liar,nacional,2.5
Al Sultan Molasses Vanilla Flavour (250 g),tabaco-liar,nacional,11.9
Al Sultan Molasses Vanilla Flavour (250 g) CM,tabaco-liar,nacional,6.5
Al Sultan Molasses Vanilla Flavour (50 g),tabaco-liar,nacional,2.5
Al Sultan Molasses Vanilla Flavour (50 g) CM,tabaco-liar,nacional,1.3
Al Sultan Molasses Vanilla Flavour Bote (250 g),tabaco-liar,nacional,12
Al Sultan Molasses Vanilla Flavour Bote (250 g) CM,tabaco-liar,nacional,4.5
Al Sultan Molasses Waldmeister Flavour (50 g),tabaco-liar,nacional,2.5
Al Sultan Molasses Water Melon Flavour (250 g),tabaco-liar,nacional,11.9
Al Sultan Molasses Water Melon Flavour (250 g) CM,tabaco-liar,nacional,6.5
Al Sultan Molasses Water Melon Flavour (50 g),tabaco-liar,nacional,2.5
Al Sultan Molasses Water Melon Flavour (50 g) CM,tabaco-liar,nacional,1.3
Al Sultan Molasses Water Melon Flavour Bote (250 g),tabaco-liar,nacional,12
Al Sultan Molasses Water Melon Flavour Bote (250 g) CM,tabaco-liar,nacional,4.5
Al Sultan Molasses Watermelon and Mint Flavour (50 g),tabaco-liar,nacional,2.5
Al Sultan Molasses Watermelon and Mint Flavour (50 g) CM,tabaco-liar,nacional,1.3
Al Waha Ali Baba (200 g),tabaco-liar,nacional,15.45
Al Waha Ali Baba (50 g),tabaco-liar,nacional,3.85
Al Waha Ali Baba (50 g) CM,tabaco-liar,nacional,2.1
Al Waha Kaktus Jack (200 g),tabaco-liar,nacional,15.45
Al Waha Kaktus Jack (50 g),tabaco-liar,nacional,3.85
Al Waha Ringle Rangle (200 g),tabaco-liar,nacional,15.45
Al Waha Ringle Rangle (50 g),tabaco-liar,nacional,3.85
Al Waha Ringle Rangle (50 g) CM,tabaco-liar,nacional,2.1
ALADINO Aladino Classic Robusto 5 X 50 (20),cigarrillos,nacional,11
ALADINO Aladino Classic Toro 6 X 50 (20),cigarrillos,nacional,12.5
ALADINO Aladino Robusto 5 X 50 (20),cigarrillos,nacional,13.5
ALADINO Aladino Toro 6 X 50 (20),cigarrillos,nacional,15
ALBATROS Brevas (25),cigarrillos,nacional,0.42
ALBATROS Coronas (25),cigarrillos,nacional,1.44
ALBATROS Elegantes (20),cigarrillos,nacional,2.6
ALBATROS Mini (20),cigarrillos,nacional,0.16
ALBATROS Tubular (20),cigarrillos,nacional,1.7
ALBERO Cigarritos,cigarrillos,nacional,0.21
ALBERO Cigarritos CM,cigarrillos,nacional,0.18
ALBERO Coronas Especiales,otros,nacional,2.1
ALBERO Nº 1,otros,nacional,2.2
ALBERO Nº 1 CM,otros,nacional,1.8
ALBERO Toros,otros,nacional,2.25
ALBORAN Epicure (25),cigarrillos,nacional,2.94
ALBORAN Gran Corona (20),cigarrillos,nacional,2.75
ALBORAN Habaneros,otros,nacional,2.25
ALEC BRADLEY  Tempus Imperator (20),cigarrillos,nacional,5.7
ALEC BRADLEY  Tempus Magnus (20),cigarrillos,nacional,5.9
ALEC BRADLEY Alec Bradley Bl Market Shamrock Toro (10),cigarrillos,nacional,14.2
ALEC BRADLEY Alec Bradley Black Market Punk (24),cigarrillos,nacional,5.8
ALEC BRADLEY Alec Bradley Black Market Robusto (24),cigarrillos,nacional,7.8
ALEC BRADLEY Alec Bradley Chunk Maduro XL 4x60 (20),cigarrillos,nacional,7.5
ALEC BRADLEY Alec Bradley Fine and Rare 2024 (10),cigarrillos,nacional,23
ALEC BRADLEY Alec Bradley Gatekeeper Robusto (24),cigarrillos,nacional,9.2
ALEC BRADLEY Alec Bradley Gatekeeper Toro (24),cigarrillos,nacional,10
ALEC BRADLEY Alec Bradley Prensado Churchill (24),cigarrillos,nacional,10.7
ALEC BRADLEY Alec Bradley Prensado Robusto (24),cigarrillos,nacional,9.6
ALEC BRADLEY Alec Bradley Project 40 Toro (24),cigarrillos,nacional,9.1
ALEC BRADLEY Alec Bradley Texas Lancero (10),cigarrillos,nacional,10.5
ALEC BRADLEY Black Market Robusto (22),cigarrillos,nacional,5.5
ALEC BRADLEY Nica Puro Rosado Robusto (20),puros,nacional,5.8
ALEC BRADLEY PRENSADO Churchill (20),cigarrillos,nacional,5.7
ALEJANDRO ALFAMBRA Alejandro Alfambra Magnificos. Edicion Limitada (24),cigarrillos,nacional,7.5
ALEJANDRO ALFAMBRA Alejandro Alfambra Selección Magnum (25),cigarrillos,nacional,4.95
ALEJANDRO ALFAMBRA Alejandro Alfambra Serie Clasica 15 Minutos (El envase de 25),otros,nacional,23.75
ALEJANDRO ALFAMBRA Alejandro Alfambra Serie Clasica Churchill S. VI (El envase de 10),otros,nacional,26.5
ALEJANDRO ALFAMBRA Alejandro Alfambra Serie Clasica DC S. IX (El envase de 25),otros,nacional,31.25
ALEJANDRO ALFAMBRA Alejandro Alfambra Serie Clasica Magnum XIV (El envase de 10),otros,nacional,27
ALEJANDRO ALFAMBRA Alejandro Alfambra Serie Clasica Mareva (El envase de 10),otros,nacional,17.5
ALEJANDRO ALFAMBRA Alejandro Alfambra Serie Clasica Mazo Churchill S. VI (El envase de 25),otros,nacional,66.25
ALEJANDRO ALFAMBRA Alejandro Alfambra Serie Clasica Mazo Magnum S. XIV (El envase de 25),otros,nacional,63.75
ALEJANDRO ALFAMBRA Alejandro Alfambra Serie Clasica Mazo Mareva (El envase de 25),otros,nacional,43.75
ALEJANDRO ALFAMBRA Alejandro Alfambra Serie Clasica Mazo Mini Robustos (El envase de 25),otros,nacional,28.75
ALEJANDRO ALFAMBRA Alejandro Alfambra Serie Clasica Mazo Mini Torpedo (El envase de 25),otros,nacional,28.75
ALEJANDRO ALFAMBRA Alejandro Alfambra Serie Clasica Mazo Petit 52 S. XIII (El envase de 25),otros,nacional,48.75
ALEJANDRO ALFAMBRA Alejandro Alfambra Serie Clasica Mazo Petit 56 S. XII (El envase de 25),otros,nacional,55
ALEJANDRO ALFAMBRA Alejandro Alfambra Serie Clasica Mazo Petit 60 S. XI (El envase de 25),otros,nacional,58.75
ALEJANDRO ALFAMBRA Alejandro Alfambra Serie Clasica Mazo Robusto Gordo S. VIII (El envase de 25),otros,nacional,67.5
ALEJANDRO ALFAMBRA Alejandro Alfambra Serie Clasica Mazo Robusto S. V (El envase de 25),otros,nacional,56.25
ALEJANDRO ALFAMBRA Alejandro Alfambra Serie Clasica Mazo S. VII (El envase de 25),otros,nacional,43.75
ALEJANDRO ALFAMBRA Alejandro Alfambra Serie Clasica Mazo Sublime S. II (El envase de 25),otros,nacional,70
ALEJANDRO ALFAMBRA Alejandro Alfambra Serie Clasica Mazo Toro Gigante S. I (El envase de 25),otros,nacional,70
ALEJANDRO ALFAMBRA Alejandro Alfambra Serie Clasica Mazo Toro S. III (El envase de 25),otros,nacional,60
ALEJANDRO ALFAMBRA Alejandro Alfambra Serie Clasica Mazo Torpedo S. IV (El envase de 25),otros,nacional,60
ALEJANDRO ALFAMBRA Alejandro Alfambra Serie Clasica Mazo Wide Toro (El envase de 25),otros,nacional,57.5
ALEJANDRO ALFAMBRA Alejandro Alfambra Serie Clasica Mini Robustos (El envase de 10),otros,nacional,11.5
ALEJANDRO ALFAMBRA Alejandro Alfambra Serie Clasica Petit 52 S. XIII (El envase de 10),otros,nacional,19.5
ALEJANDRO ALFAMBRA Alejandro Alfambra Serie Clasica Petit 56 S. XII (El envase de 10),otros,nacional,22
ALEJANDRO ALFAMBRA Alejandro Alfambra Serie Clasica Petit 60 S. XI (El envase de 10),otros,nacional,23.5
ALEJANDRO ALFAMBRA Alejandro Alfambra Serie Clasica Robusto Gordo S. VIII (El envase de 10),otros,nacional,27
ALEJANDRO ALFAMBRA Alejandro Alfambra Serie Clasica Robusto S. V. (El envase de 10),otros,nacional,22.5
ALEJANDRO ALFAMBRA Alejandro Alfambra Serie Clasica S. IX (El envase de 10),otros,nacional,12.5
ALEJANDRO ALFAMBRA Alejandro Alfambra Serie Clasica S.VII (El envase de 10),otros,nacional,17.5
ALEJANDRO ALFAMBRA Alejandro Alfambra Serie Clasica Serie XV Don Fernando (El envase de 10),otros,nacional,33.5
ALEJANDRO ALFAMBRA Alejandro Alfambra Serie Clasica Serie XV Don Fernando (El envase de 5),otros,nacional,16.75
ALEJANDRO ALFAMBRA Alejandro Alfambra Serie Clasica Sublime S. II. (El envase de 10),otros,nacional,28
ALEJANDRO ALFAMBRA Alejandro Alfambra Serie Clasica Toro Gigante S. I. (El envase de 10),otros,nacional,28
ALEJANDRO ALFAMBRA Alejandro Alfambra Serie Clasica Toro S. III. (El envase de 10),otros,nacional,24
ALEJANDRO ALFAMBRA Alejandro Alfambra Serie Clasica Torpedo S. IV. (El envase de 10),otros,nacional,24
ALEJANDRO ALFAMBRA Alejandro Alfambra Serie Clasica Wide Toro (El envase de 10),otros,nacional,23
ALEJANDRO ALFAMBRA Alejandro Alfambra Serie Clasica XV Don Fernando (El envase de 25),otros,nacional,83.75
ALEJANDRO ALFAMBRA Alejandro Alfambra Serie Clasico Grandioso S. X (El envase de 10),otros,nacional,29.5
ALEJANDRO ALFAMBRA Alejandro Alfambra Serie Clasico Mazo Grandioso S. X (El envase de 25),otros,nacional,73.75
ALEJANDRO ALFAMBRA Esencia (25),cigarrillos,nacional,9
ALEJANDRO ALFAMBRA Exquisito (25),cigarrillos,nacional,19
ALEJANDRO ALFAMBRA Gran Toro (25),cigarrillos,nacional,5.95
ALEJANDRO ALFAMBRA Half Corona (20),cigarrillos,nacional,2.8
ALEJANDRO ALFAMBRA Half Corona (25),cigarrillos,nacional,4.5
ALEJANDRO ALFAMBRA Magnificos (25),cigarrillos,nacional,6.15
ALEJANDRO ALFAMBRA Mareva (10),cigarrillos,nacional,1.75
ALEJANDRO ALFAMBRA Mareva (25),cigarrillos,nacional,1.75
ALEJANDRO ALFAMBRA Petit Toro (25),cigarrillos,nacional,4.7
ALEJANDRO ALFAMBRA Robusto (20),cigarrillos,nacional,3.3
ALEJANDRO ALFAMBRA Robusto (25),cigarrillos,nacional,4.95
ALEJANDRO ALFAMBRA Seleccion Churchill (25),cigarrillos,nacional,4.75
ALEJANDRO ALFAMBRA Seleccion Magestuoso (25),cigarrillos,nacional,5.95
ALEJANDRO ALFAMBRA Seleccion Mareva (25),cigarrillos,nacional,3.5
ALEJANDRO ALFAMBRA Seleccion Petit 52 (25),cigarrillos,nacional,4.25
ALEJANDRO ALFAMBRA Seleccion Petit 56 (25),cigarrillos,nacional,4.5
ALEJANDRO ALFAMBRA Seleccion Petit 60 (25),cigarrillos,nacional,4.95
ALEJANDRO ALFAMBRA Seleccion Piramide (25),cigarrillos,nacional,4.75
ALEJANDRO ALFAMBRA Seleccion Robusto (25),cigarrillos,nacional,3.95
ALEJANDRO ALFAMBRA Seleccion Robusto Gordo (25),cigarrillos,nacional,4.95
ALEJANDRO ALFAMBRA Seleccion Sublime (25),cigarrillos,nacional,4.95
ALEJANDRO ALFAMBRA Seleccion Toro (25),cigarrillos,nacional,4.75
ALEJANDRO ALFAMBRA Seleccion Toro Gigante (25),cigarrillos,nacional,5.25
ALEJANDRO ALFAMBRA Selección Wide Toro (25),cigarrillos,nacional,4.75
ALEJANDRO ALFAMBRA Serie I (10),cigarrillos,nacional,2.8
ALEJANDRO ALFAMBRA Serie II (10),cigarrillos,nacional,2.8
ALEJANDRO ALFAMBRA Serie IV (10),cigarrillos,nacional,2.4
ALEJANDRO ALFAMBRA Serie V (10),cigarrillos,nacional,2.25
ALEJANDRO ALFAMBRA Serie V (25),cigarrillos,nacional,2.25
ALEJANDRO ALFAMBRA Serie VI (10),cigarrillos,nacional,2.65
ALEJANDRO ALFAMBRA Serie VI (25),cigarrillos,nacional,2.65
ALEJANDRO ALFAMBRA Serie VIII (10),cigarrillos,nacional,2.7
ALEJANDRO ALFAMBRA Serie X (10),cigarrillos,nacional,2.95
ALEJANDRO ALFAMBRA Serie XI (10),cigarrillos,nacional,2.35
ALEJANDRO ALFAMBRA Serie XII (10),cigarrillos,nacional,2.2
ALEJANDRO ALFAMBRA Serie XIII (10),cigarrillos,nacional,1.95
ALEJANDRO ALFAMBRA Serie XIII (25),cigarrillos,nacional,1.95
ALEJANDRO ALFAMBRA Soberbio (25),cigarrillos,nacional,14
ALEJANDRO ALFAMBRA Wide Toro (10),cigarrillos,nacional,2.3
ALFAMBRA Mini Robustos (25),cigarrillos,nacional,1
ALFAMBRA Mini Torpedo (25),cigarrillos,nacional,1
ALHAMBRA Alhambra Corona (25),cigarrillos,nacional,0.8
ALHAMBRA Alhambra Coronita (25),cigarrillos,nacional,0.68
ALIADOS Corona Deluxe (20),cigarrillos,nacional,3
ALIADOS Doble Toro (10),cigarrillos,nacional,5.75
ALIADOS Doble Toro (20),cigarrillos,nacional,5.75
ALIADOS Gran Robusto (10),cigarrillos,nacional,3.9
ALIADOS Gran Robusto (20),cigarrillos,nacional,3.9
ALIADOS Nº 4 Cubanito (20),cigarrillos,nacional,3
ALIADOS Perfectos (10),cigarrillos,nacional,4.9
ALIADOS Pirámide Nº 3 (20),cigarrillos,nacional,3.5
ALIADOS Robusto (20),cigarrillos,nacional,3.3
ALIADOS Short Robusto (20),cigarrillos,nacional,3.65
ALIADOS Short Robustos (10),cigarrillos,nacional,3.65
Al-Katar 2M (50 g),tabaco-liar,nacional,3.3
Al-Katar Gbrizz (50 g),tabaco-liar,nacional,3.3
Al-Katar LMbrizz (50 g),tabaco-liar,nacional,3.3
Al-Katar Rbrizz (50 g),tabaco-liar,nacional,3.3
Al-Katar Ubrizz (50 g),tabaco-liar,nacional,3.3
Al-Katar Wbrizz (50 g),tabaco-liar,nacional,3.3
Allure Glacier (40),cigarrillos,nacional,9.6
Allure Lilac,otros,nacional,4.1
Allure Lilac (40),cigarrillos,nacional,9.6
Allure Lilac CM,otros,nacional,2.2
Allure Organic,otros,nacional,4.2
Allure Organic CM,otros,nacional,2.2
"Allure Sky 0,1 (20)",cigarrillos,nacional,4.7
Allure Sky 100 (20),cigarrillos,nacional,4
Allure Tabac (40),cigarrillos,nacional,9.6
Allure White (40),cigarrillos,nacional,9.6
"Allure White 0,1 KS CM",otros,nacional,2.2
Almassiva 4B (200 g),tabaco-liar,nacional,16.5
Almassiva 4B (200 g) CM,tabaco-liar,nacional,12.3
Almassiva 4B (50 g),tabaco-liar,nacional,4.4
Almassiva 4B (50 g) CM,tabaco-liar,nacional,3.2
Almassiva Black Lebanese (200 g),tabaco-liar,nacional,16.5
Almassiva Black Lebanese (50 g),tabaco-liar,nacional,4.4
Almassiva Black Lebanese (50 g) CM,tabaco-liar,nacional,3.2
Almassiva Blaulicht (200 g) CM,tabaco-liar,nacional,12.3
Almassiva Blaulicht (50 g) CM,tabaco-liar,nacional,3.2
Almassiva Blue Beast (200 g),tabaco-liar,nacional,16.5
Almassiva Blue Beast (50 g),tabaco-liar,nacional,4.4
Almassiva Bluelight (200 g),tabaco-liar,nacional,16.5
Almassiva Bluelight (50 g),tabaco-liar,nacional,4.4
Almassiva Brotherheart (200 g),tabaco-liar,nacional,16.5
Almassiva Brotherheart (50 g),tabaco-liar,nacional,4.4
Almassiva Cabrio In Marbella (200 g),tabaco-liar,nacional,16.5
Almassiva Cabrio In Marbella (50 g),tabaco-liar,nacional,4.4
Almassiva Come to Dubai (200 g),tabaco-liar,nacional,16.5
Almassiva Come To Dubai (50 g),tabaco-liar,nacional,4.4
Almassiva Pink King (200 g),tabaco-liar,nacional,16.5
Almassiva Pink King (50 g),tabaco-liar,nacional,4.4
Almassiva Sommer In Beirut (50 g) CM,tabaco-liar,nacional,3.2
Almassiva Summer In Beirut (200 g),tabaco-liar,nacional,16.5
Almassiva Summer In Beyrut (50 g),tabaco-liar,nacional,4.4
Almassiva The Big M (50 g),tabaco-liar,nacional,3.85
Almassiva The Big M (50 g) CM,tabaco-liar,nacional,3.2
Aloha American (50 g),tabaco-liar,nacional,3.3
Aloha American (50 g) CM,tabaco-liar,nacional,2.45
Aloha Atlantic (200 g),tabaco-liar,nacional,13.5
Aloha Atlantic (200 g) CM,tabaco-liar,nacional,10.75
Aloha Double Up (100 g),tabaco-liar,nacional,7.5
Aloha Double Up (100 g) CM,tabaco-liar,nacional,5.7
Aloha Double Up (200 g),tabaco-liar,nacional,13.5
Aloha Double Up (200 g) CM,tabaco-liar,nacional,10.75
Aloha Los Locos (50 g),tabaco-liar,nacional,3.3
Aloha Los Locos (50 g) CM,tabaco-liar,nacional,2.45
Aloha Maverick (50 g),tabaco-liar,nacional,3.3
Aloha Maverick (50 g) CM,tabaco-liar,nacional,2.45
Aloha Pacific (50 g),tabaco-liar,nacional,3.3
Aloha Pacific (50 g) CM,tabaco-liar,nacional,2.45
Aloha Somo (200 g),tabaco-liar,nacional,13.5
Aloha Somo (200 g) CM,tabaco-liar,nacional,10.75
Aloha Splash (50 g),tabaco-liar,nacional,3.3
Aloha Splash (50 g) CM,tabaco-liar,nacional,2.45
Aloha T.Riko (200 g),tabaco-liar,nacional,13.5
Aloha T.Riko (200 g) CM,tabaco-liar,nacional,10.75
Alpha Original (100 g),tabaco-liar,nacional,3.9
Alpha Original (170 g),tabaco-liar,nacional,6.5
Alpha Original (25 g),tabaco-liar,nacional,1
Alpha Original American Blend Volumen 120 Cigarrillos (60 g),tabaco-liar,nacional,9.35
Alsbo Black (50 g),tabaco-liar,nacional,8.1
Alsbo Black (50 g) CM,tabaco-liar,nacional,7.7
Alsbo Gold (50 g),tabaco-liar,nacional,8.1
Alsbo Gold (50 g) CM,tabaco-liar,nacional,7.7
Alsbo Ruby (50 g),tabaco-liar,nacional,8
Alsbo Ruby (50 g) CM,tabaco-liar,nacional,7.6
Alsbo Sungold (50 g),tabaco-liar,nacional,7.8
Alsbo Sungold (50 g) CM,tabaco-liar,nacional,7.4
Alsbo Whisky (50 g),tabaco-liar,nacional,4.7
ALVARO Aromáticos,otros,nacional,0.13
ALVARO Brevas (50),cigarrillos,nacional,0.47
ALVARO Brevas (50) CM,cigarrillos,nacional,0.35
ALVARO Cedros (25),cigarrillos,nacional,0.78
ALVARO Cedros (25) CM,cigarrillos,nacional,0.54
ALVARO Don Alvaro,otros,nacional,0.48
ALVARO Elegantes (25),cigarrillos,nacional,0.83
ALVARO Mini Alvaro,otros,nacional,0.18
ALVARO Monic Emboquillados,otros,nacional,0.3
ALVARO Panetelas,otros,nacional,0.32
ALVARO Ranger,otros,nacional,0.6
ALVARO Regalos,otros,nacional,0.55
ALVARO Regalos CM,otros,nacional,0.31
ALVARO Reserva,otros,nacional,2.3
ALVARO Saludos (25),cigarrillos,nacional,0.55
ALVARO Saludos (25) CM,cigarrillos,nacional,0.35
Al-Waha  Fresh Pea (50 g),tabaco-liar,nacional,3.85
Al-Waha 66 (200 g),tabaco-liar,nacional,15.45
Al-Waha 66 (50 g),tabaco-liar,nacional,3.85
Al-Waha 66 (50 g) CM,tabaco-liar,nacional,2.1
Al-Waha Amor (200 g),tabaco-liar,nacional,15.45
Al-Waha Amor (50 g),tabaco-liar,nacional,3.85
Al-Waha Amor (50 g) CM,tabaco-liar,nacional,2.1
Al-Waha Big Boy (200 g),tabaco-liar,nacional,15.95
Al-Waha Big Boy (50 g),tabaco-liar,nacional,4.2
Al-Waha Big Boy (50 g) CM,tabaco-liar,nacional,3.35
Al-Waha Big Boy Groz (50 g),tabaco-liar,nacional,3.85
Al-Waha Blue Lion (200 g),tabaco-liar,nacional,15.95
Al-Waha Blue Lion (50 g),tabaco-liar,nacional,4.2
Al-Waha Blue Lion (50 g) CM,tabaco-liar,nacional,3.35
Al-Waha Blue Van Cre (200 g),tabaco-liar,nacional,15.45
Al-Waha Blue Van Crea (50 g),tabaco-liar,nacional,3.85
Al-Waha Casper (200 g),tabaco-liar,nacional,15.95
Al-Waha Casper (50 g),tabaco-liar,nacional,4.2
Al-Waha Casper (50 g) CM,tabaco-liar,nacional,3.35
Al-Waha Casper Groz (50 g),tabaco-liar,nacional,3.85
Al-Waha Dirty Thirty (200 g),tabaco-liar,nacional,15.45
Al-Waha Dirty Thirty (50 g),tabaco-liar,nacional,3.85
Al-Waha Dirty Thirty (50 g) CM,tabaco-liar,nacional,2.1
Al-Waha Dólar (200 g),tabaco-liar,nacional,15.45
Al-Waha Dólar (50 g),tabaco-liar,nacional,3.85
Al-Waha Dólar (50 g) CM,tabaco-liar,nacional,2.1
Al-Waha Dólar Groz (50 g),tabaco-liar,nacional,3.85
Al-Waha Fck 66 (200 g),tabaco-liar,nacional,15.45
Al-Waha Fck 66 (50 g),tabaco-liar,nacional,3.85
Al-Waha Fresh Bon (200 g),tabaco-liar,nacional,15.45
Al-Waha Fresh Bon (50 g),tabaco-liar,nacional,3.85
Al-Waha Fresh Bon Groz (50 g),tabaco-liar,nacional,3.85
Al-Waha Fresh GM (200 g),tabaco-liar,nacional,15.45
Al-Waha Fresh GM (50 g),tabaco-liar,nacional,3.85
Al-Waha Fresh Loco (200 g),tabaco-liar,nacional,15.45
Al-Waha Fresh Loco (50 g),tabaco-liar,nacional,3.85
Al-Waha Fresh Loco (50 g) CM,tabaco-liar,nacional,2.1
Al-Waha Fresh Mang Tang (200 g),tabaco-liar,nacional,15.45
Al-Waha Fresh Mang Tang (50 g),tabaco-liar,nacional,3.85
Al-Waha Fresh Mang Tang Groz (50 g),tabaco-liar,nacional,3.85
Al-Waha Fresh Mara  (50 g) CM,tabaco-liar,nacional,2.1
Al-Waha Fresh Mara (50 g),tabaco-liar,nacional,3.85
Al-Waha Fresh Mara Groz (50 g),tabaco-liar,nacional,3.85
Al-Waha Fresh Mary (200 g),tabaco-liar,nacional,15.45
Al-Waha Fresh Pea (200 g),tabaco-liar,nacional,15.45
Al-Waha Freshy Cherr (200 g),tabaco-liar,nacional,15.45
Al-Waha Freshy Cherr (50 g),tabaco-liar,nacional,3.85
Al-Waha Freshy Cherr (50 g) CM,tabaco-liar,nacional,2.1
Al-Waha Freshy Red Groz (50 g),tabaco-liar,nacional,3.85
Al-Waha Friday 13 (200 g),tabaco-liar,nacional,15.45
Al-Waha Friday 13 (50 g),tabaco-liar,nacional,3.85
Al-Waha Friday 13 Groz (50 g),tabaco-liar,nacional,3.85
Al-Waha Funky Fresh (200 g),tabaco-liar,nacional,15.45
Al-Waha Funky Fresh (50 g),tabaco-liar,nacional,3.85
Al-Waha Funky Fresh (50 g) CM,tabaco-liar,nacional,2.1
Al-Waha Grap Min (200 g),tabaco-liar,nacional,15.45
Al-Waha Grap Min (50 g),tabaco-liar,nacional,3.85
Al-Waha Gumba (200 g),tabaco-liar,nacional,15.45
Al-Waha Gumba (50 g),tabaco-liar,nacional,3.85
Al-Waha Hot´n Cold (200 g),tabaco-liar,nacional,15.45
Al-Waha Hot'n Cold (50 g),tabaco-liar,nacional,3.85
Al-Waha Hot'n Cold (50 g) CM,tabaco-liar,nacional,2.1
Al-Waha Lazourdi (200 g),tabaco-liar,nacional,15.45
Al-Waha Lazourdi (50 g),tabaco-liar,nacional,3.85
Al-Waha Lazourdi Groz (50 g),tabaco-liar,nacional,3.85
Al-Waha Lcorce (200 g),tabaco-liar,nacional,15.95
Al-Waha Lcorce (200 g) CM,tabaco-liar,nacional,13.35
Al-Waha Lcorce (50 g),tabaco-liar,nacional,4.2
Al-Waha Lcorce (50 g) CM,tabaco-liar,nacional,3.35
Al-Waha Lem Min (200 g),tabaco-liar,nacional,15.45
Al-Waha Lem Min (50 g),tabaco-liar,nacional,3.85
Al-Waha Lem Min (50 g) CM,tabaco-liar,nacional,2.1
Al-Waha Libella Swing (200 g),tabaco-liar,nacional,15.45
Al-Waha Libella Swing (50 g),tabaco-liar,nacional,3.85
Al-Waha Libuma (200 g),tabaco-liar,nacional,15.45
Al-Waha Libuma (50 g),tabaco-liar,nacional,3.85
Al-Waha Mang Lem Ned (200 g),tabaco-liar,nacional,15.45
Al-Waha Mang Lem Ned (50 g),tabaco-liar,nacional,3.85
Al-Waha Masala (200 g),tabaco-liar,nacional,15.95
Al-Waha Masala (50 g),tabaco-liar,nacional,4.2
Al-Waha Min Fusion (200 g),tabaco-liar,nacional,15.45
Al-Waha Min Fusion (50 g),tabaco-liar,nacional,3.85
Al-Waha Panana Van (200 g),tabaco-liar,nacional,15.95
Al-Waha Panana Van (50 g),tabaco-liar,nacional,4.2
Al-Waha Panana Van (50 g) CM,tabaco-liar,nacional,3.35
Al-Waha Paradisio (200 g),tabaco-liar,nacional,15.45
Al-Waha Paradisio (50 g),tabaco-liar,nacional,3.85
Al-Waha Pikchu (200 g),tabaco-liar,nacional,15.45
Al-Waha Pikchu (50 g),tabaco-liar,nacional,3.85
Al-Waha Pussy Wagon (200 g),tabaco-liar,nacional,15.45
Al-Waha Pussy Wagon (50 g),tabaco-liar,nacional,3.85
Al-Waha Rosito (200 g),tabaco-liar,nacional,15.45
Al-Waha Rosito (50 g),tabaco-liar,nacional,3.85
Al-Waha Sakura (200 g),tabaco-liar,nacional,15.45
Al-Waha Sakura (50 g),tabaco-liar,nacional,3.85
Al-Waha Sodala (200 g),tabaco-liar,nacional,15.45
Al-Waha Sodala (50 g),tabaco-liar,nacional,3.85
Al-Waha Sodala (50 g) CM,tabaco-liar,nacional,2.1
Al-Waha Sweet Africa (200 g),tabaco-liar,nacional,15.45
Al-Waha Sweet Africa (50 g),tabaco-liar,nacional,3.85
Al-Waha Sweet Africa (50 g) CM,tabaco-liar,nacional,2.1
Al-Waha Sweet Africa Groz (50 g),tabaco-liar,nacional,3.85
Al-Waha The Devil (200 g),tabaco-liar,nacional,15.45
Al-Waha The Devil (50 g),tabaco-liar,nacional,3.85
Al-Waha Tornado (200 g),tabaco-liar,nacional,15.95
Al-Waha Tornado (200 g) CM,tabaco-liar,nacional,13.35
Al-Waha Tornado (50 g),tabaco-liar,nacional,4.2
Al-Waha Tornado (50 g) CM,tabaco-liar,nacional,3.35
Al-Waha Trex (200 g),tabaco-liar,nacional,15.45
Al-Waha Trex (50 g),tabaco-liar,nacional,3.85
Al-Waha Two App (200 g),tabaco-liar,nacional,15.45
Al-Waha Veneto (200 g),tabaco-liar,nacional,15.45
Al-Waha Veneto (50 g),tabaco-liar,nacional,3.85
Al-Waha Zero Gravity (200 g),tabaco-liar,nacional,15.45
Al-Waha Zero Gravity (50 g),tabaco-liar,nacional,3.85
Al-Waha Zero Gravity (50 g) CM,tabaco-liar,nacional,2.1
Amber Leaf 10 x 50 g,otros,nacional,15.5
Amber Leaf 5x50 g,otros,nacional,15.5
Amber Leaf Tabaco Virginia (30 g),tabaco-liar,nacional,6.8
Amber Leaf Virginia Nature (30 g),tabaco-liar,nacional,6.3
Amber Leaf Virginia Selecto (30 g),tabaco-liar,nacional,6.8
American Club  (20),cigarrillos,nacional,4.5
American Legend,otros,nacional,4.6
American Legend 100'S,otros,nacional,4.6
American Legend Blue Ryo (30 g),tabaco-liar,nacional,5.3
American Legend CM,otros,nacional,2.5
American Legend Menthol CM,otros,nacional,2.2
American Legend Red Ryo (30 g),tabaco-liar,nacional,5.3
American Legend White,otros,nacional,4.6
American Legend White CM,otros,nacional,2.5
American Spirit Blue,otros,nacional,6.15
American Spirit Orange,otros,nacional,6.15
American Spirit Original Blend (30 g),tabaco-liar,nacional,5.2
American Spirit Original Blend (30 g) CM,tabaco-liar,nacional,3.85
American Spirit Original Orange (30 g),tabaco-liar,nacional,6.9
American Spirit Original Orange (70 g),tabaco-liar,nacional,16.2
American Spirit Original Yellow (30 g),tabaco-liar,nacional,6.6
American Spirit Yellow,otros,nacional,6.15
American Street Premium Pipa Bolsa (40 g),tabaco-pipa,nacional,2.95
AMIGOS Amigos (10),cigarrillos,nacional,0.33
AMIGOS Amigos (20),cigarrillos,nacional,0.23
AMIGOS Amigos (El envase de 10) CM,otros,nacional,3.15
AMIGOS Amigos (El envase de 20) CM,otros,nacional,4.4
AMIGOS Amigos (El envase de 50),otros,nacional,17
AMIGOS Amigos (El envase de 50) CM,otros,nacional,16.5
AMIGOS Amigos Medium (10),cigarrillos,nacional,0.26
AMIGOS Amigos Medium (El envase de 10) CM,otros,nacional,2.45
AMIGOS Amigos Medium Vanilla (El envase de 10),otros,nacional,1.6
AMIGOS Amigos Minutos Red (20),cigarrillos,nacional,0.18
AMIGOS Amigos Minutos Red (El envase de 20) CM,otros,nacional,3.4
AMIGOS Amigos Minutos White (20),cigarrillos,nacional,0.18
AMIGOS Amigos Minutos White (El envase de 20) CM,otros,nacional,3.4
AMIGOS Amigos Pocket Red Filter AB (El envase de 20),otros,nacional,2.8
AMIGOS Amigos Pocket Red Filter AB (El envase de 20) CM,otros,nacional,2.45
AMIGOS Authentic (20),cigarrillos,nacional,0.23
AMIGOS Authentic (el envase de 20) CM,otros,nacional,4.4
AMIGOS Cigarros Wood (el envase de 50),cigarrillos,nacional,11
AMIGOS Filter  (El envase de 20),otros,nacional,4.7
AMIGOS Filter  (El envase de 20) CM,otros,nacional,4.5
AMIGOS Pocket (El envase de 20),otros,nacional,3.4
AMIGOS Pocket (El envase de 20) CM,otros,nacional,3.25
AMIGOS Pocket Filter (El envase de 10),otros,nacional,1.8
AMIGOS Pocket Filter (El envase de 10) CM,otros,nacional,1.7
AMIGOS Pocket Filter (El envase de 20),otros,nacional,3.3
AMIGOS Pocket Filter (El envase de 20) CM,otros,nacional,3.15
AMIGOS Pocket Filter AB (el envase de 20),otros,nacional,3
AMIGOS Pocket Filter AB (el envase de 20) CM,otros,nacional,2.45
AMIGOS Pocket Filter Rubio (el envase de 20),otros,nacional,2.9
AMIGOS Pocket Filter White (el envase de 20),otros,nacional,2.8
AMIGOS Pocket Filter White (el envase de 20) CM,otros,nacional,2.45
Amphora Full (50 g),tabaco-liar,nacional,7.8
Amphora Full (50 g) CM,tabaco-liar,nacional,3.75
Amphora Nº 2 (40 g),tabaco-liar,nacional,4.3
Amphora Nº 8 (40 g),tabaco-liar,nacional,4.3
Amsterdamer (40 g),tabaco-liar,nacional,4.5
Amsterdamer Bright Blend (20 g),tabaco-liar,nacional,2.1
Amsterdamer Essential (20 g),tabaco-liar,nacional,1.5
Amsterdamer Fine Cut (30 g),tabaco-liar,nacional,6.2
Amsterdamer Fine Cut (40 g),tabaco-liar,nacional,8.5
Amsterdamer Original Blend (20 g),tabaco-liar,nacional,2.1
Amsterdamer Original Blend lata (40 g),tabaco-liar,nacional,4
Amsterdamer Virginia Blend (30 g),tabaco-liar,nacional,6.2
Amsterdamer XXX Himalaya (30 g),tabaco-liar,nacional,5.8
Amsterdamer XXX Kashmir (30g),tabaco-liar,nacional,5.8
Anda Blue Toteta (200 g),tabaco-liar,nacional,17.5
Anda Blue Toteta (50 g),tabaco-liar,nacional,4.95
Anda Blyat Strong Buttlover (200 g),tabaco-liar,nacional,22.5
Anda Blyat Strong Buttlover (50 g),tabaco-liar,nacional,6.5
Anda Blyat Strong Clipporizz (200 g),tabaco-liar,nacional,22.5
Anda Blyat Strong Clipporizz (50 g),tabaco-liar,nacional,6.5
Anda Blyat Strong Cono Verde (200 g),tabaco-liar,nacional,22.5
Anda Blyat Strong Cono Verde (50 g),tabaco-liar,nacional,6.5
Anda Blyat Strong Mentido (200 g),tabaco-liar,nacional,22.5
Anda Blyat Strong Mentido (50 g),tabaco-liar,nacional,6.5
Anda Blyat Strong Optimus Leim (200 g),tabaco-liar,nacional,22.5
Anda Blyat Strong Optimus Leim (50 g),tabaco-liar,nacional,6.5
Anda Blyat Strong Swiet Swirl (200 g),tabaco-liar,nacional,22.5
Anda Blyat Strong Swiet Swirl (50 g),tabaco-liar,nacional,6.5
Anda Blyat Strong Temptation (200 g),tabaco-liar,nacional,22.5
Anda Blyat Strong Temptation (50 g),tabaco-liar,nacional,6.5
Anda Blyat Strong Tiki Taka (200 g),tabaco-liar,nacional,22.5
Anda Blyat Strong Tiki Taka (50 g),tabaco-liar,nacional,6.5
Anda Casinada (200 g),tabaco-liar,nacional,17.5
Anda Casinada (50 g),tabaco-liar,nacional,4.95
Anda Chupala (50 g),tabaco-liar,nacional,4.95
Anda Clipporizz (200 g),tabaco-liar,nacional,17.5
Anda Clipporizz (50 g),tabaco-liar,nacional,4.95
Anda Crim Pay (200 g),tabaco-liar,nacional,17.5
Anda Crim Pay (50 g),tabaco-liar,nacional,4.95
Anda Mentido (200 g),tabaco-liar,nacional,17.5
Anda Mentido (50 g),tabaco-liar,nacional,4.95
Anda Mentido (950 g),tabaco-liar,nacional,75
Anda Optimus Leim (200 g),tabaco-liar,nacional,17.5
Anda Optimus Leim (50 g),tabaco-liar,nacional,4.95
Anda Optimus Leim (950 g),tabaco-liar,nacional,75
Anda Ptit Suis (200 g),tabaco-liar,nacional,17.5
Anda Ptit Suis (50 g),tabaco-liar,nacional,4.95
Anda Red & Green (200 g),tabaco-liar,nacional,17.5
Anda Red & Green (50 g),tabaco-liar,nacional,4.95
Anda Sour Dia (200 g),tabaco-liar,nacional,17.5
Anda Sour Dia (50 g),tabaco-liar,nacional,4.95
Anda Temptation (200 g),tabaco-liar,nacional,17.5
Anda Temptation (50 g),tabaco-liar,nacional,4.95
Anda Temptation Mandingo (200 g),tabaco-liar,nacional,17.5
Anda Temptation Mandingo (50 g),tabaco-liar,nacional,4.95
Anda Temptation Mandingo (950 g),tabaco-liar,nacional,75
Anda Temtation (950 g),tabaco-liar,nacional,75
Anda Tiki Taka (200 g),tabaco-liar,nacional,17.5
Anda Tiki Taka (50 g),tabaco-liar,nacional,4.95
Anda Tiki Taka (950 g),tabaco-liar,nacional,75
Anda Tropido (200 g),tabaco-liar,nacional,17.5
Anda Tropido (50 g),tabaco-liar,nacional,4.95
Anda Tropido (950 g),tabaco-liar,nacional,75
ANDREA'S Especiales,otros,nacional,2.71
ANDREA'S Especiales CM,otros,nacional,2.25
ANDREA'S Individual,otros,nacional,9.65
ANDREA'S Individual CM,otros,nacional,8.15
ANDREA'S Nº 1,otros,nacional,3.25
ANDREA'S Nº 1 CM,otros,nacional,2.7
ANDREA'S Nº 2,otros,nacional,3.5
ANDREA'S Nº 2 CM,otros,nacional,2.95
ANDREA'S Nº 3,otros,nacional,3.65
ANDREA'S Nº 3 CM,otros,nacional,3.05
ANONYMOUS Anonymous Nica 125 5 x 56 (25),cigarrillos,nacional,1.95
ANONYMOUS Minutos 4x30 Connecticut (el envase de 25),otros,nacional,15
ANONYMOUS Minutos 4x30 Connecticut Petaca (5),otros,nacional,0.7
ANONYMOUS Nica 54 5 3/4x54 Sungrown (25),cigarrillos,nacional,1.9
ANONYMOUS Nica 56 6x56  (25),cigarrillos,nacional,2
ANTICO Toscano (El envase de 5),otros,nacional,9.5
Apache Blend American (20 g),tabaco-liar,nacional,2.3
Apache Blend American (50 g),tabaco-liar,nacional,7.9
Apache Blend Menthol (50 g),tabaco-liar,nacional,7.9
Apache Blend Natural (20 g),tabaco-liar,nacional,2.3
Apache Blend Natural (50 g),tabaco-liar,nacional,7.9
Apache Blend Vanilla (50 g),tabaco-liar,nacional,7.9
Apache Celeste (30 g),tabaco-liar,nacional,4.7
Apache HB Blue (20),cigarrillos,nacional,4.5
Apache HB Red (20),cigarrillos,nacional,4.5
Apache Negro (30 g),tabaco-liar,nacional,4.7
Apache Negro (50 g),tabaco-liar,nacional,7.9
Apache Red Wide Cut Tobacco (20 g),tabaco-liar,nacional,1.4
Apache Rubio (30 g),tabaco-liar,nacional,4.7
Apache Silver (20),cigarrillos,nacional,4.5
Apache Yellow Wide Cut Tobacco (20 g),tabaco-liar,nacional,1.4
AQM Babbel (50 g),tabaco-liar,nacional,3.3
AQM Babbel (50 g) CM,tabaco-liar,nacional,2.1
AQM Black Box (50 g),tabaco-liar,nacional,3.85
AQM Black Box (50 g) CM,tabaco-liar,nacional,2.2
AQM Black&White (50 g),tabaco-liar,nacional,3.3
AQM Black&White (50 g) CM,tabaco-liar,nacional,2.1
AQM Fanex (50 g),tabaco-liar,nacional,3.85
AQM Fanex (50 g) CM,tabaco-liar,nacional,2.2
AQM Golden Anna (50 g),tabaco-liar,nacional,3.85
AQM Golden Anna (50 g) CM,tabaco-liar,nacional,2.2
AQM Green Leo (50 g),tabaco-liar,nacional,3.85
AQM Green Leo (50 g) CM,tabaco-liar,nacional,2.2
AQM Kamasutra (50 g),tabaco-liar,nacional,3.85
AQM Kamasutra (50 g) CM,tabaco-liar,nacional,2.2
AQM Purple Teeny (50 g),tabaco-liar,nacional,3.3
AQM Purple Teeny (50 g) CM,tabaco-liar,nacional,2.1
AQM Red Balls (50 g),tabaco-liar,nacional,3.85
AQM Red Balls (50 g) CM,tabaco-liar,nacional,2.2
AQM Red Fall (50 g),tabaco-liar,nacional,3.85
AQM Red Fall (50 g) CM,tabaco-liar,nacional,2.2
AQM Violet Dream (50 g),tabaco-liar,nacional,3.3
AQM Violet Dream (50 g) CM,tabaco-liar,nacional,2.1
AQM Zero (50 g),tabaco-liar,nacional,3.85
AQM Zero (50 g) CM,tabaco-liar,nacional,2.2
Arábica Molasses 2 Apples Flavour (200 g),tabaco-liar,nacional,9.5
Arábica Molasses 2 Apples Flavour (200 g) CM,tabaco-liar,nacional,4.5
Arábica Molasses 2 Apples Flavour (50 g),tabaco-liar,nacional,2.4
Arábica Molasses 2 Apples Flavour (50 g) CM,tabaco-liar,nacional,1.2
Arábica Molasses 5 Apples Flavour (200 g),tabaco-liar,nacional,9.5
Arábica Molasses 5 Apples Flavour (200 g) CM,tabaco-liar,nacional,4.5
Arábica Molasses 5 Apples Flavour (50 g),tabaco-liar,nacional,2.4
Arábica Molasses 5 Apples Flavour (50 g) CM,tabaco-liar,nacional,1.2
Arábica Molasses Banana & Milk Flavour (200 g),tabaco-liar,nacional,9.5
Arábica Molasses Banana & Milk Flavour (200 g) CM,tabaco-liar,nacional,4.5
Arábica Molasses Banana & Milk Flavour (50 g),tabaco-liar,nacional,2.4
Arábica Molasses Banana & Milk Flavour (50 g) CM,tabaco-liar,nacional,1.2
Arábica Molasses Cherry Flavour (200 g),tabaco-liar,nacional,9.5
Arábica Molasses Cherry Flavour (200 g) CM,tabaco-liar,nacional,4.5
Arábica Molasses Cherry Flavour (50 g),tabaco-liar,nacional,2.4
Arábica Molasses Cherry Flavour (50 g) CM,tabaco-liar,nacional,1.2
Arábica Molasses Chocolate Flavour (200 g),tabaco-liar,nacional,9.5
Arábica Molasses Chocolate Flavour (200 g) CM,tabaco-liar,nacional,4.5
Arábica Molasses Chocolate Flavour (50 g),tabaco-liar,nacional,2.4
Arábica Molasses Chocolate Flavour (50 g) CM,tabaco-liar,nacional,1.2
Arábica Molasses Cola Flavour (200 g),tabaco-liar,nacional,9.5
Arábica Molasses Cola Flavour (200 g) CM,tabaco-liar,nacional,4.5
Arábica Molasses Cola Flavour (50 g),tabaco-liar,nacional,2.4
Arábica Molasses Cola Flavour (50 g) CM,tabaco-liar,nacional,1.2
Arabica Molasses Grape (50 g),tabaco-liar,nacional,2.4
Arábica Molasses Grape Flavour (200 g),tabaco-liar,nacional,9.5
Arábica Molasses Grape Flavour (200 g) CM,tabaco-liar,nacional,4.5
Arábica Molasses Gum Flavour (200 g),tabaco-liar,nacional,9.5
Arábica Molasses Gum Flavour (200 g) CM,tabaco-liar,nacional,4.5
Arábica Molasses Gum Flavour (50 g),tabaco-liar,nacional,2.4
Arábica Molasses Gum Flavour (50 g) CM,tabaco-liar,nacional,1.2
Arábica Molasses Kiwi Flavour (50 g),tabaco-liar,nacional,2.4
Arábica Molasses Kiwi Flavour (50 g) CM,tabaco-liar,nacional,1.2
Arábica Molasses Lemon Flavour (200 g),tabaco-liar,nacional,9.5
Arábica Molasses Lemon Flavour (200 g) CM,tabaco-liar,nacional,4.5
Arábica Molasses Lemon Flavour (50 g),tabaco-liar,nacional,2.4
Arábica Molasses Lemon Flavour (50 g) CM,tabaco-liar,nacional,1.2
Arábica Molasses Licuorice Flavour (50 g),tabaco-liar,nacional,2.4
Arábica Molasses Licuorice Flavour (50 g) CM,tabaco-liar,nacional,1.2
Arábica Molasses Melon Flavour (50 g),tabaco-liar,nacional,2.4
Arábica Molasses Melon Flavour (50 g) CM,tabaco-liar,nacional,1.2
Arábica Molasses Mint Flavour (200 g),tabaco-liar,nacional,9.5
Arábica Molasses Mint Flavour (200 g) CM,tabaco-liar,nacional,4.5
Arábica Molasses Mint Flavour (50 g),tabaco-liar,nacional,2.4
Arábica Molasses Mint Flavour (50 g) CM,tabaco-liar,nacional,1.2
Arábica Molasses Mix Fruit Flavour (200 g),tabaco-liar,nacional,9.5
Arábica Molasses Mix Fruit Flavour (200 g) CM,tabaco-liar,nacional,4.5
Arábica Molasses Mix Fruit Flavour (50 g),tabaco-liar,nacional,2.4
Arábica Molasses Mix Fruit Flavour (50 g) CM,tabaco-liar,nacional,1.2
Arábica Molasses Orange Flavour (200 g),tabaco-liar,nacional,9.5
Arábica Molasses Orange Flavour (200 g) CM,tabaco-liar,nacional,4.5
Arábica Molasses Orange Flavour (50 g),tabaco-liar,nacional,2.4
Arábica Molasses Orange Flavour (50 g) CM,tabaco-liar,nacional,1.2
Arábica Molasses Peach Flavour (200 g),tabaco-liar,nacional,9.5
Arábica Molasses Peach Flavour (200 g) CM,tabaco-liar,nacional,4.5
Arábica Molasses Peach Flavour (50 g),tabaco-liar,nacional,2.4
Arábica Molasses Peach Flavour (50 g) CM,tabaco-liar,nacional,1.2
Arábica Molasses Strawberry Flavour (200 g),tabaco-liar,nacional,9.5
Arábica Molasses Strawberry Flavour (200 g) CM,tabaco-liar,nacional,4.5
Arábica Molasses Strawberry Flavour (50 g),tabaco-liar,nacional,2.4
Arábica Molasses Strawberry Flavour (50 g) CM,tabaco-liar,nacional,1.2
Arábica Molasses Watermelon Flavour (200 g),tabaco-liar,nacional,9.5
Arábica Molasses Watermelon Flavour (200 g) CM,tabaco-liar,nacional,4.5
Arábica Molasses Watermelon Flavour (50 g),tabaco-liar,nacional,2.4
Arábica Molasses Watermelon Flavour (50 g) CM,tabaco-liar,nacional,1.2
ARAY & SONS Chonero (25),cigarrillos,nacional,1.5
ARAY & SONS Galápagos (Torpedo) (25),cigarrillos,nacional,1.6
ARAY & SONS Petit Coronas (25),cigarrillos,nacional,0.95
ARAY & SONS Petits Pequeños (25),cigarrillos,nacional,0.85
AROMAS DE SAN ANDRES Gourmet (24),cigarrillos,nacional,3.5
AROMAS DEL CARIBE Celebracion (24),cigarrillos,nacional,2
AROMAS DEL CARIBE Coronitas (25),cigarrillos,nacional,0.9
AROMAS DEL CARIBE Demi Tasse (25),cigarrillos,nacional,1.4
AROMAS DEL CARIBE Gran Robusto (25),cigarrillos,nacional,2
AROMAS DEL CARIBE Lonsdales (25),cigarrillos,nacional,1.1
AROMAS DEL CARIBE Puritos (10),cigarrillos,nacional,0.5
AROMAS DEL CARIBE Short Robusto (25),cigarrillos,nacional,1.8
AROMAS DEL CARIBE Sublimes (24),cigarrillos,nacional,1.9
AROMAS DEL CARIBE Torpedos (25),cigarrillos,nacional,1.8
ARTESANO TOBACCO Art. del Tobacco & Ajf Viva la Vida Club 500 Excl 6x60 C(10),cigarrillos,nacional,16.95
ARTESANO TOBACCO Art. Tobacco & Ajf Viva la Vida Diademas Finas 6 1/2x52 C(10),cigarrillos,nacional,16.95
ARTESANO TOBACCO Artesano del Tobacco & Ajf el Pulpo the Eel Lancero 7 x 38 C(10),cigarrillos,nacional,19.95
ARTESANO TOBACCO Artesano del Tobacco & Ajf el Pulpo Toro Grande 6X 56 C(10),cigarrillos,nacional,18.5
ARTURO FUENTE 858 Maduro (25),cigarrillos,nacional,6.2
ARTURO FUENTE 858 Natural (25),cigarrillos,nacional,12.7
ARTURO FUENTE Añejo nº 77 (20),cigarrillos,nacional,35.7
ARTURO FUENTE Arturo Fuente 858 Maduro (25),cigarrillos,nacional,12.7
ARTURO FUENTE Arturo Fuente Angel's Share Robusto 5 1/4x50 (29),cigarrillos,nacional,43.7
ARTURO FUENTE Arturo Fuente Añejo Maduro Nº 50 (25),cigarrillos,nacional,31
ARTURO FUENTE Arturo Fuente Belicoso (25),cigarrillos,nacional,26.8
ARTURO FUENTE Arturo Fuente Chateau Fuente (20),cigarrillos,nacional,13.5
ARTURO FUENTE Arturo Fuente Chateau Fuente Pyramids (25),cigarrillos,nacional,20.6
ARTURO FUENTE Arturo Fuente Curly Head Deluxe (25),cigarrillos,nacional,6.1
ARTURO FUENTE Arturo Fuente Curly Head Deluxe Maduro (25),cigarrillos,nacional,6.1
ARTURO FUENTE Arturo Fuente Don Carlos Eye of the Bull (20),cigarrillos,nacional,29.5
ARTURO FUENTE Arturo Fuente Don Carlos Res Superior Nº2 (25),cigarrillos,nacional,32.5
ARTURO FUENTE Arturo Fuente Emperador 7x52 (30),cigarrillos,nacional,10.3
ARTURO FUENTE Arturo Fuente Gran Reserva Rothschilds 4 1/2x50 (25),cigarrillos,nacional,11.7
ARTURO FUENTE Arturo Fuente Hemingway Short Story 4 X 49 (15),cigarrillos,nacional,13.9
ARTURO FUENTE Arturo Fuente Hemingway Short Story 4x49 (25),cigarrillos,nacional,13.3
ARTURO FUENTE Arturo Fuente Holiday Collection Extra Special Reserve (El envase de 10),otros,nacional,259
ARTURO FUENTE Arturo Fuente Magnum R Rosado Fifty Eight (25),cigarrillos,nacional,18.2
ARTURO FUENTE Arturo Fuente Magnum R Rosado Fifty Two 5x52 (25),cigarrillos,nacional,16.3
ARTURO FUENTE Arturo Fuente Magnum R Rosado Forty Four 5x44 (44),cigarrillos,nacional,15.8
ARTURO FUENTE Arturo Fuente Opus Oxo Oscuro Oro (15),cigarrillos,nacional,52.9
ARTURO FUENTE Arturo Fuente Opus Oxo Oscuro Oro (29),cigarrillos,nacional,46.9
ARTURO FUENTE Arturo Fuente Opus X 20TH Anniversary Believe 5 3/4x52 (20),cigarrillos,nacional,62.6
ARTURO FUENTE Arturo Fuente Opus X Doble Robusto (42),cigarrillos,nacional,51.9
ARTURO FUENTE Arturo Fuente Opus X Love Affair (18),cigarrillos,nacional,41.9
ARTURO FUENTE Arturo Fuente Opus X Magnum O (36),cigarrillos,nacional,51.9
ARTURO FUENTE Arturo Fuente Opus X Oro Oscuro Res. D'Chateau (32),cigarrillos,nacional,50.9
ARTURO FUENTE Arturo Fuente Opus X Perfecxion Oro Oscuro Tin (El envase de 3),otros,nacional,121.9
ARTURO FUENTE Arturo Fuente Opus X Petite Lancero (32),cigarrillos,nacional,41.1
ARTURO FUENTE Arturo Fuente Opus X Pussy Cats (39),cigarrillos,nacional,36.1
ARTURO FUENTE Arturo Fuente Opus X Robusto Oro Oscuro Tin (El envase de 3),otros,nacional,113.8
ARTURO FUENTE Arturo Fuente Opusx Holiday Collection Sampler (El envase de 15),otros,nacional,603
ARTURO FUENTE Arturo Fuente Rainforest Delight (50),cigarrillos,nacional,5.3
ARTURO FUENTE Between The Lines (25),cigarrillos,nacional,44.5
ARTURO FUENTE Breva Royal Maduro (50),cigarrillos,nacional,2.5
ARTURO FUENTE Breva Royal Normal (50),cigarrillos,nacional,2.5
ARTURO FUENTE Cañones (20),cigarrillos,nacional,9.7
ARTURO FUENTE Chateau Fuente (20),cigarrillos,nacional,6.3
ARTURO FUENTE Chateau Fuente Cuban Belicoso (24),cigarrillos,nacional,8.3
ARTURO FUENTE Chateau Fuente King T (Tubes) (24),cigarrillos,nacional,13.6
ARTURO FUENTE Chateaur F.King B (18),cigarrillos,nacional,22.5
ARTURO FUENTE Chateaur F.Queen B (18),cigarrillos,nacional,16.6
ARTURO FUENTE Churchill (25),cigarrillos,nacional,15.4
ARTURO FUENTE Cuban Corona (25),cigarrillos,nacional,5.6
ARTURO FUENTE Cubanitos (10),cigarrillos,nacional,2
ARTURO FUENTE Doble Chateau Fuente (20),cigarrillos,nacional,16.7
ARTURO FUENTE Don Carlos Belicoso Reserva Superior Limitada Cosecha 1984 (25),cigarrillos,nacional,13.2
ARTURO FUENTE Don Carlos Doble Robusto (25),cigarrillos,nacional,26.2
ARTURO FUENTE Don Carlos N2 Pyramid (25),cigarrillos,nacional,15.5
ARTURO FUENTE Don Carlos Res Superior nº 4 (25),cigarrillos,nacional,19.7
ARTURO FUENTE Don Carlos Reserva Superior Robusto (25),cigarrillos,nacional,12
ARTURO FUENTE Don Carlos Robusto (25),cigarrillos,nacional,24
ARTURO FUENTE Epicure (25),cigarrillos,nacional,5.7
ARTURO FUENTE Exquisitos (50),cigarrillos,nacional,2.6
ARTURO FUENTE Gran Reserva Petit Corona (25),cigarrillos,nacional,5.5
ARTURO FUENTE Hemingway Best Seller (25),cigarrillos,nacional,15.8
ARTURO FUENTE Hemingway Classic (25),cigarrillos,nacional,11.3
ARTURO FUENTE Hemingway Short Story (25),cigarrillos,nacional,7.1
ARTURO FUENTE Hemingway Signature (25),cigarrillos,nacional,10.1
ARTURO FUENTE Hemingway Work Of Art (Natural) (25),cigarrillos,nacional,22.1
"""ARTURO FUENTE Magnum R Vitola """"Fifty-Four"""" (25)""",cigarrillos,nacional,18.6
"""ARTURO FUENTE Magnum R Vitola """"Fifty-Six"""" (25)""",cigarrillos,nacional,17.7
"""ARTURO FUENTE Magnum R Vitola """"Fifty-two"""" (25)""",cigarrillos,nacional,7.8
ARTURO FUENTE Nº 4 (25),cigarrillos,nacional,10.7
ARTURO FUENTE Opus X Belicoso XXX (42),cigarrillos,nacional,36.7
ARTURO FUENTE Opus X Double Corona (32),cigarrillos,nacional,27.6
ARTURO FUENTE Opus X Fuente Fuente (32),cigarrillos,nacional,37.6
ARTURO FUENTE Opus X Perfecxion nº 2 (29),cigarrillos,nacional,44.4
ARTURO FUENTE Opus X Perfecxion nº 4 (42),cigarrillos,nacional,34.9
ARTURO FUENTE Opus X Perfecxion nº 5 (42),cigarrillos,nacional,14.9
ARTURO FUENTE Opus X Perfecxion X (32),cigarrillos,nacional,47.2
ARTURO FUENTE Opus X Perfecxion X (Tin) (3),otros,nacional,53.2
ARTURO FUENTE Opus X Petite Lancero (32),cigarrillos,nacional,17.9
ARTURO FUENTE Opus X Res. D'Chateau (32),cigarrillos,nacional,50.9
ARTURO FUENTE Opus X Res. D'Chateau (Tin) (3),otros,nacional,56.9
ARTURO FUENTE Opus X Robusto (29),cigarrillos,nacional,43.4
ARTURO FUENTE Opus X Robusto Lata P (3),otros,nacional,49.3
ARTURO FUENTE Opus X Super Belicoso (29),cigarrillos,nacional,47
ARTURO FUENTE Reserva Añejo Limitada Maduro Nº 50 (25),cigarrillos,nacional,14.8
ARTURO FUENTE Rothschild (25),cigarrillos,nacional,5.8
Ashford Bright Virginia ( 20 g),otros,nacional,3.3
ASHTON AM Nº 10 Robusto (25),cigarrillos,nacional,15
ASHTON AM nº 20 (25),cigarrillos,nacional,14.8
ASHTON AM Pyramide Torpedo (25),cigarrillos,nacional,11.5
Ashton Artisan's Blend (50 g),tabaco-liar,nacional,20.95
ASHTON Ashton Paradiso Clasico Robusto (24),cigarrillos,nacional,12.3
ASHTON Ashton Paradiso Papagayo XXL Toro Gigante (24),cigarrillos,nacional,13.65
ASHTON Cabinet Belicoso (25),cigarrillos,nacional,15.95
ASHTON Cabinet Nº 3 (20),cigarrillos,nacional,14.5
ASHTON Cabinet Nº 6 (25),cigarrillos,nacional,17.5
ASHTON Cabinet Nº 7 (25),cigarrillos,nacional,18
ASHTON Cabinet Tres Petite (25),cigarrillos,nacional,13.4
ASHTON Cigarillos (el envase de 10),puros,nacional,9.9
ASHTON Classis Sampler Assortment (el envase de 5),otros,nacional,88
Ashton Consummate Gentleman (50 g),tabaco-liar,nacional,19.5
ASHTON Esg Nº 20 Gran Corona (25),cigarrillos,nacional,34
ASHTON Esg Nº 21 Robusto (25),cigarrillos,nacional,32
Ashton Gold Rush (50 g),tabaco-liar,nacional,19.5
Ashton Guilty Pleasure (50 g),tabaco-liar,nacional,19.5
ASHTON Half Corona (el envase de 10),otros,nacional,10.4
ASHTON Heritage Puro Sol Robusto (25),puros,nacional,14.4
ASHTON Mini Cigarillos (el envase de 20),puros,nacional,7.8
ASHTON Paradiso 60-Ring Assortment (el envase de 6),otros,nacional,90
ASHTON Paradiso Quintessence Robusto (24),cigarrillos,nacional,12.75
ASHTON PARADISO Revelation Leviathan Gigante (24),cigarrillos,nacional,14.3
ASHTON PARADISO Revelation Odyssey Toro Gigante  (24),cigarrillos,nacional,13.6
ASHTON PARADISO Revelation Prophet Robusto (24),cigarrillos,nacional,12.35
Ashton Rainy Day (50 g),tabaco-liar,nacional,19.95
ASHTON Señoritas (el envase de 10),otros,nacional,10.9
Ashton Smooth Sailing (50 g),tabaco-liar,nacional,19.95
ASHTON Symmetry Belicoso (25),cigarrillos,nacional,20.5
ASHTON Symmetry Sublime Toro (25),cigarrillos,nacional,22
ASHTON VSG Belicoso (24),cigarrillos,nacional,17.5
ASHTON VSG Corona Gorda (24),cigarrillos,nacional,11.9
ASHTON VSG Enchament (22),cigarrillos,nacional,18.4
ASHTON VSG Robusto (24),cigarrillos,nacional,17.2
ASHTON VSG Torpedo (24),cigarrillos,nacional,20.2
ASHTON VSG Wizard (37),cigarrillos,nacional,20.5
Ashton Winding Road (50 g),tabaco-liar,nacional,18.95
Astleys Nº 1 Mixture (50 g),tabaco-liar,nacional,22.8
Astleys Nº 109 Medium Flake (50 g),tabaco-liar,nacional,29.2
Astleys Nº 2 Mixture (50 g),tabaco-liar,nacional,23.5
Astleys Nº 44 Dark Virginia Flake (50 g),tabaco-liar,nacional,30
Astleys Nº 55 Elisabethian (50 g),tabaco-liar,nacional,23.5
Astleys Nº 66 Cavendish Club (50 g),tabaco-liar,nacional,22.8
Astleys Nº 88 Matured Dark Virginia (50 g),tabaco-liar,nacional,22.8
Astleys Nº 99 Royal Tudor (50 g),tabaco-liar,nacional,22.8
ASYLUM 13 Corona 4x44 (20),cigarrillos,nacional,5
ASYLUM 13 Hercules 7x70 (20),cigarrillos,nacional,11
ASYLUM 13 Medula Circular 50X5 Bundle (25),cigarrillos,nacional,8.9
ASYLUM 13 Medula Mad. Circular 50X5 Bundle (25),cigarrillos,nacional,8.9
ASYLUM 13 Medulla 70 X 7 Maduro Bundle (20),cigarrillos,nacional,13.5
ASYLUM 13 Medulla 80 X 6 Bundle (15),cigarrillos,nacional,14.7
ASYLUM 13 Medulla Oblongata 70 X 7 Maduro (30),cigarrillos,nacional,13.5
ASYLUM 13 Medulla Oblongata 80 X 6 (30),cigarrillos,nacional,14.7
ASYLUM 13 Oblongata 70 X 7 Maduro Bundle (20),cigarrillos,nacional,13.5
ASYLUM 13 Oblongata 80 X 6 Bundle (15),cigarrillos,nacional,14.7
ASYLUM 13 Oblongata Mad. Prensado 50X5 Bundle (25),cigarrillos,nacional,8.9
ASYLUM 13 Oblongata Prensado 50X5 Bundle (25),cigarrillos,nacional,8.9
ASYLUM 13 Robusto 5x50 (20),cigarrillos,nacional,6.5
ASYLUM 13 Toro Gordo 6x60 (20),cigarrillos,nacional,8.5
ASYLUM Asylum 13 Goliath 80x6 (20),cigarrillos,nacional,13.4
ASYLUM Asylum 13 Hercule 7x70 (20),cigarrillos,nacional,11.95
ASYLUM Asylum 13 Ogre Toro Gordo 60X6 (25),cigarrillos,nacional,11.5
ASYLUM Asylum 13 Pandemonium 60x8 1/2 (20),cigarrillos,nacional,14.5
ASYLUM Asylum 13 Robusto 5x50 (25),cigarrillos,nacional,7.75
ASYLUM Asylum 13 Super Goliath 80x8 (20),cigarrillos,nacional,15.5
ASYLUM Asylum 13 Toro Gordo 6x60 (25),cigarrillos,nacional,9.95
ASYLUM Asylum 867 Auntie Corona 46X5 3/4 (20),cigarrillos,nacional,8.9
ASYLUM Asylum 867 Midnigth Oil 54X6 (20),cigarrillos,nacional,12
ASYLUM Asylum 867 Zero Robusto 50X5 (20),cigarrillos,nacional,9.8
ASYLUM Asylum Cool Brew Short Corona 40X4 (25),cigarrillos,nacional,7.5
ASYLUM Asylum Fresh Pack 60x6 (El envase de 4),otros,nacional,45
ASYLUM Asylum Pandemonium 52 x 8 1/2 (20),cigarrillos,nacional,13
ASYLUM Medulla Oblongata 5x50 (30),cigarrillos,nacional,8.9
ASYLUM Medulla Oblongata Maduro 5x50 (30),cigarrillos,nacional,8.9
AUGUSTO REYES Criollo Corona (24),cigarrillos,nacional,5.1
AUGUSTO REYES Criollo Corona (8),otros,nacional,5.1
AUGUSTO REYES Criollo Gordo (24),cigarrillos,nacional,6
AUGUSTO REYES Emperador Augusto (12),cigarrillos,nacional,3.45
AUGUSTO REYES Grand Cru Belicoso (20),cigarrillos,nacional,3.65
AUGUSTO REYES Grand Cru Robusto (20),cigarrillos,nacional,3.4
AUGUSTO REYES Nativo Corona (24),cigarrillos,nacional,7.2
AUGUSTO REYES Nativo Lancero (10),cigarrillos,nacional,7.5
AUGUSTO REYES Nativo Lancero (24),cigarrillos,nacional,7.5
AUGUSTO REYES Nativo Perla (24),cigarrillos,nacional,3.6
AUGUSTO REYES Nativo Presidente (10),cigarrillos,nacional,9.1
AUGUSTO REYES Nativo Presidente (24),cigarrillos,nacional,9.1
AUGUSTO REYES Nativo Robusto (10),cigarrillos,nacional,6.8
AUGUSTO REYES Nativo Toro (10),cigarrillos,nacional,6.9
AUGUSTO REYES Nativo Toro (24),cigarrillos,nacional,6.9
AUGUSTO REYES Taino Cemí (12),cigarrillos,nacional,2.9
Austin Blast (20),cigarrillos,nacional,4.7
Austin Blue,otros,nacional,4.8
Austin Blue 100's (20),cigarrillos,nacional,4.75
Austin Red,otros,nacional,4.8
Austin Red 100's,otros,nacional,4.75
Austin Red 22 (22),cigarrillos,nacional,5.1
Austin Red Originals,otros,nacional,4.7
Austin Silver Superslims,otros,nacional,4.7
AUTENTICO 5 Mezzi (1),otros,nacional,0.7
AUTENTICO Anice (5),otros,nacional,0.7
AVO Avo Heritage Robusto (20),cigarrillos,nacional,10.5
AVO Avo Heritage Short Robusto (20),cigarrillos,nacional,9.2
AVO Avo Heritage Special Toro (20),cigarrillos,nacional,11.9
AVO Avo Seasons Fall Le 2023 (10),cigarrillos,nacional,19
AVO Avo Seasons Summer Le 2023 (10),cigarrillos,nacional,19
AVO Avo Seasons Winter Le 2023 (10),cigarrillos,nacional,19
AVO Avo Xo Notturno Tubos (20),cigarrillos,nacional,11
AVO Compañero Ed. Ltd. 2009 (10),cigarrillos,nacional,6.75
AVO Domaine 20 (25),cigarrillos,nacional,3.25
AVO Domaine 20 CM,otros,nacional,4.9
AVO Domaine 30 (25),cigarrillos,nacional,4.5
AVO Domaine 30 (4),otros,nacional,4.5
AVO Domaine 30 CM,otros,nacional,6.8
AVO Domaine 60 (25),cigarrillos,nacional,2.85
AVO Domaine 60 (5),otros,nacional,2.85
AVO Domaine 60 CM,otros,nacional,4.4
AVO Domaine Assortment (El Envase de 3),otros,nacional,11.3
AVO Domaine Assortment (El envase de 3) CM,otros,nacional,17.1
"""AVO Limited Edition 2008 """"Avo Tesoro"""" (20)""",cigarrillos,nacional,5.3
AVO Puritos Classic (10),cigarrillos,nacional,1.8
AVO Puritos Classic (10)  CM,cigarrillos,nacional,1.65
AVO Puritos Domaine (10),cigarrillos,nacional,1.8
AVO Puritos Domaine (10)  CM,cigarrillos,nacional,1.65
AVO SYNCRO Fogata Robusto (4),otros,nacional,12.2
AZAN Burgundy Petit Corona Tubo (10),cigarrillos,nacional,3.5
AZAN Burgundy Robusto (20),cigarrillos,nacional,2.8
AZAN Burgundy Robusto Tubo (10),cigarrillos,nacional,3.6
Azure 10 (100 g),tabaco-liar,nacional,16
Azure 11 (100 g),tabaco-liar,nacional,16
Azure 12 (100 g),tabaco-liar,nacional,16
Azure 14 (100 g),tabaco-liar,nacional,16
Azure 15 (100 g),tabaco-liar,nacional,16
Azure 153 (100 g),tabaco-liar,nacional,16
Azure 157 (100 g),tabaco-liar,nacional,16
Azure 18 (100 g),tabaco-liar,nacional,16
Azure 2 (100 g),tabaco-liar,nacional,16
Azure 219 (100 g),tabaco-liar,nacional,16
Azure 23 (100 g),tabaco-liar,nacional,16
Azure 24 (100 g),tabaco-liar,nacional,16
Azure 25 (100 g),tabaco-liar,nacional,16
Azure 26 (100 g),tabaco-liar,nacional,16
Azure 3 (100 g),tabaco-liar,nacional,16
Azure 5 (100 g),tabaco-liar,nacional,16
Azure 63 (100 g),tabaco-liar,nacional,16
Azure 8 (100 g),tabaco-liar,nacional,16
Azure 9 (100 g),tabaco-liar,nacional,16
Azure Gold Cosmos (100 g),tabaco-liar,nacional,16
Azure Gold CT Mania (100 g),tabaco-liar,nacional,16
Azure Gold Grow A Tear (100 g),tabaco-liar,nacional,16
Azure Gold Route 66 (100 g),tabaco-liar,nacional,16
Azure Gold Winter Or (100 g),tabaco-liar,nacional,16
B.N. Beige Duro,otros,nacional,6.2
B.N. Clásico Blando,otros,nacional,4.6
B.N. Clásico Duro,otros,nacional,6.2
B.N. Clásico Duro 21 (Edicion Limitada),otros,nacional,5.3
B.N. Clásico Duro CM,otros,nacional,2.9
BACKGAMMON Coronas Especiales (10),cigarrillos,nacional,2.5
BACKWOODS 100% Tobacco,otros,nacional,0.5
BACKWOODS Aromatic,otros,nacional,0.5
BACKWOODS Authentic (el envase de 5),otros,nacional,3.95
BACKWOODS Backwoods Blue Cigar(5),puros,nacional,0.99
BACKWOODS Backwoods Purple Cigar (5),puros,nacional,0.99
BACKWOODS Caribe (el envase 5),otros,nacional,3.95
Backwoods Forest (50 g),tabaco-liar,nacional,4.2
Backwoods Mountain (20 g),tabaco-liar,nacional,2
Backwoods Mountain (50 g),tabaco-liar,nacional,4.2
Backwoods Plain (20 g),tabaco-liar,nacional,1.5
Backwoods Plain (40 g),tabaco-liar,nacional,2.9
BACKWOODS Wild Rum,otros,nacional,0.5
Bakerstreet 104 (50 g),tabaco-liar,nacional,3.8
Bakerstreet 190 (90 g),tabaco-liar,nacional,6.3
Bakerstreet 190 Doybag (90 g),tabaco-liar,nacional,6.8
BALBOA Perla,otros,nacional,1.4
Bali Rounded Virginia (40 g),tabaco-liar,nacional,5.9
Bali Rounded Virginia (40 g) CM,tabaco-liar,nacional,5.1
BANDOLERO Audaces (25),cigarrillos,nacional,2.2
BANDOLERO Audaces (25) CM,cigarrillos,nacional,2.2
BANDOLERO Osados (40),cigarrillos,nacional,1.95
BANDOLERO Osados (40) CM,cigarrillos,nacional,1.95
BANDOLERO Sagaces (35),cigarrillos,nacional,2.15
BANDOLERO Sagaces (35) CM,cigarrillos,nacional,2.15
BANDOLERO Salvajes (30),cigarrillos,nacional,2
BANDOLERO Salvajes (30) CM,cigarrillos,nacional,2
Baraka (500 g). Tabaco Pipa,tabaco-pipa,nacional,39
Baraka 150 Gr. Tabaco Pipa (150 g),tabaco-pipa,nacional,11.1
Baraka Red 20 Gr. Tabaco Pipa (20 g),tabaco-pipa,nacional,1.5
Baraka Soul 20 Gr. Tabaco Pipa (20 g),tabaco-pipa,nacional,1.5
BARLOVENTO Brevas (50),cigarrillos,nacional,0.65
BARLOVENTO Corona (10),cigarrillos,nacional,1.6
BARLOVENTO Coronas Especiales(25),cigarrillos,nacional,1.3
BARLOVENTO Robusto (10),cigarrillos,nacional,1.7
BARLOVENTO Tubulares (25),cigarrillos,nacional,2.1
BARLOVENTO Viudita (10),cigarrillos,nacional,1.4
BARON ULLMANN Don Paco Especial (24),cigarrillos,nacional,17
BARON ULLMANN Gran Robusto by Quesada Edicion Limitada (20),cigarrillos,nacional,16.25
BARON ULLMANN Lanceros (10),cigarrillos,nacional,12
BARON ULLMANN Robusto (24),cigarrillos,nacional,10
BARON ULLMANN Sexteto (El envase de 6),otros,nacional,75
BARON ULLMANN Torpedo (24),cigarrillos,nacional,15
Baroudeur Gold (500 g),tabaco-liar,nacional,34.9
Baroudeur Gold (999 g),tabaco-liar,nacional,69
BARREDA LOTES RESERVADOS ALTAGRACIA Barreda Lotes Reservados Altagracia Grand Robusto M (25),cigarrillos,nacional,3.8
BARREDA LOTES RESERVADOS NO. 10 Barreda Lotes Reservados No.10 Doble Robusto (25),cigarrillos,nacional,3.6
BARREDA LOTES RESERVADOS NO. 10 Barreda Lotes Reservados No.10 Gran Toro (25),cigarrillos,nacional,3.9
BARREDA LOTES RESERVADOS NO. 10 Barreda Lotes Reservados No.10 Petit Cañon (25),cigarrillos,nacional,3.5
BARREDA VEGA SUPREMA ORO Barreda Vega Suprema Oro Doble Robusto C (24),cigarrillos,nacional,7.9
BARREDA VEGA SUPREMA ORO Barreda Vega Suprema Oro Gran Cañon C (24),cigarrillos,nacional,8.5
BARREDA VEGA SUPREMA ORO Barreda Vega Suprema Oro Gran Toro C (24),cigarrillos,nacional,8.6
Barsdorf's Bester Bright Virginia (100 g),tabaco-liar,nacional,7.6
Barsdorf's Bester Bright Virginia (40 g),tabaco-liar,nacional,3.5
Barsdorf's Bester Mixture (100 g),tabaco-liar,nacional,7.6
Barsdorf's Bester Original Blend (20 g),tabaco-liar,nacional,1.7
Barsdorf's Bester Original Blend (40 g),tabaco-liar,nacional,3.5
Barsdorf's Bester Red Easy Burn (100 g),tabaco-liar,nacional,7.6
Barsdorf's Bester Red Easy Burn (40 g),tabaco-liar,nacional,3.5
Bayside Virginia Blend (20 g),tabaco-liar,nacional,1.5
Bayside Virginia Blend (50 g),tabaco-liar,nacional,3.5
Bellini Torino (50 g),tabaco-liar,nacional,3.9
Bellini Toscana (50 g),tabaco-liar,nacional,3.9
Bellini Venezia (50 g),tabaco-liar,nacional,3.9
BENAVIDES Homenaje (25),cigarrillos,nacional,1.15
BENAVIDES Lonsdales (3),otros,nacional,2.2
Benson & Hedges 100'S,otros,nacional,7.65
Benson & Hedges American Blue,otros,nacional,4.3
Benson & Hedges Gold,otros,nacional,7.9
Benson & Hedges Silver,otros,nacional,7.75
BENTLEY B13 Cigar (25),puros,nacional,15.5
BENTLEY Belicoso (5),otros,nacional,15.5
BENTLEY Bentley White Robusto (20),cigarrillos,nacional,15.95
BENTLEY Bentley White Toro (20),cigarrillos,nacional,16.95
BENTLEY Churchill (5),otros,nacional,16
BENTLEY Mini (20),cigarrillos,nacional,0.65
BENTLEY Mini (El envase de 20),otros,nacional,15
BENTLEY Robusto (20),cigarrillos,nacional,14.5
BENTLEY Robusto (5),otros,nacional,14.5
BENTLEY Señoritas (10),cigarrillos,nacional,1.3
BENTLEY Señoritas (El envase de 10),otros,nacional,15
Bentley The Classic One (100 g),tabaco-liar,nacional,35
Bentley The Classic One (50 g),tabaco-liar,nacional,19.5
Bentley The London Carmine (100 g),tabaco-liar,nacional,35
Bentley The London Carmine (50 g),tabaco-liar,nacional,19.5
Bentley The Oriental Amber (100 g),tabaco-liar,nacional,35
Bentley The Oriental Amber (50 g),tabaco-liar,nacional,19.5
Bentley The Planters Purpure (100 g),tabaco-liar,nacional,35
Bentley The Planters Purpure (50 g),tabaco-liar,nacional,19.5
Bentley The Royal Gold (100 g),tabaco-liar,nacional,35
Bentley The Royal Gold (50 g),tabaco-liar,nacional,19.5
Bentley The Virginia Ruby (100 g),tabaco-liar,nacional,35
Bentley The Virginia Ruby (50 g),tabaco-liar,nacional,19.5
Berkeley Blue,otros,nacional,4.9
Berkeley Menthol,otros,nacional,4.9
Berkeley Superkings.,otros,nacional,4.9
Big Ben (18 g),tabaco-liar,nacional,1.35
Big Ben (200 g),tabaco-liar,nacional,13.9
Big Ben (25 g),tabaco-liar,nacional,1.95
Big Ben (25 g) CM,tabaco-liar,nacional,1.6
Big Ben Classic Green (150 g),tabaco-liar,nacional,11.5
Big Ben Classic Green (150 g) CM,tabaco-liar,nacional,9.6
Big Ben Classic Green (25 g),tabaco-liar,nacional,2
Big Ben Classic Green (25 g) CM,tabaco-liar,nacional,1.6
Big Ben Classic Mixture (100 g),tabaco-liar,nacional,7
Big Ben Classic Mixture (100 g) CM,tabaco-liar,nacional,5.9
Big Chief American Blend,otros,nacional,4.6
Big Chief American Blend (17 g),tabaco-liar,nacional,2.85
Big Chief American Blend Bolsa (70 g),tabaco-liar,nacional,10.5
Big Chief American Blend Lata (40g),tabaco-liar,nacional,5.4
Big Chief Filter Kit (40 g),tabaco-liar,nacional,6.5
Big Chief Flavored Rolling Tobacco Cherry (30 g),tabaco-liar,nacional,4.95
Big Chief Flavored Rolling Tobacco Ice Tea (30 g),tabaco-liar,nacional,4.95
Big Chief Flavored Rolling Tobacco Vainilla (30 g),tabaco-liar,nacional,4.95
Big Chief Golden Wood,otros,nacional,4.6
Big Chief Leaf,otros,nacional,4.6
Big Chief Leaf (30 g),tabaco-liar,nacional,4.9
Big Chief Leaf (30 g) CM,tabaco-liar,nacional,3.5
Big Chief Leaf (80 g),tabaco-liar,nacional,12.8
Big Chief Leaf (80 g) CM,tabaco-liar,nacional,8
Big Chief Maxxi Volume (15 g),tabaco-liar,nacional,2.4
Big Chief Maxxi Volume (60 g),tabaco-liar,nacional,9.8
Big Chief Maxxi Volume Cubo (350 g),tabaco-liar,nacional,63.6
Big Chief Pipe Tobacco Special Indian Cut (175g),tabaco-liar,nacional,7.5
Big Chief Pipe Tobacco Special Indian Cut (400 g),tabaco-liar,nacional,15.5
Big Chief Pipe Tobacco Special Indian Cut (80 g),tabaco-liar,nacional,4
Big Chief Pipe Tobacco Special Indian Cut (80 g) CM,tabaco-liar,nacional,3
Big Chief Pure Pipe (60 g),tabaco-liar,nacional,4.5
Black Devil Black (20),cigarrillos,nacional,4.9
Black Devil Gold (20),cigarrillos,nacional,4.5
Black Devil Green (20),cigarrillos,nacional,4.05
Black Devil Green (20) CM,cigarrillos,nacional,2.2
Black Devil Pink (20),cigarrillos,nacional,4.9
Black Devil Pink CM,otros,nacional,2.2
Black Devil Red (20),cigarrillos,nacional,4.5
Black Devil Special Flavour CM,otros,nacional,2.2
BLACK DEVIL Sunset Filter (el envase de 20),otros,nacional,2.4
Black Hawk Volumen (46 g),tabaco-liar,nacional,7.9
BLACK JACK Black Jack Original Cigars (5),puros,nacional,0.5
Black Jack Life is a Gamble (90 g),tabaco-liar,nacional,4
Black Jack Life's a gamble (125 g),tabaco-liar,nacional,4
Black Jack Life's a Gamble (200 g),tabaco-liar,nacional,8
Black Jack Life's a Gamble Blue (40 g),tabaco-liar,nacional,1.75
Black Jack Life's a Gamble Virginia Blend (40 g),tabaco-liar,nacional,1.75
Black Jack Original Blend (100 g),tabaco-liar,nacional,7.95
Black Jack Original Blend (20 g),tabaco-liar,nacional,1.5
Black Jack Original Blend (200 g),tabaco-liar,nacional,14.2
Blackburn Anans Shok (100 g),tabaco-liar,nacional,15.95
Blackburn Bapai Dnner (100 g),tabaco-liar,nacional,15.95
Blackburn Blckm Lmnd (100 g),tabaco-liar,nacional,15.95
Blackburn Bromnie (100 g),tabaco-liar,nacional,15.95
Blackburn Celebricrisp (100 g),tabaco-liar,nacional,15.95
Blackburn Chupper Grupper (100 g),tabaco-liar,nacional,15.95
Blackburn Donatella (100 g),tabaco-liar,nacional,15.95
Blackburn Ekzotic M (100 g),tabaco-liar,nacional,15.95
Blackburn Elka (100 g),tabaco-liar,nacional,15.95
Blackburn Epic Guru (100 g),tabaco-liar,nacional,15.95
Blackburn Fei Jem (100 g),tabaco-liar,nacional,15.95
Blackburn Frostpeak (100 g),tabaco-liar,nacional,15.95
Blackburn Glacial Tot (100 g),tabaco-liar,nacional,15.95
Blackburn Green Stoner (100 g),tabaco-liar,nacional,15.95
Blackburn Green T (100 g),tabaco-liar,nacional,15.95
Blackburn Haribon (100 g),tabaco-liar,nacional,15.95
Blackburn Kane Myata (100 g),tabaco-liar,nacional,15.95
Blackburn Kram Shok (100 g),tabaco-liar,nacional,15.95
Blackburn Lemn Shok (100 g),tabaco-liar,nacional,15.95
Blackburn Malibu (100 g),tabaco-liar,nacional,15.95
Blackburn Na Chille (100 g),tabaco-liar,nacional,15.95
Blackburn Overdose (100 g),tabaco-liar,nacional,15.95
Blackburn Persik Guru (100 g),tabaco-liar,nacional,15.95
Blackburn Raserry (100 g),tabaco-liar,nacional,15.95
Blackburn Real P.F. (100 g),tabaco-liar,nacional,15.95
Blackburn Red Energy (100 g),tabaco-liar,nacional,15.95
Blackburn Skittles (100 g),tabaco-liar,nacional,15.95
Blackburn Summer Basket (100 g),tabaco-liar,nacional,15.95
Blackburn Vallas Las (100 g),tabaco-liar,nacional,15.95
Blackburn Zerry Shok (100 g),tabaco-liar,nacional,15.95
Blackburn Zestybliss (100 g),tabaco-liar,nacional,15.95
Blaze Baba Gamma (200 g),tabaco-liar,nacional,22.5
Blaze Baba Gamma (50 g),tabaco-liar,nacional,6.5
Blaze Batluva (200 g),tabaco-liar,nacional,22.5
Blaze Batluva (50 g),tabaco-liar,nacional,6.5
Blaze Black Cinema Roll (200 g),tabaco-liar,nacional,22.5
Blaze Black Cinema Roll (50 g),tabaco-liar,nacional,6.5
Blaze Black Luv (200 g),tabaco-liar,nacional,22.5
Blaze Black Luv (50 g),tabaco-liar,nacional,6.5
Blaze Black Uber (200g),tabaco-liar,nacional,22.5
Blaze Black Uber (50g),tabaco-liar,nacional,6.5
Blaze Blowtus Dark (200 g),tabaco-liar,nacional,22.5
Blaze Blowtus Dark (50 g),tabaco-liar,nacional,6.5
Blaze Guavemente (200 g),tabaco-liar,nacional,22.5
Blaze Guavemente (50 g),tabaco-liar,nacional,6.5
Blaze Koka Koala (200 g),tabaco-liar,nacional,22.5
Blaze Koka Koala (50 g),tabaco-liar,nacional,6.5
Blaze Lemenciaga (200 g),tabaco-liar,nacional,22.5
Blaze Lemenciaga (50 g),tabaco-liar,nacional,6.5
Blaze Lim Hype (200 g),tabaco-liar,nacional,22.5
Blaze Lim Hype (50 g),tabaco-liar,nacional,6.5
Blaze Nana (200 g),tabaco-liar,nacional,22.5
Blaze Nana (50 g),tabaco-liar,nacional,6.5
Blaze Preach (200 g),tabaco-liar,nacional,22.5
Blaze Preach (50 g),tabaco-liar,nacional,6.5
Blaze White Heaven (200 g),tabaco-liar,nacional,22.5
Blaze White Heaven (50 g),tabaco-liar,nacional,6.5
Blaze Wiwi (200 g),tabaco-liar,nacional,22.5
Blaze Wiwi (50 g),tabaco-liar,nacional,6.5
Blue Horse Alhambra (50 g),tabaco-liar,nacional,3.85
Blue Horse Alhambra (50 g) CM,tabaco-liar,nacional,2.2
Blue Horse Amsterdam Lights (50 g),tabaco-liar,nacional,3.3
Blue Horse Amsterdam Lights (50 g) CM,tabaco-liar,nacional,2.1
Blue Horse Baku Nights (50 g),tabaco-liar,nacional,3.85
Blue Horse Baku Nights (50 g) CM,tabaco-liar,nacional,2.2
Blue Horse Beirut Al Araq (50 g),tabaco-liar,nacional,3.85
Blue Horse Beirut Al Araq (50 g) CM,tabaco-liar,nacional,2.2
Blue Horse Discovery (50 g),tabaco-liar,nacional,3.85
Blue Horse Discovery (50 g) CM,tabaco-liar,nacional,2.2
Blue Horse Istanblue (50 g),tabaco-liar,nacional,3.85
Blue Horse Istanblue (50 g) CM,tabaco-liar,nacional,2.2
Blue Horse La Beirut (50 g),tabaco-liar,nacional,3.85
Blue Horse La Beirut (50 g) CM,tabaco-liar,nacional,2.2
Blue Horse London Fog (50 g),tabaco-liar,nacional,3.3
Blue Horse London Fog (50 g) CM,tabaco-liar,nacional,2.1
Blue Horse Mi Amor (1000 g),tabaco-liar,nacional,65
Blue Horse Mi Amor (1000 g) CM,tabaco-liar,nacional,33
Blue Horse Mi Amor (200 g),tabaco-liar,nacional,14
Blue Horse Mi Amor (200 g) CM,tabaco-liar,nacional,8
Blue Horse Mi Amor (50 g),tabaco-liar,nacional,3.85
Blue Horse Mi Amor (50 g) CM,tabaco-liar,nacional,2.2
Blue Horse Mi Amor (990 g),tabaco-liar,nacional,65
Blue Horse Mi Amor (990 g) CM,tabaco-liar,nacional,31.95
Blue Horse Moscow Evenings (1000 g),tabaco-liar,nacional,54.95
Blue Horse Moscow Evenings (1000 g) CM,tabaco-liar,nacional,31.95
Blue Horse Moskow Evenings (50 g),tabaco-liar,nacional,3.85
Blue Horse Moskow Evenings (50 g) CM,tabaco-liar,nacional,2.2
Blue Horse No Woman No Cry (50 g),tabaco-liar,nacional,3.85
Blue Horse No Woman No Cry (50 g) CM,tabaco-liar,nacional,2.2
Blue Horse Paris Romantique (50 g),tabaco-liar,nacional,3.3
Blue Horse Paris Romantique (50 g) CM,tabaco-liar,nacional,2.1
Blue Horse Rio Kiss (50 g),tabaco-liar,nacional,3.3
Blue Horse Rio Kiss (50 g) CM,tabaco-liar,nacional,2.1
Blue Horse Sputnik (50 g),tabaco-liar,nacional,3.3
Blue Horse Sputnik (50 g) CM,tabaco-liar,nacional,2.1
Blue Horse Strangers in the Night (50 g),tabaco-liar,nacional,3.3
Blue Horse Strangers in the Night (50 g) CM,tabaco-liar,nacional,2.1
Blue Horse The Coldest Green (200 g),tabaco-liar,nacional,14
Blue Horse The Coldest Green (200 g) CM,tabaco-liar,nacional,8
Blue Horse The Coldest Green (50 g),tabaco-liar,nacional,3.85
Blue Horse The Coldest Green (50 g) CM,tabaco-liar,nacional,2.2
Blue Horse The Perfect Storm (50 g),tabaco-liar,nacional,3.3
Blue Horse The Perfect Storm (50 g) CM,tabaco-liar,nacional,2.1
Blue Horse Thor´s Flash (50 g),tabaco-liar,nacional,3.85
Blue Horse Thor´s Flash (50 g) CM,tabaco-liar,nacional,2.2
Blue Horse Tokyo Desire (50 g),tabaco-liar,nacional,3.85
Blue Horse Tokyo Desire (50 g) CM,tabaco-liar,nacional,2.2
Blue Horse Venezia Serenata (50 g),tabaco-liar,nacional,3.85
Blue Horse Venezia Serenata (50 g) CM,tabaco-liar,nacional,2.2
Blue Horse Wind Of Amazon (50 g),tabaco-liar,nacional,3.85
Blue Horse Wind Of Amazon (50 g) CM,tabaco-liar,nacional,2.2
Blunt Warp 2X Strawberry Kiwi Double P.5,otros,nacional,1.2
Blunt Wrap 2X Amber P-5,otros,nacional,1.4
Blunt Wrap 2X Amber P-5 CM,otros,nacional,1
Blunt Wrap 2X Apple Martini Double P.5,otros,nacional,1.2
Blunt Wrap 2X Azure P-5,otros,nacional,1.4
Blunt Wrap 2X Azure P-5 CM,otros,nacional,1
Blunt Wrap 2X Berries Double P.5,otros,nacional,1.2
Blunt Wrap 2X Black P-5,otros,nacional,1.4
Blunt Wrap 2X Black P-5 CM,otros,nacional,1
Blunt Wrap 2X Blue P-5,otros,nacional,1.4
Blunt Wrap 2X Blue P-5 CM,otros,nacional,1
Blunt Wrap 2X Blueberry Burstin Double P.5,otros,nacional,1.2
Blunt Wrap 2X Brown P-5,otros,nacional,1.4
Blunt Wrap 2X Brown P-5 CM,otros,nacional,1
Blunt Wrap 2X Chocolat Double P.5,otros,nacional,1.2
Blunt Wrap 2X Cosmopolitan Double P.5,otros,nacional,1.2
Blunt Wrap 2X Gin & Juice Double P.5,otros,nacional,1.2
Blunt Wrap 2X Grape a Licious Double P.5,tabaco-aspirar,nacional,1.2
Blunt Wrap 2X Green P-5,otros,nacional,1.4
Blunt Wrap 2X Green P-5 CM,otros,nacional,1
Blunt Wrap 2X Ivory P-5,otros,nacional,1.4
Blunt Wrap 2X Ivory P-5 CM,otros,nacional,1
Blunt Wrap 2X Jade P-5,otros,nacional,1.4
Blunt Wrap 2X Jade P-5 CM,otros,nacional,1
Blunt Wrap 2X Maroon P-5,otros,nacional,1.4
Blunt Wrap 2X Maroon P-5 CM,otros,nacional,1
Blunt Wrap 2X Mello Mango Double P.5,otros,nacional,1.2
Blunt Wrap 2X Peach Passion Double P.5,otros,nacional,1.2
Blunt Wrap 2X Pink P-5,otros,nacional,1.4
Blunt Wrap 2X Pink P-5 CM,otros,nacional,1
Blunt Wrap 2X Piña Colada Double P.5,otros,nacional,1.2
Blunt Wrap 2X Purple Double P.5,otros,nacional,1.2
Blunt Wrap 2X Purple P-5,otros,nacional,1.4
Blunt Wrap 2X Purple P-5 CM,otros,nacional,1
Blunt Wrap 2X Red P-5,otros,nacional,1.4
Blunt Wrap 2X Red P-5 CM,otros,nacional,1
Blunt Wrap 2X Sparkling Gold Double P.5,otros,nacional,1.2
Blunt Wrap 2X Turquoise P-5,otros,nacional,1.4
Blunt Wrap 2X Turquoise P-5 CM,otros,nacional,1
Blunt Wrap 2X Violet P-5,otros,nacional,1.4
Blunt Wrap 2X Violet P-5 CM,otros,nacional,1
Blunt Wrap 2X Watermelon Double P.5,otros,nacional,1.2
Blunt Wrap 2X Wet Cherry Double P.5,otros,nacional,1.2
Blunt Wrap 2X White P-5,otros,nacional,1.4
Blunt Wrap 2X White P-5 CM,otros,nacional,1
Blunt Wrap 2X Wild Honey Double P.5,otros,nacional,1.2
Blunt Wrap 2X Xo Cognac Double P.5,otros,nacional,1.2
Blunt Wrap 2X Yellow P-5,otros,nacional,1.4
Blunt Wrap 2X Yellow P-5 CM,otros,nacional,1
"""Blunt Wrap 3X Bubble Gum (X3) """,otros,nacional,1.5
Blunt Wrap 3X Bubble Gum (X3)  CM,otros,nacional,1.5
Blunt Wrap 3X Jamaican Rum (X3),otros,nacional,1.5
Blunt Wrap 3X Jamaican Rum (X3) CM,otros,nacional,1.5
Blunt Wrap 3X Kush (X3),otros,nacional,1.5
Blunt Wrap 3X Kush (X3) CM,otros,nacional,1.5
Blunt Wrap 3X Mojito (X3),otros,nacional,1.5
Blunt Wrap 3X Mojito (X3) CM,otros,nacional,1.5
Blunt Wrap 3X Whiskey N'Cola (X3),otros,nacional,1.5
Blunt Wrap 3X Whiskey N'Cola (X3) CM,otros,nacional,1.5
Blunt Wrap 3X Zero Natural Flavor (X3),otros,nacional,1.5
Blunt Wrap 3X Zero Natural Flavor (X3) CM,otros,nacional,1.5
Blunt Wrap Doble Platinum Bubble Gum (X2),otros,nacional,1.2
Blunt Wrap Doble Platinum Bubble Gum (X2) CM,otros,nacional,1
Blunt Wrap Doble Platinum Jamaica Rum (X2),otros,nacional,1.2
Blunt Wrap Doble Platinum Jamaica Rum (X2) CM,otros,nacional,1
Blunt Wrap Doble Platinum Mojito (X2),otros,nacional,1.2
Blunt Wrap Doble Platinum Mojito (X2) CM,otros,nacional,1
Blunt Wrap Doble Platinum Zero (X2),otros,nacional,1.2
Blunt Wrap Doble Platinum Zero (X2) CM,otros,nacional,1
Blunt Wrap Double Platinum Apple Martini (X2),otros,nacional,1.1
Blunt Wrap Double Platinum Apple Martini (X2) CM,otros,nacional,1
Blunt Wrap Double Platinum Berries (X2),otros,nacional,1.1
Blunt Wrap Double Platinum Berries (X2) CM,otros,nacional,1
Blunt Wrap Double Platinum Blueberry Bursti (X2),otros,nacional,1.1
Blunt Wrap Double Platinum Blueberry Bursti (X2) CM,otros,nacional,1
Blunt Wrap Double Platinum Chocolate (X2),otros,nacional,1.1
Blunt Wrap Double Platinum Chocolate (X2) CM,otros,nacional,1
Blunt Wrap Double Platinum Cosmopolitan (X2),otros,nacional,1.2
Blunt Wrap Double Platinum Cosmopolitan (X2) CM,otros,nacional,1
Blunt Wrap Double Platinum French Vanilla (X2),otros,nacional,1.1
Blunt Wrap Double Platinum French Vanilla (X2) CM,otros,nacional,1
Blunt Wrap Double Platinum Gin & Juice (X2),otros,nacional,1.1
Blunt Wrap Double Platinum Gin & Juice (X2) CM,otros,nacional,1
Blunt Wrap Double Platinum Grape a Licious (X2),tabaco-aspirar,nacional,1.1
Blunt Wrap Double Platinum Grape a Licious (X2) CM,tabaco-aspirar,nacional,1
Blunt Wrap Double Platinum Mello Mango (X2),otros,nacional,1.1
Blunt Wrap Double Platinum Mello Mango (X2) CM,otros,nacional,1
Blunt Wrap Double Platinum Peach Passion (X2),otros,nacional,1.1
Blunt Wrap Double Platinum Peach Passion (X2) CM,otros,nacional,1
Blunt Wrap Double Platinum Pina Colada (X2),otros,nacional,1.1
Blunt Wrap Double Platinum Pina Colada (X2) CM,otros,nacional,1
Blunt Wrap Double Platinum Purple (X2),otros,nacional,1.1
Blunt Wrap Double Platinum Purple (X2) CM,otros,nacional,1
Blunt Wrap Double Platinum Sparkling Gold (X2),otros,nacional,1.1
Blunt Wrap Double Platinum Sparkling Gold (X2) CM,otros,nacional,1
Blunt Wrap Double Platinum Strawberry Kiwi (X2),otros,nacional,1.1
Blunt Wrap Double Platinum Strawberry Kiwi (X2) CM,otros,nacional,1
Blunt Wrap Double Platinum Watermelon (X2),otros,nacional,1.1
Blunt Wrap Double Platinum Watermelon (X2) CM,otros,nacional,1
Blunt Wrap Double Platinum Wet Cherry (X2),otros,nacional,1.1
Blunt Wrap Double Platinum Wet Cherry (X2) CM,otros,nacional,1
Blunt Wrap Double Platinum Wild Honey (X2),otros,nacional,1.2
Blunt Wrap Double Platinum Wild Honey (X2) CM,otros,nacional,1
Blunt Wrap Double Platinum XO Cognac (X2),otros,nacional,1.2
Blunt Wrap Double Platinum XO Cognac (X2) CM,otros,nacional,1
BOLIVAR Belicosos Finos (25),cigarrillos,nacional,18.2
BOLIVAR Belicosos Finos (25) CM,cigarrillos,nacional,15.4
BOLIVAR Bolivar Belicosos Finos Reserva (20),cigarrillos,nacional,113.3
BOLIVAR Bolivar New Gold Medal LCDH (10),cigarrillos,nacional,29.9
BOLIVAR Bolívar Regentes E.L. 2021 (25),cigarrillos,nacional,38.2
BOLIVAR Bolivar Royal Coronas Estuche (5),otros,nacional,24.8
BOLIVAR Bolivar Tubos No. 2 (25),cigarrillos,nacional,11.3
BOLIVAR Libertadores (10),cigarrillos,nacional,33
BOLIVAR Petit Coronas (25),cigarrillos,nacional,10.6
BOLIVAR Petit Coronas (25) CM,cigarrillos,nacional,9
BOLIVAR Royal Corona Tubo (10),cigarrillos,nacional,20.3
BOLIVAR Royal Corona Tubo (10) CM,cigarrillos,nacional,17.2
BOLIVAR Royal Coronas (25),cigarrillos,nacional,19.6
BOLIVAR Royal Coronas (25) CM,cigarrillos,nacional,16.6
BOLIVAR Soberanos (10),cigarrillos,nacional,32
BONESHAKER Boneshaker Morning Star (20),cigarrillos,nacional,6.4
BONESHAKER Mace 60 (20),cigarrillos,nacional,6.2
BONESHAKER Mace 60 (20) CM,cigarrillos,nacional,5.25
BONESHAKER Maul 54 (20),cigarrillos,nacional,7.2
BONESHAKER Maul 54 (20) CM,cigarrillos,nacional,6.1
Borkum Riff Black (50 g),tabaco-liar,nacional,8.3
Borkum Riff Black (50 g) CM,tabaco-liar,nacional,7.9
Borkum Riff Bronze (50 g),tabaco-liar,nacional,7.8
Borkum Riff Bronze (50 g) CM,tabaco-liar,nacional,7.4
Borkum Riff Champagne (50 g),tabaco-liar,nacional,5.6
Borkum Riff Champagne (50 g) CM,tabaco-liar,nacional,4.95
Borkum Riff Copper (50 g),tabaco-liar,nacional,8.3
Borkum Riff Copper (50 g) CM,tabaco-liar,nacional,7.9
Borkum Riff Edición Limitada 2012 (100 g),tabaco-liar,nacional,9.2
Borkum Riff Edición Limitada 2012 (100 g) CM,tabaco-liar,nacional,8.7
Borkum Riff Edición Limitada 2013 (100 g),tabaco-liar,nacional,9.2
Borkum Riff Edición Limitada 2013 (100 g) CM,tabaco-liar,nacional,8.7
Borkum Riff Edición Limitada 2014 (100 g),tabaco-liar,nacional,10.5
Borkum Riff Malt Bronze (200 g),tabaco-liar,nacional,22.8
Borkum Riff Malt Bronze (200 g) CM,tabaco-liar,nacional,22.4
Borkum Riff Orange (50 g),tabaco-liar,nacional,8.1
Borkum Riff Orange (50 g) CM,tabaco-liar,nacional,7.7
Borkum Riff Original (50 g),tabaco-liar,nacional,7.9
Borkum Riff Original (50 g) CM,tabaco-liar,nacional,7.5
Borkum Riff Raw Blend (40 g),tabaco-liar,nacional,3.9
Borkum Riff Ruby (50 g),tabaco-liar,nacional,8
Borkum Riff Ruby (50 g) CM,tabaco-liar,nacional,7.6
Borkum Riff Scandinavian Mixture (50 g),tabaco-liar,nacional,5.3
Borkum Riff Scandinavian Mixture (50 g)  CM,tabaco-liar,nacional,4.75
Borkum Riff Special Mixture Nº 8 (50 g),tabaco-liar,nacional,5.3
Borkum Riff Special Mixture Nº 8 (50 g) CM,tabaco-liar,nacional,4.7
Borkum Riff Sungold (50 g),tabaco-liar,nacional,8.2
Borkum Riff Sungold (50 g) CM,tabaco-liar,nacional,7.8
BOSSNER 20TH ANNIVERSARY MARTIN Tubo Nic. (20),cigarrillos,nacional,27.5
BOSSNER 20TH ANNIVERSARY MARTIN Tubo Nic. (3),otros,nacional,27.5
BOSSNER ALEXANDER I Claro Rep. Dom. (5),otros,nacional,10.2
BOSSNER ALEXANDER I Maduro Rep. Dom. (5),otros,nacional,10.2
BOSSNER AMBASSADOR Maduro Rep. Dom. (30),cigarrillos,nacional,23.3
BOSSNER AMBASSADOR Maduro Tubo Rep. Dom. (1),otros,nacional,23.3
BOSSNER BARON Maduro Nicaragua (3),otros,nacional,25.9
BOSSNER CHURCHILL Classic Rep. Dom. (3),otros,nacional,17
BOSSNER CLEOPATRA Maduro Rep. Dom. (5),otros,nacional,20
BOSSNER Corona 001 Classic Rep. Dom. (10),cigarrillos,nacional,12.4
BOSSNER Corona 002 Classic Rep. Dom. (10),cigarrillos,nacional,12
BOSSNER Double Corona Classic Rep. Dom. (10),cigarrillos,nacional,15.4
BOSSNER EKATERINA I Claro Rep. Dom. (5),otros,nacional,11.4
BOSSNER EKATERINA I Maduro Rep. Dom. (5),otros,nacional,11.4
BOSSNER ELIZABETH I Claro Rep. Dom. (5),otros,nacional,12.5
BOSSNER ELIZABETH I Maduro Rep. Dom. (5),otros,nacional,12.5
BOSSNER PETER I Claro Rep. Dom. (5),otros,nacional,12.5
BOSSNER PETER I Maduro Rep. Dom. (5),otros,nacional,12.5
BOSSNER RICHARD I Maduro Nicaragua (4),otros,nacional,14
BOSSNER RICHARD I Moreno Nicaragua (4),otros,nacional,14
BOSSNER Robusto Classic Rep. Dom. (10),cigarrillos,nacional,11.95
BOSSNER ROLANDO Robusto Maduro Rep. Dom. (10),cigarrillos,nacional,11.95
BOSSNER Torpedo Classic Rep. Dom. (10),cigarrillos,nacional,18.6
BRANIFF American Blend Capa Natural (El envase de 17),otros,nacional,2.7
BRANIFF American Blend Filter 100 (El envase de 17),otros,nacional,2.9
BRANIFF American Blend Filter 100 (El envase de 17) CM,otros,nacional,1.5
BRANIFF Blanco Filtro (El envase de 20),otros,nacional,1.2
BRANIFF Braniff American Blend Capa Natural (El Envase de 20),otros,nacional,3.1
BRANIFF Braniff Linea D' Oro Platinum (El envase de 17),otros,nacional,2.6
BRANIFF Braniff Linea D'Oro Negro (El envase de 17),otros,nacional,2.6
BRANIFF Braniff Linea D'Oro Red (El envase de 17),otros,nacional,2.6
BRANIFF Braniff Linea D'Oro White (El envase de 17),otros,nacional,2.6
BRANIFF Braniff Platinum Filter 100 (El envase de 17),otros,nacional,2.9
BRANIFF Gold Filter 100 (el envase de 17),otros,nacional,2.9
BRANIFF Linea D'Oro Gold (el envase de 20),otros,nacional,3.3
BRANIFF Linea D'Oro Negro Filter (El envase de 20),otros,nacional,3.3
BRANIFF Linea D'Oro Red (El envase de 12),otros,nacional,1.8
BRANIFF Linea D'Oro Red (El envase de 20),otros,nacional,3.3
BRANIFF Linea D'Oro Red (El envase de 20) CM,otros,nacional,2
BRANIFF Linea D'Oro White (El envase de 12),otros,nacional,1.8
BRANIFF Linea D'Oro White (El envase de 20),otros,nacional,3.3
BRANIFF Linea D'Oro White (El envase de 20) CM,otros,nacional,1.6
BRANIFF Negro Capa Natural (El envase de 20),otros,nacional,3.1
BRANIFF Negro Filt Capa Natural (El envase de 20),otros,nacional,3.1
BRANIFF Negro Filt Capa Natural (El envase de 20) CM,otros,nacional,1.5
BRANIFF Negro Filter 100 (El envase de 17),otros,nacional,2.9
BRANIFF Negro Filter Capa Natural (El envase de 17),otros,nacional,2.7
BRANIFF White Filter 100 (el envase de 17),otros,nacional,2.9
BRANIFF White Filter 100 (el envase de 17) CM,otros,nacional,1.5
Bravo American Blend,otros,nacional,4.6
Bravo American Blend (200 g),tabaco-liar,nacional,27.6
Bravo American Blend (200 g) CM,tabaco-liar,nacional,11.5
Bravo American Blend (25 g),tabaco-liar,nacional,3.9
Bravo American Blend (25 g) CM,tabaco-liar,nacional,1.5
Bravo American Blend (310 g),tabaco-liar,nacional,46
Bravo American Blend (40 g),tabaco-liar,nacional,5.95
Bravo American Blend (40 g) CM,tabaco-liar,nacional,2.3
Bravo American Blend 100's,otros,nacional,4.6
Bravo American Blend 100's CM,otros,nacional,2.4
Bravo American Blend CM,otros,nacional,2.4
Bravo American Blend XL (200 g),tabaco-liar,nacional,35.5
Bravo American Blend XL (200 g) CM,tabaco-liar,nacional,15.2
Bravo Blue,otros,nacional,4.6
Bravo Blue 100's,otros,nacional,4.6
Bravo Blue 100's CM,otros,nacional,2.4
BRAVO Blue American Blend Capa Natural C17 (El envase de 17),otros,nacional,2.3
Bravo Blue CM,otros,nacional,2.4
Bravo Clásico,otros,nacional,4.2
Bravo Clásico (100 g),tabaco-liar,nacional,17.7
Bravo Clásico (40 g),tabaco-liar,nacional,7.1
Bravo Clásico (40 g) CM,tabaco-liar,nacional,2.6
Bravo Clásico Black is Black (20),cigarrillos,nacional,4.6
Bravo Clásico Black is Black (20) CM,cigarrillos,nacional,2.4
Bravo Clásico CM,otros,nacional,2.2
Bravo Clásico Duro (20),cigarrillos,nacional,4.6
Bravo Clásico Duro (20) CM,cigarrillos,nacional,2.4
Bravo Fine Cut (250 g),tabaco-liar,nacional,45.9
Bravo Ice Menthol (150 g),tabaco-liar,nacional,24.8
BRAVO Negro Capa Natural (El envase de 17),otros,nacional,2.3
Bravo Original Blend,otros,nacional,3.95
Bravo Original Blend (30 g),tabaco-liar,nacional,4.7
Bravo Original Blend (30 g) CM,tabaco-liar,nacional,2
Bravo Original Blend (80 g),tabaco-liar,nacional,12.5
Bravo Original Blend (80 g) CM,tabaco-liar,nacional,5
Bravo Original blend CM,otros,nacional,2.2
Bravo Pipe (100 g),tabaco-liar,nacional,8
Bravo Pipe (150 g),tabaco-liar,nacional,12
Bravo Pipe (20 g),tabaco-liar,nacional,1.6
Bravo Pipe (60 g),tabaco-liar,nacional,5.1
Bravo Pipe (999 g),tabaco-liar,nacional,75
Bravo Pipe Tobacco (150 g),tabaco-liar,nacional,6.5
Bravo Pipe Tobacco Special Cut (50 g),tabaco-liar,nacional,3.75
Bravo Pipe Tobacco Special Cut (500 g),tabaco-liar,nacional,19.9
BRAVO Pop Green ( el envase de 17),otros,nacional,2.6
BRAVO Pop Green ( el envase de 17) CM,otros,nacional,1.7
BRAVO Pop Purple (El envase de 17),otros,nacional,2.6
BRAVO Pop Purple (El envase de 17) CM,otros,nacional,1.7
BRAVO POR TI Mini V (60),cigarrillos,nacional,0.18
BRAVO POR TI Mini Vainilla P20 (El envase de 20),otros,nacional,3.6
BRAVO POR TI Mini Vainilla P20 (El envase de 20) CM,otros,nacional,2.6
Bravo Press & Play Choice,otros,nacional,4
Bravo Press & Play Choice CM,otros,nacional,2.5
BRAVO Red American Blend Capa Natural C17 (El envase de 17),otros,nacional,2.3
Bravo Virginia The Golden Life & Tobacco (25g),tabaco-liar,nacional,4
Bravo Virginia The Golden Life & Tobacco (25g) CM,tabaco-liar,nacional,1.9
Bravo Xpand (450 g),tabaco-liar,nacional,75
Bravo Xpand (49 g),tabaco-liar,nacional,7.75
Bravo Xpand (49 g) CM,tabaco-liar,nacional,3.9
BRAVOS CALITOSCAS Chicos (El envase de 5),otros,nacional,1.5
BRAVOS Churchill,otros,nacional,1.5
BRAVOS Churchill CM,otros,nacional,1
BRAVOS Churchill Mazos,otros,nacional,1.3
BRAVOS Robusto,otros,nacional,1.3
BRAVOS Robusto CM,otros,nacional,1.2
BRAVOS Robusto Mazos,otros,nacional,1.1
BRAVOS Toro,otros,nacional,1.4
BRAVOS Toro CM,otros,nacional,1.3
BRAVOS Toro Mazos,otros,nacional,1.2
BREAK Blue (el envase de 17),otros,nacional,2.9
BREAK Blue (el envase de 17) CM,otros,nacional,2.6
Break Blue 115 c. (51 g),tabaco-liar,nacional,8.75
Break Blue 130 (58 g),tabaco-liar,nacional,10.7
Break Blue 130 (65 g),tabaco-liar,nacional,10.7
Break Blue 130 (65 g) CM,tabaco-liar,nacional,10.15
Break Blue 22 c.(10 g),tabaco-liar,nacional,1.75
Break Blue 22 c.(10 g) CM,tabaco-liar,nacional,1.5
"Break Blue 30 (13,5 g)",otros,nacional,2.5
Break Blue 30 (15 g),tabaco-liar,nacional,2.5
Break Blue 30 (15 g) CM,tabaco-liar,nacional,2.35
BREAK Break Action Blue (10),cigarrillos,nacional,0.17
BREAK Original (el envase de 17),otros,nacional,2.9
BREAK Original (el envase de 17) CM,otros,nacional,2.6
Break Original 115 c. (51 g),tabaco-liar,nacional,8.75
Break Original 130 (58 g),tabaco-liar,nacional,10.7
Break Original 130 (65 g),tabaco-liar,nacional,10.7
Break Original 130 (65 g) CM,tabaco-liar,nacional,10.15
Break Original 22 c.(10 g),tabaco-liar,nacional,1.75
Break Original 22 c.(10 g) CM,tabaco-liar,nacional,1.5
"Break Original 30 (13,5 g)",otros,nacional,2.5
Break Original 30 (15 g),tabaco-liar,nacional,2.5
Break Original 30 (15 g) CM,tabaco-liar,nacional,2.35
Break Red 120 c. (60 g),tabaco-liar,nacional,9.9
BREAK Silver (el envase de 17),otros,nacional,2.9
BREAK Silver (el envase de 17) CM,otros,nacional,2.6
BRICKHOUSE Churchill (4),otros,nacional,5
BRICKHOUSE Mighty Mighty (25),cigarrillos,nacional,5
BRICKHOUSE Mighty Mighty (5),otros,nacional,11.1
BRICKHOUSE Mighty Mighty Sampler (4),otros,nacional,5
BRICKHOUSE Robusto (25),cigarrillos,nacional,4
BRICKHOUSE Robusto Maduro (25),cigarrillos,nacional,4
BRICKHOUSE Short Robusto (8),otros,nacional,3.8
BRICKHOUSE Toro (25),cigarrillos,nacional,4.5
Brigg Original Lata (50 g),tabaco-liar,nacional,3.6
Brigg Regular (30 g),tabaco-liar,nacional,2.2
Brigg Regular Lata (50 g),tabaco-liar,nacional,3.6
Bronx American Blend Volume (30 g),tabaco-liar,nacional,5.5
Bronx American Blend Volume Filters (30 g),tabaco-liar,nacional,5
Bronx Virginia Blend Papel (30 g),tabaco-liar,nacional,5.5
Brookfield (50 g) CM,tabaco-liar,nacional,3.2
Brookfield American Blend (170 g),tabaco-liar,nacional,29.9
Brookfield Black Bourbon (50 g) CM,tabaco-liar,nacional,3.2
Brookfield No. 1 (200 g),tabaco-liar,nacional,18.3
Brookfield No. 1 (50 g),tabaco-liar,nacional,5
Brookfield No. 2 (50 g),tabaco-liar,nacional,5
Brookfield No. 4 (50 g),tabaco-liar,nacional,5
Broutteux (40 g),tabaco-liar,nacional,6.6
Broutteux Bleu (40 g),tabaco-liar,nacional,6.6
BRUJITO Serie Oro. Pelo de Oro E.L. (24),cigarrillos,nacional,6.65
Brujito Tabaco de Pipa bolsa (50 g),tabaco-pipa,nacional,4
Brujito Tabaco de Pipa bolsa (80 g),tabaco-pipa,nacional,6.4
BRUJITO Year of the Rabbit (24),cigarrillos,nacional,7.5
BUCANERO Bucanero Golden Flow (5),otros,nacional,0.6
BUCANERO Bucanero Loko Ice (5),otros,nacional,0.6
BUCANERO Bucanero Original Cañero (5),otros,nacional,0.6
BUCANERO Diego (5),otros,nacional,1.35
BUCANERO Esplendido Mazos (10),cigarrillos,nacional,1.45
BUCANERO Panameño (25),cigarrillos,nacional,2
BUCANERO Petit Robusto (25),cigarrillos,nacional,2.25
BUCANERO Robustos (25),cigarrillos,nacional,2.4
BULLBRAND Bullbrand American Blend Filter Cigars 20 (El envase de 20),puros,nacional,2.7
BULLBRAND Bullbrand American Blend Filter Cigars 20 (El envase de 20) CM,puros,nacional,1.55
BULLBRAND Bullbrand American Blend XL Cigar (10),puros,nacional,0.17
Bullbrand Extra (20),cigarrillos,nacional,4.7
Bullbrand Extra 100 (20),cigarrillos,nacional,4.7
BULLBRAND Filter Cigar American Blend (el envase de 8),puros,nacional,1.3
BULLBRAND Filter Cigar Negro (el envase de 8),puros,nacional,1.3
BULLBRAND Filter Cigars (El envase de 20),puros,nacional,2.7
BULLBRAND Filter Cigars (El envase de 20) CM,puros,nacional,1.55
Bullbrand Gold 20,otros,nacional,4.7
BULLBRAND Gold Filter Cigars (el envase de 20),puros,nacional,2.5
Bullbrand Negro (23),cigarrillos,nacional,4.55
Bullbrand Negro (30 g),tabaco-liar,nacional,5.9
Bullbrand Negro (40),cigarrillos,nacional,9.4
Bullbrand Negro (48 g),tabaco-liar,nacional,7.95
Bullbrand Negro (48 g) CM,tabaco-liar,nacional,4.55
Bullbrand Negro 100 (20),cigarrillos,nacional,4.8
Bullbrand Negro Clásico 20,otros,nacional,4.8
Bullbrand Negro Duro,otros,nacional,4.8
Bullbrand Negro Extra (30 g),tabaco-liar,nacional,5.8
BULLBRAND Negro XL Cigar (10),puros,nacional,0.17
Bullbrand Regular Blend (40 g),tabaco-liar,nacional,2.8
Bullbrand Rubio 20,otros,nacional,4.8
Bullbrand Tabaco Negro (100 g),tabaco-liar,nacional,18.9
BULLBRAND White Filter Cigars (el envase de 20),puros,nacional,2.7
BUNDLE Selection Churchill (16),cigarrillos,nacional,2.7
BUNDLE Selection Churchill (16) CM,cigarrillos,nacional,2.4
BUNDLE Selection Corona (16),cigarrillos,nacional,2.2
BUNDLE Selection Corona (16)  CM,cigarrillos,nacional,2
BUNDLE Selection Figurado (16),cigarrillos,nacional,2.25
BUNDLE Selection Figurado (16) CM,cigarrillos,nacional,2.05
BUNDLE Selection Lonsdale (16),cigarrillos,nacional,2.3
BUNDLE Selection Lonsdale (16)  CM,cigarrillos,nacional,2.1
BUNDLE Selection Petit Corona (16),cigarrillos,nacional,2
BUNDLE Selection Petit Corona (16) CM,cigarrillos,nacional,1.8
BUNDLE Selection Petit Panatela (16),cigarrillos,nacional,1.8
BUNDLE Selection Petit Panatela (16) CM,cigarrillos,nacional,1.6
BUNDLE Selection Robusto (16),cigarrillos,nacional,2.5
BUNDLE Selection Robusto (16)  CM,cigarrillos,nacional,2.25
Burton Blue 100 (20),cigarrillos,nacional,4.65
Burton Blue 20,otros,nacional,4.65
BURTON Burton Red XL Cigar (10),puros,nacional,0.17
Burton Original 100 (20),cigarrillos,nacional,4.7
Burton Original 20,otros,nacional,4.8
Burton Original 20 CM,otros,nacional,2.1
BURTON Original Red Filter (el envase de 17),otros,nacional,2.3
Business Royals Blue KS RC 20s,otros,nacional,4.8
Business Royals Red KS RC 20s,otros,nacional,4.8
CAIN Daytona Corona 6x46 (24),cigarrillos,nacional,6
CAIN Daytona N4 5x43 (24),cigarrillos,nacional,5
Calumé Pipa (50 g),tabaco-pipa,nacional,2.75
CALYPSO Dannemann Espresso (El envase de 5 ),otros,nacional,1.8
CALYPSO Dannemann Express (el envase de 20 ),otros,nacional,7.15
CALYPSO Dannemann Mini Moods (El envase de 10),otros,nacional,3.5
CALYPSO Dannemann Mini Moods (el envase de 20),otros,nacional,6.5
CALYPSO Dannemann Moods (el envase de 20),otros,nacional,6.5
CALYPSO Dannemann Moods (el envase de 20) CM,otros,nacional,5.35
CALYPSO Dannemann Moods (El envase de 5),otros,nacional,1.7
CALYPSO Dannemann Moods Filter (El envase de 12),otros,nacional,3.4
CALYPSO Dannemann Moods Filter (El Envase de 20),otros,nacional,6.7
CALYPSO Dannemann Moods Filter (El Envase de 20) CM,otros,nacional,5.7
CALYPSO Dannemann Moods Filter (el envase de 5),otros,nacional,1.8
CALYPSO Reig 1 (10),cigarrillos,nacional,0.34
CALYPSO Reig 1 (el envase de 18),otros,nacional,5.65
CALYPSO Reig 15 (10),cigarrillos,nacional,0.76
CALYPSO Reig 15 (10) CM,cigarrillos,nacional,0.62
CALYPSO Reig 15 Minor (10),cigarrillos,nacional,0.55
CALYPSO Reig 15 Minor (10) CM,cigarrillos,nacional,0.45
CALYPSO Reig 15 Minor Pack (el envase de 5),otros,nacional,3.5
CALYPSO Reig 15 Pack 2 (El envase de 2),otros,nacional,1.66
CALYPSO Reig Mini (el envase de 20),otros,nacional,6.6
CALYPSO Reig Mini (el envase de 20) CM,otros,nacional,5.45
CALYPSO Reig Mini (El envase de 5),otros,nacional,1.75
CALYPSO Reig Mini Filter (el envase de 20),otros,nacional,6.7
CALYPSO Reig Mini Filter (el envase de 20) CM,otros,nacional,5.55
CALYPSO Reig Mini Filter (El envase de 5),otros,nacional,1.8
CALYPSO Reig Minor 2x2 Pack (El envase de 4),otros,nacional,2.52
CALYPSO Reig Minor Pack (el envase de 2),otros,nacional,2.2
CALYPSO Reig Platinum Filter (4),otros,nacional,0.35
CALYPSO Reig Platinum Filter (El envase de 10),otros,nacional,3.3
CALYPSO Rössli Habana (25),cigarrillos,nacional,0.7
CALYPSO Rössli Habana (5),otros,nacional,1.02
CAMACHO Camacho Connecticut Robusto Tubos (20),cigarrillos,nacional,9.2
CAMACHO Camacho Corojo Robusto Tubos (20),cigarrillos,nacional,9.2
CAMACHO Camacho Nicaragua Gran Churchill (20),cigarrillos,nacional,10.5
CAMACHO Camacho Nicaragua Robusto (20),cigarrillos,nacional,8.2
CAMACHO Connecticut Corona (20),cigarrillos,nacional,5
CAMACHO Connecticut Figurado (20),cigarrillos,nacional,7
CAMACHO Connecticut Robusto (20),cigarrillos,nacional,8.2
CAMACHO Corojo Machitos Cello (8),otros,nacional,1.25
CAMACHO Corojo Machitos Cello (8) CM,otros,nacional,1.15
CAMACHO Criollo Monarca Tubos (10),cigarrillos,nacional,5
CAMACHO Criollo Monarca Tubos (10) CM,cigarrillos,nacional,4.5
CAMACHO Ecuador Robusto (20),cigarrillos,nacional,5.9
CAMACHO Ecuador Robusto Tubos (20),cigarrillos,nacional,9.2
CAMACHO Ecuador Toro (20),cigarrillos,nacional,6
CAMACHO Powerband Assortment (el envase de 3),otros,nacional,31.2
CAMACHO Robusto Tubos Dispenser (15),cigarrillos,nacional,9.2
CAMACHO Triple Maduro Robusto (20),cigarrillos,nacional,10
Camel Activa,otros,nacional,6.1
Camel Amber Sticks (20),cigarrillos,nacional,4.5
Camel Aquamarine Sticks (20),cigarrillos,nacional,4.5
Camel Blue 20,otros,nacional,6.1
Camel Blue 20 CM,otros,nacional,4.4
Camel Blue picadura de liar o entubar (43 g),tabaco-liar,nacional,10.2
Camel Bronze Sticks (20),cigarrillos,nacional,4.5
Camel Burgundy Sticks (20),cigarrillos,nacional,4.5
Camel Compact,otros,nacional,4.65
Camel Essential Add Free (25 g),tabaco-liar,nacional,4.25
Camel Essential Blue,otros,nacional,6
Camel Essential Filters,otros,nacional,6
Camel Filter 23s (23),cigarrillos,nacional,6.6
Camel Filter Box 20,otros,nacional,6.1
Camel Filter Box 20 CM,otros,nacional,4.4
Camel Filter Soft,otros,nacional,6
Camel Gold Sticks (20),cigarrillos,nacional,4.5
Camel Legend 20S,otros,nacional,5.1
Camel Liar o Entubar 100G (100 g),tabaco-liar,nacional,23.9
Camel Liar o Entubar 470G (470 g),tabaco-liar,nacional,113.1
Camel Non Filter Soft,otros,nacional,4.85
Camel para Liar o Entubar ( 85 g),tabaco-liar,nacional,14.2
Camel Picadura de Liar (30 g),tabaco-liar,nacional,7.1
Camel Picadura de Liar (40 g),tabaco-liar,nacional,9.4
Camel Picadura de Liar (70 g),tabaco-liar,nacional,16.9
Camel Picadura de Liar o Entubar (109 g),tabaco-liar,nacional,26.1
Camel Picadura de Liar o Entubar (240 g),tabaco-liar,nacional,42.5
Camel picadura de liar o entubar (250 g),tabaco-liar,nacional,58.7
Camel Picadura de Liar o Entubar (30 g),tabaco-liar,nacional,7.1
Camel picadura de liar o entubar (43 g),tabaco-liar,nacional,10.2
Camel picadura de liar o entubar (455 g),tabaco-liar,nacional,109.6
Camel picadura de liar o entubar (65 g),tabaco-liar,nacional,15.7
"Camel Roll Kit (12,5 g)",otros,nacional,3.2
Camel Senso (20),cigarrillos,nacional,6.1
Camel Shorts,otros,nacional,4.3
Camel Sticks Amber CS (20),cigarrillos,nacional,4.5
Camel Sticks Azure CS (20),cigarrillos,nacional,4.5
Camel Sticks Bronze CS (20),cigarrillos,nacional,4.5
Camel Sticks Burgundy CS (20),cigarrillos,nacional,4.5
Camel Sticks Gold CS (20),cigarrillos,nacional,4.5
Camel Sticks Tan CS (20),cigarrillos,nacional,4.5
Camel Sticks Teal CS (20),cigarrillos,nacional,4.5
Camel tabaco de liar (15 g),tabaco-liar,nacional,2.75
Camel Tabaco de liar (25 g),tabaco-liar,nacional,4.4
Camel Tan Sticks (20),cigarrillos,nacional,4.5
Camel Teal Sticks (20),cigarrillos,nacional,4.5
Camel Vapeleaf Bolsa (20 g),tabaco-liar,nacional,3.8
Camel Yellow 100s (20),cigarrillos,nacional,5.9
Camel Yellow 40s (40),cigarrillos,nacional,11.3
CAMPERO Campero,otros,nacional,1.8
CANALEÑOS Caliqueños (10),cigarrillos,nacional,1.1
CANALEÑOS Caliqueños (40),cigarrillos,nacional,1.1
CANALEÑOS Caliqueños Mini (5),otros,nacional,0.8
CANALEÑOS Cornetas (10),cigarrillos,nacional,1.1
CANALEÑOS Cornetas (40),cigarrillos,nacional,1.1
CANALEÑOS Extra (25),cigarrillos,nacional,1.8
CANALEÑOS Pata Canaleños (25),cigarrillos,nacional,1.8
Canaleños Virginia Liar (30 g),tabaco-liar,nacional,5.95
CANARITOS Canaritos Caja 25 Brevas Celofanadas (25),cigarrillos,nacional,0.6
CANARITOS Canaritos Señoritas Mazo (25),cigarrillos,nacional,0.4
CANDLELIGHT Block Corona Havana (25),cigarrillos,nacional,1.2
CANDLELIGHT Block Corona Sumatra (25),cigarrillos,nacional,1.2
CANDLELIGHT Candlelight Club Havana (50),cigarrillos,nacional,0.2
CANDLELIGHT Club Havana Filler (10),cigarrillos,nacional,0.25
CANDLELIGHT Club Sumatra (10),cigarrillos,nacional,0.25
CANDLELIGHT Club Sumatra Lata (50),cigarrillos,nacional,0.2
CANDLELIGHT Corona Havana Filler (25),cigarrillos,nacional,0.6
CANDLELIGHT Corona Havana Filler (5),otros,nacional,0.6
CANDLELIGHT Corona Sumatra (25),cigarrillos,nacional,0.6
CANDLELIGHT Corona Sumatra Filler (5),otros,nacional,0.6
CANDLELIGHT Filter Aromatic (El envase de 10),otros,nacional,1.4
CANDLELIGHT Filter Cherry (El envase de 10) CM,otros,nacional,1
CANDLELIGHT Filter Gold (10),cigarrillos,nacional,0.16
CANDLELIGHT Filter Gold (El envase de 17),otros,nacional,2.6
CANDLELIGHT Filter Green (10),cigarrillos,nacional,0.16
CANDLELIGHT Filter Havana Filler (el envase de 10),otros,nacional,1.4
CANDLELIGHT Filter Red (10),cigarrillos,nacional,0.16
CANDLELIGHT Filter Vainilla (El envase de 10) CM,otros,nacional,1
CANDLELIGHT Filter White (10),cigarrillos,nacional,0.16
CANDLELIGHT Robusto Sumatra CM,otros,nacional,0.67
CANDLELIGHT Señorita Vainilla (el envase de 10),otros,nacional,1.6
CANDLELIGHT Señoritas Sumatra CM,otros,nacional,0.18
Cannibal Beast (45 g),tabaco-liar,nacional,3.3
Cannibal Beast (45 g) CM,tabaco-liar,nacional,2.6
Cannibal Bloody (45 g),tabaco-liar,nacional,3.3
Cannibal Bloody (45 g) CM,tabaco-liar,nacional,2.6
Cannibal Bloody (60 g),tabaco-liar,nacional,4.5
Cannibal Bloody (60 g) CM,tabaco-liar,nacional,3.5
Cannibal Blue Moon (45 g),tabaco-liar,nacional,3.3
Cannibal Blue Moon (45 g) CM,tabaco-liar,nacional,2.6
Cannibal Blue Moon (60 g),tabaco-liar,nacional,4.5
Cannibal Blue Moon (60 g) CM,tabaco-liar,nacional,3.5
Cannibal Brute (180 g),tabaco-liar,nacional,13.9
Cannibal Brute (45 g),tabaco-liar,nacional,3.3
Cannibal Brute (45 g) CM,tabaco-liar,nacional,2.6
Cannibal Brute (50 g),tabaco-liar,nacional,3.95
Cannibal Brute (60 g),tabaco-liar,nacional,4.5
Cannibal Brute (60 g) CM,tabaco-liar,nacional,3.5
Cannibal Bubble (45 g),tabaco-liar,nacional,3.3
Cannibal Bubble (45 g) CM,tabaco-liar,nacional,2.6
Cannibal Clown (45 g),tabaco-liar,nacional,3.3
Cannibal Clown (45 g) CM,tabaco-liar,nacional,2.6
Cannibal Clown (60 g),tabaco-liar,nacional,4.5
Cannibal Clown (60 g) CM,tabaco-liar,nacional,3.5
Cannibal Cold Blood (180 g),tabaco-liar,nacional,15.9
Cannibal Cold Blood (45 g),tabaco-liar,nacional,3.3
Cannibal Cold Blood (45 g) CM,tabaco-liar,nacional,2.6
Cannibal Cold Blood (50 g),tabaco-liar,nacional,4.5
Cannibal Crazy (45 g),tabaco-liar,nacional,3.3
Cannibal Crazy (45 g) CM,tabaco-liar,nacional,2.6
Cannibal Crazy (60 g),tabaco-liar,nacional,4.5
Cannibal Crazy (60 g) CM,tabaco-liar,nacional,3.5
Cannibal Dark Blood (180 g),tabaco-liar,nacional,15.9
Cannibal Dark Blood (45 g),tabaco-liar,nacional,3.3
Cannibal Dark Blood (45 g) CM,tabaco-liar,nacional,2.6
Cannibal Dark Blood (50 g),tabaco-liar,nacional,4.5
Cannibal Dark Blood (60 g),tabaco-liar,nacional,4.5
Cannibal Dark Blood (60 g) CM,tabaco-liar,nacional,3.5
Cannibal Great (180 g),tabaco-liar,nacional,13.9
Cannibal Great (180 g) CM,tabaco-liar,nacional,9.75
Cannibal Great (45 g),tabaco-liar,nacional,3.3
Cannibal Great (60 g),tabaco-liar,nacional,4.5
Cannibal Great (60 g) CM,tabaco-liar,nacional,3.5
Cannibal Heartless (45 g),tabaco-liar,nacional,3.3
Cannibal Heartless (45 g) CM,tabaco-liar,nacional,2.6
Cannibal Lion (180 g),tabaco-liar,nacional,15.9
Cannibal Lion (45 g),tabaco-liar,nacional,3.3
Cannibal Lion (45 g) CM,tabaco-liar,nacional,2.6
Cannibal Lion (50 g),tabaco-liar,nacional,4.5
Cannibal Mybro (180 g),tabaco-liar,nacional,15.9
Cannibal Mybro (180 g) CM,tabaco-liar,nacional,9.75
Cannibal Mybro (50 g),tabaco-liar,nacional,4.5
Cannibal Philigrana (180 g),tabaco-liar,nacional,13.9
Cannibal Philigrana (50 g),tabaco-liar,nacional,3.95
Cannibal Ripping (180 g),tabaco-liar,nacional,13.9
Cannibal Ripping (180 g) CM,tabaco-liar,nacional,9.75
Cannibal Ripping (45 g),tabaco-liar,nacional,3.3
Cannibal Ripping (60 g),tabaco-liar,nacional,4.5
Cannibal Ripping (60 g) CM,tabaco-liar,nacional,3.5
Cannibal Scary (45 g),tabaco-liar,nacional,3.3
Cannibal Scary (50 g),tabaco-liar,nacional,3.95
Cannibal Scary (60 g),tabaco-liar,nacional,4.5
Cannibal Scary (60 g) CM,tabaco-liar,nacional,3.5
Cannibal Shadow (60 g),tabaco-liar,nacional,4.5
Cannibal Shadow (60 g) CM,tabaco-liar,nacional,3.5
Cannibal Special Christmas (50 g),tabaco-liar,nacional,3.95
Cannibal Special Christmas (50 g) CM,tabaco-liar,nacional,2.5
Cannibal Sweet Bite (45 g),tabaco-liar,nacional,3.3
Cannibal Sweet Bite (45 g) CM,tabaco-liar,nacional,2.6
Cannibal The Killer (50 g),tabaco-liar,nacional,3.95
Cannibal Tigrish (180 g),tabaco-liar,nacional,13.9
Cannibal Tigrish (45g),tabaco-liar,nacional,3.3
Cannibal Tigrish (45g) CM,tabaco-liar,nacional,2.6
Cannibal Tigrish (50 g),tabaco-liar,nacional,3.95
Cannibal Tigrish (60 g),tabaco-liar,nacional,4.5
Cannibal Tigrish (60 g) CM,tabaco-liar,nacional,3.5
Cannibal Uh Mamy (180 g),tabaco-liar,nacional,13.9
Cannibal Uh Mamy (50 g),tabaco-liar,nacional,3.95
Cannibal White Panther (180 g),tabaco-liar,nacional,15.9
Cannibal White Panther (45 g),tabaco-liar,nacional,3.3
Cannibal White Panther (45 g) CM,tabaco-liar,nacional,2.6
Cannibal White Panther (50 g),tabaco-liar,nacional,4.5
Cannibal Wild (180 g),tabaco-liar,nacional,15.9
Cannibal Wild (50 g),tabaco-liar,nacional,4.5
Cannibal Wild (60 g),tabaco-liar,nacional,4.5
Cannibal Wild (60 g) CM,tabaco-liar,nacional,3.5
CAO Amazon Anaconda (20),cigarrillos,nacional,7
CAO Cao Amazon Basin Aged 18 WB ES (18),cigarrillos,nacional,7
CAO Cao Amazon Basin Rothschild (50),cigarrillos,nacional,6
CAO Cao Amazon Basin Toro (18),cigarrillos,nacional,8
CAO Cao Arcana Series Thunder Smoke Toro (20),cigarrillos,nacional,11
CAO Cao Arcana Stokk Belicoso (20),cigarrillos,nacional,15
CAO Cao Bones Blind Huguie (20),cigarrillos,nacional,7.5
CAO Cao Bones Chicken Foot (20),cigarrillos,nacional,7
CAO Cao Bx3 Robusto (20),cigarrillos,nacional,6.7
CAO Cao Bx3 Toro (20),cigarrillos,nacional,7.3
CAO Cao Cameroon Perfecto (20),cigarrillos,nacional,5.5
CAO Cao Cameroon Robusto (20),cigarrillos,nacional,6.5
CAO Cao Core Range Freshpack (El envase de 5),otros,nacional,33
CAO Cao Gold Maduro Robusto (20),cigarrillos,nacional,6.8
CAO Cao Gold Robusto (20),cigarrillos,nacional,6.4
CAO Cao Medio Tiempo Magnifico (20),cigarrillos,nacional,10
CAO Cao Medio Tiempo Robusto (20),cigarrillos,nacional,9
CAO Cao Mortal Coil Toro LE (20),cigarrillos,nacional,10
CAO Cao Pilon Corona (20),cigarrillos,nacional,5.5
CAO Cao Vision Churchill (20),cigarrillos,nacional,17.5
CAO Cao Vision Toro LE (30),cigarrillos,nacional,20
CAO Consigliere Associate (20),cigarrillos,nacional,5.1
CAO Consigliere Soldier (20),cigarrillos,nacional,5.6
CAO Fuma em Corda (20),cigarrillos,nacional,8
CAO Orellana Toro (20),cigarrillos,nacional,8.5
CAO OSA Lot 50 (25),cigarrillos,nacional,6.1
CAO OSA Lot 54 (25),cigarrillos,nacional,6.6
CAO OSA Lot 58 (25),cigarrillos,nacional,7.1
CAO PILON Churchill (20),cigarrillos,nacional,7.4
CAO PILON Robusto Extra (20),cigarrillos,nacional,6.7
CAO PILON Toro (20),cigarrillos,nacional,7.3
CAO Session Garage (20),cigarrillos,nacional,7.2
CAO Session Shop (20),cigarrillos,nacional,8.2
Capital Bra 365 Tage (200 g),tabaco-liar,nacional,17.5
Capital Bra 365 Tage (50 g),tabaco-liar,nacional,4.95
Capital Bra Black Annab (200 g),tabaco-liar,nacional,17.5
Capital Bra Black Annab (50 g),tabaco-liar,nacional,4.95
Capital Bra Blody Nane (200 g),tabaco-liar,nacional,17.5
Capital Bra Blody Nane (50 g),tabaco-liar,nacional,4.95
Capital Bra Huba Ola (200 g),tabaco-liar,nacional,17.5
Capital Bra Huba Ola (50 g),tabaco-liar,nacional,4.95
Capìtal Bra Lecker Lecker (200 g),tabaco-liar,nacional,17.5
Capital Bra Lecker Lecker (50 g),tabaco-liar,nacional,4.95
Capital Bra Naughty Girl (200 g),tabaco-liar,nacional,17.5
Capital Bra Naughty Girl (50 g),tabaco-liar,nacional,4.95
Capital Bra Pomshwk (200 g),tabaco-liar,nacional,17.5
Capital Bra Pomshwk (50 g),tabaco-liar,nacional,4.95
Capital Bra Wann Dann (200 g),tabaco-liar,nacional,17.5
Capital Bra Wann Dann (50 g),tabaco-liar,nacional,4.95
CAPITOL Capitol Art Déco (10) Limited Edition,cigarrillos,nacional,13
CAPITOL Capitol Swing (10),cigarrillos,nacional,7.9
CAPITOL Casino (10),cigarrillos,nacional,11
CAPITOL Casino (10) CM,cigarrillos,nacional,9.25
CAPITOL Gala (10),cigarrillos,nacional,13
CAPITOL Gala (10) CM,cigarrillos,nacional,10.95
CAPITOL Jack (10),cigarrillos,nacional,9
CAPITOL Jack (10) CM,cigarrillos,nacional,7.6
CAPOTE Chicos,otros,nacional,0.27
CAPOTE Chicos Vainilla,otros,nacional,0.27
CAPOTE Especiales Cedro,otros,nacional,0.94
CAPOTE Número 1,otros,nacional,2.34
CAPOTE Número 2,otros,nacional,2.19
CAPOTE Número 3,otros,nacional,1.98
CAPOTE Número 4,otros,nacional,1.8
CAPOTE Puritos,otros,nacional,0.18
Capstan Gold Navy Cut (50 g),tabaco-liar,nacional,10.9
Capstan Gold Navy Cut (50 g) CM,tabaco-liar,nacional,5.5
Capstan Original Navy Cut (50 g),tabaco-liar,nacional,11.4
Capstan Original Navy Cut (50 g) CM,tabaco-liar,nacional,6.5
CARLOS TORAÑO EXODUS 1959 Robusto (24),cigarrillos,nacional,4.5
CARLOS TORAÑO RESERVA SELECTA Churchill (20),cigarrillos,nacional,5
CASA 1910 Casa 1910 As de Oro 6X54 (10),cigarrillos,nacional,16.5
CASA 1910 Casa 1910 Cuchillo Parado 5 X 50 (10),cigarrillos,nacional,14
CASA 1910 Casa 1910 Jilguero 6X60 (10),cigarrillos,nacional,17
CASA 1910 Casa 1910 Lucero 6X54 (10),cigarrillos,nacional,16
CASA 1910 Casa 1910 Sampetrina 5X50 (10),cigarrillos,nacional,14.5
CASA 1910 Casa 1910 Teniente Angela 6X52 (10),cigarrillos,nacional,17
CASA 1910 Casa 1910 Tierra Blanca 6 X 54 (10),cigarrillos,nacional,16
CASA DE GARCÍA Casa de García Sumatra Corona (10),cigarrillos,nacional,1.7
CASA DE GARCÍA Casa de García Wide Short (10),cigarrillos,nacional,1.6
CASA DE GARCÍA Casa de García Wide Short (10) CM,cigarrillos,nacional,1.35
CASA DE GARCÍA Magnum (10),cigarrillos,nacional,1.95
CASA DE GARCÍA Magnum (10) CM,cigarrillos,nacional,1.65
CASA DE GARCÍA Robusto (10),cigarrillos,nacional,1.6
CASA DE GARCÍA Robusto (10) CM,cigarrillos,nacional,1.35
CASA DE GARCÍA Short Robusto (10),cigarrillos,nacional,1.4
CASA DE GARCÍA Short Robusto (10) CM,cigarrillos,nacional,1.2
CASA DE GARCÍA Toro (10),cigarrillos,nacional,1.8
CASA DE GARCÍA Toro (10) CM,cigarrillos,nacional,1.55
CASA MAGNA Casa Magna Colorado Gran Toro 6 X 58 Mazo (El envase de 10),otros,nacional,90
CASA MAGNA Casa Magna Colorado Robusto 5 1/2 X 52 C(27),cigarrillos,nacional,9.25
CASA MAGNA Casa Magna Colorado Robusto 5 1/2 X 52 M (10),cigarrillos,nacional,9.25
CASA MAGNA Casa Magna Colorado Torito 4 3/4 X 60 C(27),cigarrillos,nacional,10.05
CASA MAGNA Casa Magna Colorado Torito 4 3/4 X 60 Mazo (El envase de 10),otros,nacional,86
CASA MAGNA Casa Magna Liga F Robusto 5 X 54 C(10),cigarrillos,nacional,10.35
CASA MAGNA Casa Magna Liga F Toro 6 X 52 C(10),cigarrillos,nacional,11.35
CASA MAGNA Churchills (27),cigarrillos,nacional,8.6
CASA MAGNA Colorado Gran Toro (25),cigarrillos,nacional,5.95
CASA MAGNA Colorado Gran Toro 6x58 C(27),cigarrillos,nacional,11.3
CASA MAGNA Domus Magnus Calígula 6x60 (10),cigarrillos,nacional,14.25
CASA MAGNA Domus Magnus Tiberius (10),cigarrillos,nacional,8.75
CASA MAGNA Emperador Edición Limitada (El envase de 25),otros,nacional,185
CASA MAGNA Gordo Real (20),cigarrillos,nacional,8.7
CASA MAGNA Gran Lancero (7),otros,nacional,10.5
CASA MAGNA Jalapa Claro Robusto (20),cigarrillos,nacional,5.75
CASA MAGNA Jalapa Toro Prensado (20),cigarrillos,nacional,5.95
CASA MAGNA Licey RD Churchill 7x49 (20),cigarrillos,nacional,5.95
CASA MAGNA Licey RD Corona Gorda 6x46 (20),cigarrillos,nacional,4.95
CASA MAGNA LICEY RD Gran Toro 6x65 (10),cigarrillos,nacional,6.95
CASA MAGNA Licey RD Robusto 5 1/2x52 (20),cigarrillos,nacional,5.2
CASA MAGNA Liga F Churchill (7x50) C(27),cigarrillos,nacional,7.5
CASA MAGNA Liga F Petit Corona (4 1/4x40) C(50),cigarrillos,nacional,3.7
CASA MAGNA Liga F Robusto (5x50) C(27),cigarrillos,nacional,6.65
CASA MAGNA Liga F Short Robusto 4x50 C(27),cigarrillos,nacional,5.6
CASA MAGNA Liga F.Petit Corona (4 1/4x40) (5),otros,nacional,3.7
CASA MAGNA Optimus Domus Magnus Edicion Limitada (10),cigarrillos,nacional,8.8
CASA MAGNA Pikito C (55),cigarrillos,nacional,5.4
CASA MAGNA Pikito M (25),cigarrillos,nacional,4.35
CASA MAGNA Robusto M (25),cigarrillos,nacional,5.9
CASA MAGNA Robustos (27),cigarrillos,nacional,7.65
CASA MAGNA Sanchos (El envase de 3),otros,nacional,15
CASA MAGNA Short Robusto M (25),cigarrillos,nacional,5.3
CASA MAGNA Short Robusto Prensado (20),cigarrillos,nacional,5.3
CASA MAGNA Short Robusto Prensado M (20),cigarrillos,nacional,4.5
CASA MAGNA Torito M (25),cigarrillos,nacional,6.2
CASA MAGNA Toritos (27),cigarrillos,nacional,6.2
CASA MAGNA Toritos M (30),cigarrillos,nacional,5.5
CASA PEREDA Gran Robusto M25 (25),cigarrillos,nacional,2.6
CASA PEREDA Robusto M25 (25),cigarrillos,nacional,2.4
CASA PEREDA Short Robusto M25 (25),cigarrillos,nacional,2.2
CASA TURRENT 1901 Robusto (20),cigarrillos,nacional,7.8
CASA TURRENT 1901 Torpedo (20),cigarrillos,nacional,7.95
CASA TURRENT 1942 Doble Robusto (20),cigarrillos,nacional,8.4
CASA TURRENT 1942 Robusto (20),cigarrillos,nacional,7.8
CASA TURRENT 1942 Torpedo (20),cigarrillos,nacional,7.95
CASA TURRENT 1973 Doble Robusto (20),cigarrillos,nacional,8.4
CASA TURRENT 1973 Robusto (20),cigarrillos,nacional,7.8
CASA TURRENT 1973 Torpedo (20),cigarrillos,nacional,7.95
CASA TURRENT Casa Turrent 1880 Claro (10),cigarrillos,nacional,13.5
CASA TURRENT Casa Turrent 1880 Colorado (10),cigarrillos,nacional,13.5
CASA TURRENT Casa Turrent 1880 Gordito Doble Claro C10,otros,nacional,12
CASA TURRENT Casa Turrent 1880 Gordito Doble Maduro C10,otros,nacional,12
CASA TURRENT Casa Turrent 1880 Gordito Rosado C10,otros,nacional,12
CASA TURRENT Casa Turrent 1880 Lancero Claro C10 (10),cigarrillos,nacional,12.8
CASA TURRENT Casa Turrent 1880 Lancero Maduro C10 (10),cigarrillos,nacional,12.8
CASA TURRENT Casa Turrent 1880 Maduro (10),cigarrillos,nacional,13.5
CASA TURRENT Casa Turrent 1880 Oscuro (10),cigarrillos,nacional,13.5
CASA TURRENT Casa Turrent 1880 Perfecto Claro (10),cigarrillos,nacional,12
CASA TURRENT Casa Turrent 1880 Perfecto Colorado C10 (10),cigarrillos,nacional,12
CASA TURRENT Casa Turrent 1880 Perfecto Maduro (10),cigarrillos,nacional,12
CASA TURRENT Casa Turrent 1880 Perfecto Mix Box (El envase de 4),otros,nacional,48
CASA TURRENT Casa Turrent 1880 Perfecto Oscuro C10 (10),cigarrillos,nacional,12
CASA TURRENT Casa Turrent Origenes Cuba (12),cigarrillos,nacional,7.6
CASA TURRENT Casa Turrent Origenes Miami (12),cigarrillos,nacional,7.6
CASA TURRENT Casa Turrent Origenes Nicaragua (12),cigarrillos,nacional,7.6
CASA TURRENT Casa Turrent Origenes San Andres (12),cigarrillos,nacional,7.6
Casablanca (80 g),tabaco-liar,nacional,12.9
CASAVIEJA Casinos (25),cigarrillos,nacional,2.36
CASAVIEJA Chicos (10),cigarrillos,nacional,0.4
CASTELLA Classic (El Envase de 5),otros,nacional,2.8
Cellini Clásico (50 g),tabaco-liar,nacional,5.3
Cellini Forte (50 g),tabaco-liar,nacional,5.3
Chacom Nº 1 (50 g),tabaco-liar,nacional,18.95
Chacom Nº 2 (50 g),tabaco-liar,nacional,18.95
Chacom Nº 3 (50 g),tabaco-liar,nacional,18.95
Chacom Nº 4 (50 g),tabaco-liar,nacional,18.95
Chacom No 5 (50 g),tabaco-liar,nacional,19.2
Chacom No 6 (50 g),tabaco-liar,nacional,19.2
Chaos Baby Noah (50 g),tabaco-liar,nacional,2.95
Chaos Baby Noah (50 g) CM,tabaco-liar,nacional,1.75
Chaos El Patron (50 g),tabaco-liar,nacional,2.95
Chaos El Patron (50 g) CM,tabaco-liar,nacional,1.75
Chaos Elektra (50 g),tabaco-liar,nacional,2.95
Chaos Elektra (50 g) CM,tabaco-liar,nacional,1.75
Chaos Iceman (50 g),tabaco-liar,nacional,2.95
Chaos Iceman (50 g) CM,tabaco-liar,nacional,1.75
Chaos Mangana (50 g),tabaco-liar,nacional,2.95
Chaos Mangana (50 g) CM,tabaco-liar,nacional,1.75
Chaos Memento (50 g),tabaco-liar,nacional,2.95
Chaos Memento (50 g) CM,tabaco-liar,nacional,1.75
Chaos Mr. Roboto (50 g),tabaco-liar,nacional,2.95
Chaos Mr. Roboto (50 g) CM,tabaco-liar,nacional,1.75
Chaos Passionata (50 g),tabaco-liar,nacional,2.95
Chaos Passionata (50 g) CM,tabaco-liar,nacional,1.75
Chaos Policeman (50 g),tabaco-liar,nacional,2.95
Chaos Policeman (50 g) CM,tabaco-liar,nacional,1.75
CHAZZ Cigarillos (20),puros,nacional,0.35
CHAZZ Cigarros (10),cigarrillos,nacional,0.6
Che Red,otros,nacional,5.25
Chema Classic (30 g),tabaco-liar,nacional,1.9
Chema Classic (30 g) CM,tabaco-liar,nacional,1.6
Chema V-Type (30 g),tabaco-liar,nacional,1.9
Chema V-Type (30 g) CM,tabaco-liar,nacional,1.6
Chesterfield Blue Duro,otros,nacional,6.1
CHESTERFIELD Chesterfield Cigarritos 10s (El envase de 10),cigarrillos,nacional,2.5
Chesterfield Cigarette Tobacco (30 g),tabaco-liar,nacional,7.1
Chesterfield Cigarette Tobacco (67 g),tabaco-liar,nacional,15.2
CHESTERFIELD Cigarritos 20's (El envase de 20),cigarrillos,nacional,4.5
Chesterfield Label (20),cigarrillos,nacional,5
Chesterfield Label (20) CM,cigarrillos,nacional,3
Chesterfield Label 23,otros,nacional,5.6
Chesterfield Label Largo (20),cigarrillos,nacional,5.1
Chesterfield Original (38),cigarrillos,nacional,10
Chesterfield Original 100's (20),cigarrillos,nacional,5.9
Chesterfield Original 25's (25),cigarrillos,nacional,6.8
Chesterfield Original Blando,otros,nacional,6
Chesterfield Original Duro,otros,nacional,6.1
Chesterfield Original Duro CM,otros,nacional,4.25
Chesterfield Roll Your Own (30 g),tabaco-liar,nacional,6.5
Chesterfield Volume Tobacco (30 g),tabaco-liar,nacional,6.8
Choice (25 g),tabaco-liar,nacional,4.15
CHOICE SX (El envase de 20),otros,nacional,2.2
Chronos 12 O' Clock (50 g),tabaco-liar,nacional,3.95
Chronos Devil's Hour (50 g),tabaco-liar,nacional,3.95
Chronos Kairos (200 g),tabaco-liar,nacional,13.8
Chronos Noctis (200 g),tabaco-liar,nacional,13.8
Chronos Occasum (200 g),tabaco-liar,nacional,13.8
Chronos One Second (200 g),tabaco-liar,nacional,13.8
Chronos Origen (50 g),tabaco-liar,nacional,3.95
Chronos Pause (200 g),tabaco-liar,nacional,13.8
Chronos Tempo (50 g),tabaco-liar,nacional,3.95
Chronos Tik Tak (200 g),tabaco-liar,nacional,13.8
Chronos Time Out (50 g),tabaco-liar,nacional,3.95
CHURCHILL Nº 4,otros,nacional,2.25
CHURCHILL Nº 4 CM,otros,nacional,1.89
CIA VALENCIANA Don Caliqueño,otros,nacional,0.28
CK Canary Kingdom,otros,nacional,3.95
Clan (50 g),tabaco-liar,nacional,8.1
Clan (50 g) CM,tabaco-liar,nacional,7.7
Clan Aromatic (50 g),tabaco-liar,nacional,3.4
Clan Blue (50 g),tabaco-liar,nacional,8.3
Clan Blue (50 g) CM,tabaco-liar,nacional,7.9
Clan Highland Gold (50 g),tabaco-liar,nacional,4.5
Clan Highland Gold (50 g) CM,tabaco-liar,nacional,3.95
Clan Hollandia (40 g),tabaco-liar,nacional,5.6
Clan Hollandia (40 g) CM,tabaco-liar,nacional,5.2
Clan Raw Blend (40 g),tabaco-liar,nacional,3.8
Cleopatra Molasses Amaretto (250 g),tabaco-liar,nacional,10.5
Cleopatra Molasses Amaretto (250 g) CM,tabaco-liar,nacional,3
Cleopatra Molasses Amaretto (50 g),tabaco-liar,nacional,2.15
Cleopatra Molasses Amaretto (50 g) CM,tabaco-liar,nacional,0.9
Cleopatra Molasses Apple (250 g),tabaco-liar,nacional,10.5
Cleopatra Molasses Apple (250 g) CM,tabaco-liar,nacional,3
Cleopatra Molasses Apple (50 g),tabaco-liar,nacional,2.15
Cleopatra Molasses Apple (50 g) CM,tabaco-liar,nacional,0.9
Cleopatra Molasses Café (250 g),tabaco-liar,nacional,10.5
Cleopatra Molasses Café (250 g) CM,tabaco-liar,nacional,3
Cleopatra Molasses Cherry (250 g),tabaco-liar,nacional,10.5
Cleopatra Molasses Cherry (250 g) CM,tabaco-liar,nacional,3
Cleopatra Molasses Cherry (50 g),tabaco-liar,nacional,2.15
Cleopatra Molasses Cherry (50 g) CM,tabaco-liar,nacional,0.9
Cleopatra Molasses Chocolate (250 g),tabaco-liar,nacional,10.5
Cleopatra Molasses Chocolate (250 g) CM,tabaco-liar,nacional,3
Cleopatra Molasses Chocolate (50 g),tabaco-liar,nacional,2.15
Cleopatra Molasses Chocolate (50 g) CM,tabaco-liar,nacional,0.9
Cleopatra Molasses Chocolate With Mint (250 g),tabaco-liar,nacional,10.5
Cleopatra Molasses Chocolate With Mint (250 g) CM,tabaco-liar,nacional,3
Cleopatra Molasses Chocolate With Mint (50 g),tabaco-liar,nacional,2.15
Cleopatra Molasses Chocolate With Mint (50 g) CM,tabaco-liar,nacional,0.9
Cleopatra Molasses Coconut (250 g),tabaco-liar,nacional,10.5
Cleopatra Molasses Coconut (250 g) CM,tabaco-liar,nacional,3
Cleopatra Molasses Coconut (50 g),tabaco-liar,nacional,2.15
Cleopatra Molasses Coconut (50 g) CM,tabaco-liar,nacional,0.9
Cleopatra Molasses Fruits (250 g),tabaco-liar,nacional,10.5
Cleopatra Molasses Fruits (250 g) CM,tabaco-liar,nacional,3
Cleopatra Molasses Fruits (50 g),tabaco-liar,nacional,2.15
Cleopatra Molasses Fruits (50 g) CM,tabaco-liar,nacional,0.9
Cleopatra Molasses Grapes (250 g),tabaco-liar,nacional,10.5
Cleopatra Molasses Grapes (250 g) CM,tabaco-liar,nacional,3
Cleopatra Molasses Grapes (50 g),tabaco-liar,nacional,2.15
Cleopatra Molasses Grapes (50 g) CM,tabaco-liar,nacional,0.9
Cleopatra Molasses Mango (250 g),tabaco-liar,nacional,10.5
Cleopatra Molasses Mango (250 g) CM,tabaco-liar,nacional,3
Cleopatra Molasses Mango (50 g),tabaco-liar,nacional,2.15
Cleopatra Molasses Mango (50 g) CM,tabaco-liar,nacional,0.9
Cleopatra Molasses Mint (250 g),tabaco-liar,nacional,10.5
Cleopatra Molasses Mint (250 g) CM,tabaco-liar,nacional,3
Cleopatra Molasses Mint (50 g),tabaco-liar,nacional,2.15
Cleopatra Molasses Mint (50 g) CM,tabaco-liar,nacional,0.9
Cleopatra Molasses Peach (250 g),tabaco-liar,nacional,10.5
Cleopatra Molasses Peach (250 g) CM,tabaco-liar,nacional,3
Cleopatra Molasses Peach (50 g),tabaco-liar,nacional,2.15
Cleopatra Molasses Peach (50 g) CM,tabaco-liar,nacional,0.9
Cleopatra Molasses Strawberry (250 g),tabaco-liar,nacional,10.5
Cleopatra Molasses Strawberry (250 g) CM,tabaco-liar,nacional,3
Cleopatra Molasses Strawberry (50 g),tabaco-liar,nacional,2.15
Cleopatra Molasses Strawberry (50 g) CM,tabaco-liar,nacional,0.9
Cleopatra Molasses Sweet Melon (250 g),tabaco-liar,nacional,10.5
Cleopatra Molasses Sweet Melon (250 g) CM,tabaco-liar,nacional,3
Cleopatra Molasses Sweet Melon (50 g),tabaco-liar,nacional,2.15
Cleopatra Molasses Sweet Melon (50 g) CM,tabaco-liar,nacional,0.9
Cleopatra Molasses Water Melon (250 g),tabaco-liar,nacional,10.5
Cleopatra Molasses Water Melon (250 g) CM,tabaco-liar,nacional,3
Cleopatra Molasses Water Melon (50 g),tabaco-liar,nacional,2.15
Cleopatra Molasses Water Melon (50 g) CM,tabaco-liar,nacional,0.9
Cleopatra Molasses Watermelon With Mint (250 g),tabaco-liar,nacional,10.5
Cleopatra Molasses Watermelon With Mint (250 g) CM,tabaco-liar,nacional,3
Cleopatra Molasses Watermelon With Mint (50 g),tabaco-liar,nacional,2.15
Cleopatra Molasses Watermelon With Mint (50 g) CM,tabaco-liar,nacional,0.9
CLEVER Clever American Blend (El envase de 20),otros,nacional,2.6
CLIO Clio C-10 (10),cigarrillos,nacional,0.29
CLIO Clio Medium (10),cigarrillos,nacional,0.23
CLIO Clio Minis (10),cigarrillos,nacional,0.21
CLUBMASTER Cigarillo Red (20 ),puros,nacional,0.26
CLUBMASTER Cigarillo Red Filter (20),puros,nacional,0.26
CLUBMASTER Clubmaster Mini Filter Iceland (El envase de 20),otros,nacional,4.7
CLUBMASTER Clubmaster Superior Filter Red (El envase de 20),otros,nacional,5.9
CLUBMASTER Clubmaster Superior Red (20),cigarrillos,nacional,0.3
CLUBMASTER Mini Blue (El envase de 20),otros,nacional,4.7
CLUBMASTER Mini Blue (El envase de 20) CM,otros,nacional,3.4
CLUBMASTER Mini Brown (el envase de 20),otros,nacional,4.7
CLUBMASTER Mini Brown (el envase de 20) CM,otros,nacional,3.4
CLUBMASTER Mini Filter Red  (El envase de 20),otros,nacional,4.7
CLUBMASTER Mini Filter Red  (El envase de 20) CM,otros,nacional,3.5
CLUBMASTER Mini Filter White (el envase de 20),otros,nacional,4.7
CLUBMASTER Mini Nº 121 Sum (El Envase de 20),otros,nacional,4.7
CLUBMASTER Mini Nº 121 Sum (El Envase de 20) CM,otros,nacional,3.4
CLUBMASTER Mini Red (5),otros,nacional,0.3
CLUBMASTER Mini Red 232 (El Envase de 20),otros,nacional,4.7
CLUBMASTER Mini Red 232 (El Envase de 20) CM,otros,nacional,3.4
CLUBMASTER Mini Vanilla (el envase de 5),otros,nacional,1
CLUBMASTER Superior Filter Red ( el envase de 10) CM,otros,nacional,1.8
CLUBMASTER Superior Filter Red (10),cigarrillos,nacional,0.25
CLUBMASTER Superior Filter White (el envase de 10),otros,nacional,2.5
CLUBMASTER Superior Filter White (el envase de 10) CM,otros,nacional,1.8
COBURN Capa Natural Blue (El envase de 20),otros,nacional,3.85
COBURN Capa Natural Red (El envase de 10),otros,nacional,2
COBURN Capa Natural Red (El envase de 20),otros,nacional,3.8
COBURN Cigarrito Blue (El Envase de 20),cigarrillos,nacional,1.2
COBURN Cigarrito Red (El Envase de 20),cigarrillos,nacional,1.2
COBURN Dark (El envase de 20),otros,nacional,3.8
COCKTAIL CIGARS Cocktail Cigars Puntica M (20),puros,nacional,2.8
COCKTAIL CIGARS Cocktail Cigars Robusto M (20),puros,nacional,2.95
COCKTAIL CIGARS Cocktail Cigars Toro M (20),puros,nacional,3.2
COHIBA Behike BHK 52 (10),cigarrillos,nacional,230
COHIBA Behike BHK 52 (10) CM,cigarrillos,nacional,194.35
COHIBA Behike BHK 54 (10),cigarrillos,nacional,290
COHIBA Behike BHK 54 (10) CM,cigarrillos,nacional,245.05
COHIBA Behike BHK 56 (10),cigarrillos,nacional,320
COHIBA Behike BHK 56 (10) CM,cigarrillos,nacional,270.4
COHIBA Club (El Envase de 10),otros,nacional,9.7
COHIBA Club (El Envase de 10) CM,otros,nacional,8.2
COHIBA Club (El envase de 20),otros,nacional,19
COHIBA Club (El envase de 20) CM,otros,nacional,16
COHIBA Cohiba 55 Aniversario (10),cigarrillos,nacional,350
COHIBA Cohiba Ambar (10),cigarrillos,nacional,113.3
COHIBA Cohiba Club 60 (El envase de 60),otros,nacional,60
COHIBA Cohiba Ideales LCDH (20),cigarrillos,nacional,550
COHIBA Cohiba Novedosos LCDH (25),cigarrillos,nacional,230
COHIBA Cohiba Short 5 (el envase de 5),otros,nacional,8.25
COHIBA Cohiba Short 50 (el envase de 50),otros,nacional,87.5
COHIBA Cohiba Short 88 Year of the Dragon Edición Limitada 2024 (El envase de 88),otros,nacional,175
COHIBA Cohiba Short 88 Year of the Horse Edición Limitada 2026 (El envase de 88),otros,nacional,220
COHIBA Cohiba Short 88 Year of the Rabbit Edición Limitada 2023 (El envase de 88),otros,nacional,175
COHIBA Cohiba Short 88 Year Of The Snake Edición Limitada 2025 (El envase de 88),otros,nacional,190
COHIBA Cohiba Short 88 Year of the Tiger Edición Limitada 2022 (El envase de 88),otros,nacional,175
COHIBA Cohiba Siglo De Oro Año Chino (18),cigarrillos,nacional,260
COHIBA Cohiba Wide Short (6),otros,nacional,3.3
COHIBA Cohiba Wide Short 50 Edición Limitada 2024 (El envase de 50),otros,nacional,225
COHIBA Coronas Especiales (25),cigarrillos,nacional,59.2
COHIBA Coronas Especiales (25) CM,cigarrillos,nacional,50.05
COHIBA Coronas Especiales (5),otros,nacional,59.2
COHIBA Coronas Especiales (5) CM,otros,nacional,50.05
COHIBA Esplendidos (25),cigarrillos,nacional,128.6
COHIBA Esplendidos (25) CM,cigarrillos,nacional,108.7
COHIBA Esplendidos (3),otros,nacional,128.6
COHIBA Esplendidos (3) CM,otros,nacional,108.7
COHIBA Exquisitos (25),cigarrillos,nacional,39.2
COHIBA Exquisitos (25) CM,cigarrillos,nacional,33.15
COHIBA Exquisitos (5),otros,nacional,39.2
COHIBA Exquisitos (5) CM,otros,nacional,33.15
COHIBA Lanceros (25),cigarrillos,nacional,96.6
COHIBA Lanceros (25) CM,cigarrillos,nacional,81.65
COHIBA Maduro 5 Genios (10),cigarrillos,nacional,102
COHIBA Maduro 5 Genios (10) CM,cigarrillos,nacional,86.2
COHIBA Maduro 5 Genios (25),cigarrillos,nacional,102
COHIBA Maduro 5 Genios (25) CM,cigarrillos,nacional,86.2
COHIBA Maduro 5 Mágicos (10),cigarrillos,nacional,84
COHIBA Maduro 5 Mágicos (10) CM,cigarrillos,nacional,71.45
COHIBA Maduro 5 Mágicos (25),cigarrillos,nacional,84
COHIBA Maduro 5 Mágicos (25) CM,cigarrillos,nacional,71.45
COHIBA Maduro 5 Secretos (10),cigarrillos,nacional,39.2
COHIBA Maduro 5 Secretos (10) CM,cigarrillos,nacional,33.1
COHIBA Maduro 5 Secretos (25),cigarrillos,nacional,39.2
COHIBA Maduro 5 Secretos (25) CM,cigarrillos,nacional,33.1
COHIBA Majestuosos Humidor 1966-2016 (el envase de 20),otros,nacional,35000
COHIBA Medio Siglo (25),cigarrillos,nacional,68
COHIBA Medio Siglo (25) CM,cigarrillos,nacional,57.45
COHIBA Medio Siglo T (3),otros,nacional,70
COHIBA Mini (El Envase de 10),otros,nacional,7.7
COHIBA Mini (El Envase de 10) CM,otros,nacional,6.5
COHIBA Mini (El envase de 20),otros,nacional,14.9
COHIBA Mini (El envase de 20) CM,otros,nacional,12.6
COHIBA Panatelas (25),cigarrillos,nacional,31
COHIBA Panatelas (25) CM,cigarrillos,nacional,26.2
COHIBA Panatelas (5),otros,nacional,31
COHIBA Panatelas (5) CM,otros,nacional,26.2
COHIBA Piramides Extra (10),cigarrillos,nacional,127
COHIBA Piramides Extra (10) CM,cigarrillos,nacional,107.35
COHIBA Piramides Extra Tubo  (3),otros,nacional,129
COHIBA Piramides Extra Tubo  (3) CM,otros,nacional,109.05
COHIBA Robusto Tubo (3),otros,nacional,82.5
COHIBA Robusto Tubo (3) CM,otros,nacional,69.75
COHIBA Robustos (25),cigarrillos,nacional,80.5
COHIBA Robustos (25) CM,cigarrillos,nacional,68.05
COHIBA Robustos (3),otros,nacional,80.5
COHIBA Robustos (3) CM,otros,nacional,68.05
COHIBA Robustos Reserva Cosecha 2014 (20),cigarrillos,nacional,425
COHIBA Short (10),cigarrillos,nacional,1.65
COHIBA Short (10) CM,cigarrillos,nacional,1.4
COHIBA Short (el envase de 50),otros,nacional,87.5
COHIBA Siglo I  (5),otros,nacional,34
COHIBA Siglo I  (5) CM,otros,nacional,28.75
COHIBA Siglo I (25),cigarrillos,nacional,34
COHIBA Siglo I (25) CM,cigarrillos,nacional,28.75
COHIBA Siglo I Tubo en Estuche (3),otros,nacional,36
COHIBA Siglo I Tubo en Estuche (3) CM,otros,nacional,30.4
COHIBA Siglo II (25),cigarrillos,nacional,39.2
COHIBA Siglo II (25) CM,cigarrillos,nacional,33.1
COHIBA Siglo II (5),otros,nacional,39.2
COHIBA Siglo II (5) CM,otros,nacional,33.1
COHIBA Siglo II Tubo (3),otros,nacional,41.2
COHIBA Siglo II Tubo (3) CM,otros,nacional,34.8
COHIBA Siglo III (25),cigarrillos,nacional,57.2
COHIBA Siglo III (25) CM,cigarrillos,nacional,48.35
COHIBA Siglo III (5),otros,nacional,57.2
COHIBA Siglo III (5) CM,otros,nacional,48.35
COHIBA Siglo III Tubo en Estuche (3),otros,nacional,59.2
COHIBA Siglo III Tubo en Estuche (3) CM,otros,nacional,50.05
COHIBA Siglo IV (25),cigarrillos,nacional,64.6
COHIBA Siglo IV (25) CM,cigarrillos,nacional,54.6
COHIBA Siglo IV Tubo (3),otros,nacional,66.6
COHIBA Siglo IV Tubo (3) CM,otros,nacional,56.3
COHIBA Siglo IV(5),otros,nacional,64.6
COHIBA Siglo IV(5) CM,otros,nacional,54.6
COHIBA Siglo V (25),cigarrillos,nacional,70.2
COHIBA Siglo V (25) CM,cigarrillos,nacional,59.3
COHIBA Siglo V (5),otros,nacional,70.2
COHIBA Siglo V (5) CM,otros,nacional,59.3
COHIBA Siglo V Tubo en Estuche (3),otros,nacional,72.2
COHIBA Siglo V Tubo en Estuche (3) CM,otros,nacional,61
COHIBA Siglo VI (10),cigarrillos,nacional,110.2
COHIBA Siglo VI (10) CM,cigarrillos,nacional,93.1
COHIBA Siglo VI (25),cigarrillos,nacional,110.2
COHIBA Siglo VI (25) CM,cigarrillos,nacional,93.1
COHIBA Siglo VI Tubo (3),otros,nacional,112.2
COHIBA Siglo VI Tubo (3) CM,otros,nacional,94.8
COHIBA Talisman EL.2017 (10),cigarrillos,nacional,350
COHIBA White Club (El envase de 10),otros,nacional,9.7
COHIBA White Club (El envase de 10) CM,otros,nacional,8.2
COHIBA White Club (El envase de 20),otros,nacional,19
COHIBA White Club (El envase de 20) CM,otros,nacional,16
COHIBA White Mini (El envase de 10),otros,nacional,7.7
COHIBA White Mini (El envase de 10) CM,otros,nacional,6.5
COHIBA White Mini (El envase de 20),otros,nacional,14.9
COHIBA White Mini (El envase de 20) CM,otros,nacional,12.6
COLONIAL DAN TOBACCO Coronas P (5),otros,nacional,1.4
COLONIAL DAN TOBACCO Expositor C (El envase de 72),otros,nacional,93.6
COLONIAL DAN TOBACCO Liga de Roy Galeón (20),cigarrillos,nacional,2.8
COLONIAL DAN TOBACCO Liga de Roy Goleta (20),cigarrillos,nacional,2.4
COLONIAL DAN TOBACCO Liga de Roy Robusto Tubos (3),otros,nacional,3.5
COLONIAL DAN TOBACCO Liga de Roy Robusto Tubos (40),cigarrillos,nacional,3.5
COLONIAL DAN TOBACCO Perlitas M (10),cigarrillos,nacional,1.1
COLONIAL DAN TOBACCO Petit Torpedos M (10),cigarrillos,nacional,1.3
COLONIAL DAN TOBACCO Robustos M (10),cigarrillos,nacional,1.5
COLONIAL DAN TOBACCO Robustos P (5),otros,nacional,1.5
COLONIAL DAN TOBACCO Short Robustos M (10),cigarrillos,nacional,1.3
COLONIAL DAN TOBACCO Short Robustos P (5),otros,nacional,1.3
COLONIALES By Farias (25),cigarrillos,nacional,1
Colts Blue (70 g),tabaco-liar,nacional,6.2
Colts Blue (70 g) CM,tabaco-liar,nacional,5.6
Colts Dutch Blend (40 g),tabaco-liar,nacional,3.6
Colts Dutch Blend (40 g) CM,tabaco-liar,nacional,3.2
Colts Original (70 g),tabaco-liar,nacional,6.2
Colts Original (70 g) CM,tabaco-liar,nacional,5.6
Colts Red (100 g),tabaco-liar,nacional,8.3
Colts Red (100 g) CM,tabaco-liar,nacional,7.9
Colts Red (20 g),tabaco-liar,nacional,2.1
Colts Red (20 g) CM,tabaco-liar,nacional,1.7
Colts Yellow (40 g),tabaco-liar,nacional,3.6
Colts Yellow (40 g) CM,tabaco-liar,nacional,3.2
COMBINACIONES Selección Pirámides (el envase de 6),otros,nacional,256.8
COMBINACIONES Selección Robustos (el envase de 6),otros,nacional,184.2
Comoys Cornish Mixture (50 g),tabaco-liar,nacional,21
Comoys English  Mixture (50 g),tabaco-liar,nacional,20
Comoys Irish Mixture (50 g),tabaco-liar,nacional,20.5
Comoys Scottish Mixture (50 g),tabaco-liar,nacional,20.5
CONDAL  Maestro Tabaquero S.06 Churchill,otros,nacional,4.4
CONDAL  Maestro Tabaquero S.06 Coronas,otros,nacional,3.6
CONDAL  Maestro Tabaquero S.06 Cristales,otros,nacional,4.3
CONDAL  Maestro Tabaquero S.06 Pirámides,otros,nacional,4.5
CONDAL  Maestro Tabaquero S.06 Robustos,otros,nacional,3.9
CONDAL Churchill (25),cigarrillos,nacional,8.5
CONDAL Cigarritos,cigarrillos,nacional,0.24
CONDAL Corona Inmenso (25),cigarrillos,nacional,8.25
CONDAL Maestro Tabaquero S.04 Churchill,otros,nacional,4.5
CONDAL Maestro Tabaquero S.04 Coronas,otros,nacional,3.25
CONDAL Maestro Tabaquero S.04 Cristales,otros,nacional,4
CONDAL Maestro Tabaquero S.04 Pirámides,otros,nacional,4.5
CONDAL Maestro Tabaquero S.04 Robustos,otros,nacional,3.5
CONDAL N.1 (4),otros,nacional,2.6
CONDAL N.10 (25),cigarrillos,nacional,3
CONDAL N.3 (4),otros,nacional,2.35
CONDAL Nº 4 (25),cigarrillos,nacional,6.2
CONDAL Nº 5 (25),cigarrillos,nacional,6
CONDAL Nº 6 (25),cigarrillos,nacional,6.2
CONDAL Puritos,otros,nacional,0.5
CONDAL Robusto (25),cigarrillos,nacional,6.5
CONDEGA Condega Arsenio Edición Limitada 5 1/2X52 (10),cigarrillos,nacional,5.9
CONDEGA Condega Ed. Limitada Volcanes Cerro Negro Doble Figurado (10),cigarrillos,nacional,7.9
CONDEGA Condega Freshpack Mini Robusto 4 1/2 X 50 (El envase de 3),otros,nacional,13.3
CONDEGA Condega Freshpack Mini Titan 4 1/2 X 60 (El envase de 3),otros,nacional,16.5
CONDEGA Condega Freshpack Perlas 4 X 40 (El envase de 4),otros,nacional,14.2
CONDEGA Condega Freshpack Robusto 5 1/2 X 50 (El envase de 4),otros,nacional,19.2
CONDEGA Condega Magnum 52 6 1/2 X 52 (25),cigarrillos,nacional,5.7
CONDEGA Condega Mini Robusto 4 1/2 X 50 (25),cigarrillos,nacional,4.7
CONDEGA Condega Mini Robusto Mazo (el envase de 15),otros,nacional,61.5
CONDEGA Condega Obus 4 34 X 60 (12),cigarrillos,nacional,6.7
CONDEGA Condega Perlas 4 X 40 (25),cigarrillos,nacional,3.7
CONDEGA Condega Robusto 5 1/2 X 50 (25),cigarrillos,nacional,5.1
CONDEGA Condega Serie C Magnum 6 X 54 (20),cigarrillos,nacional,6
CONDEGA Condega Serie C Mini Titan 4 1/2 X 60 (20),cigarrillos,nacional,6.1
CONDEGA Condega Serie C Robusto 5 X 50 (20),cigarrillos,nacional,5.4
CONDEGA Condega Serie F Robusto (El envase de 15),otros,nacional,67.5
CONDEGA Condega Volcanes Madera 2024 6X46 (12),cigarrillos,nacional,6.5
CONDEGA Condega XV Aniversario Doble Robusto 5 X 54 (20),cigarrillos,nacional,5.8
CONDEGA Condega XV Aniversario Epicure 6 X 56 (20),cigarrillos,nacional,6.7
CONDEGA Condega XV Aniversario Short Robusto 4 1/4 X 50 (18),cigarrillos,nacional,4.9
CONDEGA Esplendido (25),cigarrillos,nacional,4.1
CONDEGA Gran Titan 6X60 (10),cigarrillos,nacional,7.3
CONDEGA Juanito (25),cigarrillos,nacional,3.6
CONDEGA Lancero 7x40 (10),cigarrillos,nacional,5.9
CONDEGA Mareva 5x42 (12),cigarrillos,nacional,3.9
CONDEGA Mareva Mazo 5x42 (el envase de 15),otros,nacional,49.5
CONDEGA Mini Titan 4 1/2 X 60 (10),cigarrillos,nacional,5.7
CONDEGA Piramide 6 1/4X52 (25),cigarrillos,nacional,5.8
CONDEGA Serie f Arsenio mazo 5 1/2 x 50 (el envase de 15),otros,nacional,79.5
CONDEGA Serie f Gran Titan mazo 6 x 60 (el envase de 15),otros,nacional,99
CONDEGA Serie f Mini Titan mazo 4 1/2 x 60 (el envase de 15),otros,nacional,76.5
CONDEGA Serie S Half Corona mazo 4x44 (el envase de 15),otros,nacional,48
CONDEGA Serie S Magnum 52  Tubo 6x52 (el envase de 3),otros,nacional,19.5
CONDEGA Serie S Magnum 52 6x52 (20),cigarrillos,nacional,5.6
CONDEGA Serie S Mini Titan 4x60 (20),cigarrillos,nacional,5.5
CONDEGA Serie S Robusto 5x52 (20),cigarrillos,nacional,5.4
CONDEGA Serie S Robusto Tubo 5x52 (10),cigarrillos,nacional,6.5
CONDEGA Serie S Robusto Tubo 5x52 (el envase de 3),otros,nacional,18.9
CONDEGA Serie S Short Robusto Tubo 4x52 (10),cigarrillos,nacional,6.2
CONDEGA Serie S Short Robusto Tubo 4x52 (el envase de 3),otros,nacional,18
CONDEGA Serie S Titan 6x60 (10),cigarrillos,nacional,6.5
Condor (50 g),tabaco-liar,nacional,5.95
CONSTANTINO GONZALEZ Constantino Gonzalez Claro Corto 4 X 50 M (10),cigarrillos,nacional,4.2
CONSTANTINO GONZALEZ Constantino Gonzalez Claro Corto 4 X 50 M (25),cigarrillos,nacional,4.2
CONSTANTINO GONZALEZ Constantino González Claro Lancero 7 x 42 M (10),cigarrillos,nacional,5.85
CONSTANTINO GONZALEZ Constantino Gonzalez Claro Robusto 5 X 52 M (10),cigarrillos,nacional,5.2
CONSTANTINO GONZALEZ Constantino Gonzalez Claro Robusto 5 X 52 M (25),cigarrillos,nacional,5.2
CONSTANTINO GONZALEZ Constantino Gonzalez Claro Toro Extra 6 X 54 M (10),cigarrillos,nacional,5.8
CONSTANTINO GONZALEZ Constantino Gonzalez Claro Toro Extra 6 X 54 M (25),cigarrillos,nacional,5.8
CONSTANTINO GONZALEZ Constantino Gonzalez Corto 4 x 50 (Mazo de 10),otros,nacional,3.95
CONSTANTINO GONZALEZ Constantino Gonzalez Corto 4 x 50 (Mazo de 10) CM,otros,nacional,2.75
CONSTANTINO GONZALEZ Constantino Gonzalez Corto 4 x 50 (Mazo de 20),otros,nacional,3.95
CONSTANTINO GONZALEZ Constantino Gonzalez Corto 4 X 50 M (25),cigarrillos,nacional,3.95
CONSTANTINO GONZALEZ Constantino Gonzalez Corto 4 X 50 M (25) CM,cigarrillos,nacional,2.75
CONSTANTINO GONZALEZ Constantino Gonzalez Lancero 7 x 42 M (10),cigarrillos,nacional,5.5
CONSTANTINO GONZALEZ Constantino Gonzalez Lancero 7 x 42 M (10) CM,cigarrillos,nacional,3.9
CONSTANTINO GONZALEZ Constantino Gonzalez Robusto 5 x 52 (Mazo de 10),otros,nacional,4.85
CONSTANTINO GONZALEZ Constantino Gonzalez Robusto 5 x 52 (Mazo de 10) CM,otros,nacional,3.25
CONSTANTINO GONZALEZ Constantino Gonzalez Robusto 5 x 52 (Mazo de 20),otros,nacional,4.75
CONSTANTINO GONZALEZ Constantino Gonzalez Robusto 5 X 52 M (25),cigarrillos,nacional,4.85
CONSTANTINO GONZALEZ Constantino Gonzalez Robusto 5 X 52 M (25) CM,cigarrillos,nacional,3.25
CONSTANTINO GONZALEZ Constantino Gonzalez Toro Extra 6 x 54 (Mazo de 10),otros,nacional,5.5
CONSTANTINO GONZALEZ Constantino Gonzalez Toro Extra 6 x 54 (Mazo de 10) CM,otros,nacional,3.8
CONSTANTINO GONZALEZ Constantino Gonzalez Toro Extra 6 x 54 (Mazo de 20),otros,nacional,5.3
CONSTANTINO GONZALEZ Constantino Gonzalez Toro Extra 6 X 54 M (25),cigarrillos,nacional,5.5
CONSTELLATION Mini Aromatic (El envase de 10),otros,nacional,1.7
CONSTELLATION Mini Aromatic Silver (El envase de 10),otros,nacional,1.7
CONVICTO Convicto Corona Original Caja (25),cigarrillos,nacional,1.2
CONVICTO Convicto Coronas (10),cigarrillos,nacional,0.6
CONVICTO Convicto Coronas (10) CM,cigarrillos,nacional,0.5
CONVICTO Convicto Coronas (25),cigarrillos,nacional,0.6
CONVICTO Convicto Coronas (25) CM,cigarrillos,nacional,0.5
CONVICTO Convicto Coronas Celofán (25),cigarrillos,nacional,0.6
CONVICTO Convicto Coronas Celofán (25) CM,cigarrillos,nacional,0.5
CONVICTO Convicto Coronas Tubos (20),cigarrillos,nacional,1.2
CONVICTO Convicto Minis (El envase de 10),otros,nacional,2.65
CONVICTO Convicto Tubos (25),cigarrillos,nacional,1.2
CORDOVA Mini Robusto (25),cigarrillos,nacional,1.25
CORDOVA Petit Corona (25),cigarrillos,nacional,1.3
CORDOVA Robusto (25),cigarrillos,nacional,1.5
Cornell & Dihel Autum Evening (57 g),tabaco-liar,nacional,39.95
Cornell & Dihel Bayou Morning Flake (57 g),tabaco-liar,nacional,39.95
Cornell & Dihel Bijou (57 g),tabaco-liar,nacional,39.95
Cornell & Dihel Black Frigate (57 g),tabaco-liar,nacional,39.95
Cornell & Dihel Dreams of Kadath (57 g),tabaco-liar,nacional,39.95
Cornell & Dihel Haunted Bookshop Cake (57 g),tabaco-liar,nacional,36.5
Cornell & Dihel Nutty Irishman (57 g),tabaco-liar,nacional,36.5
Cornell & Dihel Old Joe Krantz (57 g),tabaco-liar,nacional,39.95
Cornell & Dihel Sansepolcro (57 g),tabaco-liar,nacional,36.2
Cornell & Dihel Speakeasy Navy Blend (57 g),tabaco-liar,nacional,39.95
Cornell & Dihel Star of the East (57 g),tabaco-liar,nacional,36.5
CORONAS  Reserva Cigarritos (El envase de 20),cigarrillos,nacional,3.25
Coronas A.B. Duro CM,otros,nacional,2.5
Coronas Black Soft,otros,nacional,5.95
Coronas Clásico Blando CM,otros,nacional,2.5
CORONAS RESERVA Cigarritos (20) CM,cigarrillos,nacional,0.13
CORONAS RESERVA Cigarritos (El Envase de 50),cigarrillos,nacional,11
CORONAS Reserva Cigarritos CPB (Cajetilla Dura)(El envase de 20),cigarrillos,nacional,4.65
CORRIDA Corrida Honduras Robusto 5X56 (20),cigarrillos,nacional,9.5
Corset Chic Lile,otros,nacional,4.1
Corset Lilas Superslims CM,otros,nacional,2.8
Corset Lile Superslims,otros,nacional,4.8
Corset Marine Superslims,otros,nacional,4.8
Corset Marine Superslims CM,otros,nacional,2.8
Corset Pink Superslims,otros,nacional,4.8
Corset Pink Superslims CM,otros,nacional,2.8
Corset Pulse Superslim,otros,nacional,4.1
Corset White Superslims,otros,nacional,4.8
Corset White Superslims CM,otros,nacional,2.8
COSTA Breves (20),cigarrillos,nacional,0.5
COSTA Coronas (25),cigarrillos,nacional,3.4
COSTA Pirámide (25),cigarrillos,nacional,5.5
COSTA Platinum Super Robusto (25),cigarrillos,nacional,5.95
COSTA Robusto XL (25),cigarrillos,nacional,4.7
COSTA Robustos (25),cigarrillos,nacional,4.1
COSTA Sublime (25),cigarrillos,nacional,5.75
Couture Silver SS (20),cigarrillos,nacional,4.7
CRIOLLO Palmeritos (10),cigarrillos,nacional,0.2
CRISPIN PATIÑO Churchill Plata 40th E.L. (3),otros,nacional,750
CRISPIN PATIÑO Doble Corona Oro 50th E.L. (3),otros,nacional,900
Crossroad Gold Drum (75 g),tabaco-liar,nacional,15.5
Crossroad Natural Gold (25 g),tabaco-liar,nacional,4.15
Crossroad Natural Gold (25 g) CM,tabaco-liar,nacional,3.9
Crossroad Natural Original (25 g),tabaco-liar,nacional,4.15
Crossroad Natural Original (25 g) CM,tabaco-liar,nacional,3.9
Crossroad Natural Original (75 g),tabaco-liar,nacional,12.8
Crossroad Ryo Gold (30 g),tabaco-liar,nacional,6.6
Crossroad Ryo Gold (30 g) CM,tabaco-liar,nacional,6
Crossroad Ryo Original (30 g),tabaco-liar,nacional,6.6
Crossroad Ryo Original (30 g) CM,tabaco-liar,nacional,6
Crossroad Ryo Virginia (30 g),tabaco-liar,nacional,6.6
Crossroad Ryo Virginia (30 g) CM,tabaco-liar,nacional,6
Crossroad Virginia (23 g),tabaco-liar,nacional,4.15
Crossroad Virginia (75 g),tabaco-liar,nacional,12.8
CUABA Cuaba 20 Aniversario LCDH (50),cigarrillos,nacional,105
CUABA Distinguidos (10),cigarrillos,nacional,21.5
CUABA Distinguidos (10) CM,cigarrillos,nacional,18.2
CUABA Divinos (25),cigarrillos,nacional,9.5
CUABA Divinos (25) CM,cigarrillos,nacional,8.05
CUABA Tradicionales (25),cigarrillos,nacional,11.4
CUABA Tradicionales (25) CM,cigarrillos,nacional,9.65
CUBERO Aroma Filter (el envase de 20),otros,nacional,3.6
CUBERO Aroma Filter (el envase de 20) CM,otros,nacional,3.05
CUBERO Blue Filtro (El envase de 10),otros,nacional,1.9
CUBERO Blue Filtro (El envase de 10) CM,otros,nacional,1.65
CUBERO Cubero (El envase de 20),otros,nacional,3.8
CUBERO Cubero (El envase de 20) CM,otros,nacional,3.3
CUBERO Cubero 3 Pack (El envase de 3),otros,nacional,0.45
CUBERO Cubero Vanilla Filter 3 Pack (El envase de 3),otros,nacional,0.45
CUBERO Mini Aroma Filter (el envase de 20),otros,nacional,3.5
CUBERO Mini Aroma Filter (el envase de 20) CM,otros,nacional,3
CUBERO Mini Red Filter (El envase de 10),otros,nacional,1.85
CUBERO Mini Red Filter (El envase de 10) CM,otros,nacional,1.6
CUBERO Original (10),cigarrillos,nacional,0.21
CUBERO Original (el envase de 20),otros,nacional,3.2
CUBERO Original (el envase de 20) CM,otros,nacional,2.75
CUBERO Red Mini (el envase de 10),otros,nacional,1.85
CUBERO Red Mini (el envase de 10) CM,otros,nacional,1.6
CUBERO Vanilla Filter (El envase de 20),otros,nacional,3.8
CUBERO Vanilla Filter (El envase de 20) CM,otros,nacional,3.3
CUESTA REY Centro Fino #60 SG 6x50 (10),cigarrillos,nacional,14.5
CUESTA REY Centro Fino Robusto  #7 SG (10),cigarrillos,nacional,13.2
CUMPAY Corona (20),cigarrillos,nacional,4.7
CUMPAY Corona (25),cigarrillos,nacional,4.7
CUMPAY Cumpay Volcán Maduro C (20),cigarrillos,nacional,15
CUMPAY Nº 15 (20),cigarrillos,nacional,6.5
CUMPAY Robusto (20),cigarrillos,nacional,11
CUMPAY Robusto (25),cigarrillos,nacional,5.2
CUMPAY Short (20),cigarrillos,nacional,4.5
CUSANO Churchill (16),cigarrillos,nacional,3.9
CUSANO Churchill (16) CM,cigarrillos,nacional,2.45
CUSANO Churchill (4),otros,nacional,3
CUSANO Churchill (4) CM,otros,nacional,2.45
CUSANO Corona (16),cigarrillos,nacional,3.3
CUSANO Corona (16) CM,cigarrillos,nacional,2
CUSANO Corona (4),otros,nacional,2.5
CUSANO Corona (4) CM,otros,nacional,2
CUSANO Figurado (16),cigarrillos,nacional,2.6
CUSANO Figurado (16) CM,cigarrillos,nacional,2.05
CUSANO Figurado (4),otros,nacional,2.5
CUSANO Figurado (4) CM,otros,nacional,2.05
CUSANO Lonsdale (16),cigarrillos,nacional,3.4
CUSANO Lonsdale (16) CM,cigarrillos,nacional,2.1
CUSANO Lonsdale (4),otros,nacional,2.55
CUSANO Lonsdale (4) CM,otros,nacional,2.1
CUSANO Magnum Corona (16),cigarrillos,nacional,1.2
CUSANO Magnum Corona (16) CM,cigarrillos,nacional,0.95
CUSANO Magnum Corona (4),otros,nacional,1.2
CUSANO Magnum Corona (4) CM,otros,nacional,0.95
CUSANO Magnum Robusto (16),cigarrillos,nacional,1.25
CUSANO Magnum Robusto (16) CM,cigarrillos,nacional,1.1
CUSANO Magnum Robusto (4),otros,nacional,1.25
CUSANO Magnum Robusto (4) CM,otros,nacional,1.1
CUSANO Petit Corona (16),cigarrillos,nacional,2.9
CUSANO Petit Corona (16) CM,cigarrillos,nacional,2.44
CUSANO Petit Corona (4),otros,nacional,2.2
CUSANO Petit Corona (4) CM,otros,nacional,1.8
CUSANO Petit Panetela (16),cigarrillos,nacional,2.6
CUSANO Petit Panetela (16) CM,cigarrillos,nacional,1.6
CUSANO Petit Panetela (4),otros,nacional,1.95
CUSANO Petit Panetela (4) CM,otros,nacional,1.6
CUSANO Robusto (16),cigarrillos,nacional,3.6
CUSANO Robusto (16) CM,cigarrillos,nacional,2.25
CUSANO Robusto (4),otros,nacional,2.8
CUSANO Robusto (4) CM,otros,nacional,2.25
CUSANO Short Robusto (16),cigarrillos,nacional,2.6
CUSANO Short Robusto (4),otros,nacional,1.9
Cutters Choice (50 g),tabaco-liar,nacional,13.5
CyB Robusto Deluxe by Joya de Nicaragua (21),cigarrillos,nacional,6
CyB Toro Supremo by Joya de Nicaragua (21),cigarrillos,nacional,7
Dan Tobacco Ascanian No. 1 (50 g),tabaco-liar,nacional,13.8
Dan Tobacco Bill Bailey's Balkan Blend (50g),tabaco-liar,nacional,17
Dan Tobacco Bulldog Roper's Roundels (100 g),tabaco-liar,nacional,51.8
"Dan Tobacco Burley 2,5 mm (50 g)",tabaco-liar,nacional,12.8
Dan Tobacco Choo Choo Train (50 g),tabaco-liar,nacional,15
Dan Tobacco Da Vinci (50 g),tabaco-liar,nacional,17
Dan Tobacco Devil's Holiday (50 g),tabaco-liar,nacional,15.5
Dan Tobacco Gordon Pym (50 g),tabaco-liar,nacional,15
Dan Tobacco Holmer Knudsen's Tobacco (50 g),tabaco-liar,nacional,15.5
Dan Tobacco Latakia-Cypern (50 g),tabaco-liar,nacional,18.2
Dan Tobacco Louisiana Perique USA (50 g),tabaco-liar,nacional,18.5
Dan Tobacco Old Ironsides (50 g),tabaco-liar,nacional,16.3
Dan Tobacco Patriot Flake (50 g),tabaco-liar,nacional,13.8
Dan Tobacco Rainer Barbi (50 g),tabaco-liar,nacional,14.5
Dan Tobacco S.V.H. (50 g),tabaco-liar,nacional,16.8
Dan Tobacco Timm London Blend 1000 (100 g),tabaco-liar,nacional,23
Dan Tobacco Torben Dansk Blue Note (50 g),tabaco-liar,nacional,16.2
Dan Tobacco Tordenskjold Virginia Slices (50 g),tabaco-liar,nacional,14.5
Dan Tobacco Veermaster (50 g),tabaco-liar,nacional,14.2
Dan Tobacco Virginia  1.6 Zaire (50 g),tabaco-liar,nacional,13.2
Danish Blend Sweet Cherry (40 g),tabaco-liar,nacional,2.8
Danish Blend Sweet Rum & Mapl (40 g),tabaco-liar,nacional,2.8
Danish Blend Sweet Vanilla (40 g),tabaco-liar,nacional,2.8
DANNEMANN MOODS Bahia (4),otros,nacional,0.35
DANNEMANN MOODS Dannemann Mini Moods (4),otros,nacional,0.35
DANNEMANN MOODS Dannemann Moods Filter (4),otros,nacional,0.35
DANNEMANN MOODS Filter Bahia (el envase de 10),otros,nacional,3.5
DANNEMANN MOODS Filter Bahía (el envase de 12),otros,nacional,3.5
DANNEMANN MOODS Filter Bahia (el envase de 20),otros,nacional,6.5
DANNEMANN MOODS Silver (4),otros,nacional,0.35
DANNEMANN MOODS Silver (el envase de 10),otros,nacional,3.5
DANNEMANN MOODS Silver (El envase de 12),otros,nacional,3.5
Danske Club Black Luxury (50 g),tabaco-liar,nacional,8.5
Danske Club Black Luxury (50 g) CM,tabaco-liar,nacional,8.1
Danske Club White Luxury (50 g),tabaco-liar,nacional,2.7
DARÍO  Supremos Poemas (28),cigarrillos,nacional,5.9
DARÍO  Supremos Sonetos (28),cigarrillos,nacional,4.9
DARÍO  Supremos Versos (28),cigarrillos,nacional,4.4
DARIO Dario El Tabaquito Cuatro Valles Maravillas (14),cigarrillos,nacional,4.5
DARIO Dario El Tabaquito Cuatro Valles Robusto Grande (14),cigarrillos,nacional,6.5
DARIO EL TABAQUITO Robusto (25),cigarrillos,nacional,5.8
Darkside B Monster Base (30 g),tabaco-liar,nacional,2
Darkside Barvy O Base (30 g),tabaco-liar,nacional,2
Darkside Blackery Base (30 g),tabaco-liar,nacional,2
Darkside Bnpapa Base (30 g),tabaco-liar,nacional,2
Darkside Darkside Hola Base (30 g),tabaco-liar,nacional,2
Darkside Falling Star Base (30 g),tabaco-liar,nacional,2
Darkside Generis Rsp Base (30 g),tabaco-liar,nacional,2
Darkside I Granny Base (30 g),tabaco-liar,nacional,2
Darkside Kalee Grap Base (30 g),tabaco-liar,nacional,2
Darkside Lm Blast Base (30 g),tabaco-liar,nacional,2
Darkside Mg Assi Base (30 g),tabaco-liar,nacional,2
Darkside Skyline Base (30 g),tabaco-liar,nacional,2
Darkside Space Ichi Base (30 g),tabaco-liar,nacional,2
Darkside Supernova Base (30 g),tabaco-liar,nacional,2
Darkside Tear Base (30 g),tabaco-liar,nacional,2
DAVIDOFF  Belicoso Supremo Limited Edition 2011 (10),cigarrillos,nacional,10.92
DAVIDOFF 1000 (25) CM,cigarrillos,nacional,6
DAVIDOFF 1000 (5) CM,otros,nacional,6
DAVIDOFF 2000 Tubos (20) CM,cigarrillos,nacional,8
DAVIDOFF 2000 Tubos (4) CM,otros,nacional,8
DAVIDOFF 3000 (25),cigarrillos,nacional,11
DAVIDOFF 3000 (25) CM,cigarrillos,nacional,9
DAVIDOFF 3000 (5),otros,nacional,11
DAVIDOFF 3000 (5) CM,otros,nacional,9
DAVIDOFF 4000 (25),cigarrillos,nacional,13.8
DAVIDOFF 4000 (25) CM,cigarrillos,nacional,11.25
DAVIDOFF 4000 (5),otros,nacional,13.4
DAVIDOFF 4000 (5) CM,otros,nacional,11.25
Davidoff 50 LE Pipa Tobacco (100 g),tabaco-pipa,nacional,26.5
DAVIDOFF 50th Le Diademas Finas American (10),cigarrillos,nacional,28
DAVIDOFF 50th Le Diademas Finas Asian (10),cigarrillos,nacional,28
DAVIDOFF 50th Le Diademas Finas European (10),cigarrillos,nacional,28
DAVIDOFF 50th Le Diademas Finas Oriental (10),cigarrillos,nacional,28
DAVIDOFF 6000 (25),cigarrillos,nacional,9.4
DAVIDOFF 6000 (25) CM,cigarrillos,nacional,7.9
DAVIDOFF 6000 (4),otros,nacional,9.4
DAVIDOFF 6000 (4) CM,otros,nacional,7.9
DAVIDOFF Ambassadrice  (25),cigarrillos,nacional,4.08
DAVIDOFF Ambassadrice  (25) CM,cigarrillos,nacional,5.9
DAVIDOFF Ambassadrice (10),cigarrillos,nacional,6.8
DAVIDOFF Ambassadrice (10) CM,cigarrillos,nacional,5.9
DAVIDOFF Aniversario Entreacto (4),otros,nacional,11.5
DAVIDOFF Aniversario Entreacto (4) CM,otros,nacional,7
DAVIDOFF Aniversario Entreacto 702 Series (20),cigarrillos,nacional,7.5
DAVIDOFF Aniversario Nº 3 (10),cigarrillos,nacional,26
DAVIDOFF Aniversario Nº 3 Tubos (20),cigarrillos,nacional,17.5
DAVIDOFF Aniversario Nº 3 Tubos (20)  CM,cigarrillos,nacional,14.9
DAVIDOFF Aniversario Nº 3 Tubos (3),otros,nacional,17.5
DAVIDOFF Aniversario Nº 3 Tubos (3) CM,otros,nacional,14.9
DAVIDOFF Aniversario Short Perfecto (4),otros,nacional,20.2
DAVIDOFF Aniversario Special R (25),cigarrillos,nacional,22.5
DAVIDOFF Aniversario Special R Tubos (3),otros,nacional,23.5
DAVIDOFF Aniversario Special T (20),cigarrillos,nacional,26.8
Davidoff Argentina Pipe Tobacco (50 g),tabaco-liar,nacional,10.5
DAVIDOFF Art LE 2017 (10),cigarrillos,nacional,23.4
DAVIDOFF Assortment (El envase de 9),otros,nacional,64
DAVIDOFF Assortment (La caja de 9) CM,otros,nacional,103.4
Davidoff Brazil Pipe Tobacco (50 g),tabaco-liar,nacional,10.5
DAVIDOFF Chefs Edition (10),cigarrillos,nacional,21
Davidoff Classic,otros,nacional,6.4
DAVIDOFF Club Cigarillo (10) CM,puros,nacional,0.75
DAVIDOFF Club Cigarillo (el envase de 10),puros,nacional,12.2
Davidoff Danish Mixture (50 g),tabaco-liar,nacional,17.2
DAVIDOFF Davidoff Aniversario Doble R (25),cigarrillos,nacional,35
DAVIDOFF Davidoff Aniversario Nº 1 LE 2023 (10),cigarrillos,nacional,60
DAVIDOFF Davidoff Chefs Edition 2025 (10),cigarrillos,nacional,55
DAVIDOFF Davidoff Dominicana Short Robusto (10),cigarrillos,nacional,13.5
DAVIDOFF Davidoff Escurio 10th Anniversary (12),cigarrillos,nacional,37
DAVIDOFF Davidoff Escurio Robusto (12),cigarrillos,nacional,16.2
DAVIDOFF Davidoff Grand Cru Diademas Finas Le 2024 (10),cigarrillos,nacional,57
DAVIDOFF Davidoff Maduro Robusto (20),cigarrillos,nacional,50
DAVIDOFF Davidoff Maduro Short Corona (20),cigarrillos,nacional,42
DAVIDOFF Davidoff Maduro Toro (20),cigarrillos,nacional,54
DAVIDOFF Davidoff Millennium Pirámides (10),cigarrillos,nacional,28.6
DAVIDOFF Davidoff Millennium Robusto (25),cigarrillos,nacional,23.2
DAVIDOFF Davidoff Millennium Robusto (4),otros,nacional,23.2
DAVIDOFF Davidoff Millennium Robusto Tubos (20),cigarrillos,nacional,24.2
DAVIDOFF Davidoff Millennium Robusto Tubos (3),otros,nacional,24.2
DAVIDOFF Davidoff Millennium Short Robusto (4),otros,nacional,18.4
DAVIDOFF Davidoff Millennium Toro (4),otros,nacional,26.5
DAVIDOFF Davidoff Nicaragua 10th Anniversary Le (12),cigarrillos,nacional,38
DAVIDOFF Davidoff Nicaragua Short Corona (5),otros,nacional,12
DAVIDOFF Davidoff Oro Blanco 111 Years (1),otros,nacional,750
DAVIDOFF Davidoff Puro Dominicano Corona Larga (12 ),puros,nacional,18.3
DAVIDOFF Davidoff Puro Dominicano Corona Larga (5),puros,nacional,18.3
DAVIDOFF Davidoff Puro Dominicano Perfecto (12),puros,nacional,19.7
DAVIDOFF Davidoff Puro Dominicano Perfecto (5),puros,nacional,19.7
DAVIDOFF Davidoff Puro Dominicano Short Robusto (12),puros,nacional,15.5
DAVIDOFF Davidoff Puro Dominicano Short Robusto (5),puros,nacional,15.5
DAVIDOFF Davidoff Royal Release Robusto (10),cigarrillos,nacional,120
DAVIDOFF Davidoff Royal Release Salomones (10),cigarrillos,nacional,150
DAVIDOFF Davidoff Signature 6000 (4),otros,nacional,17.9
DAVIDOFF Davidoff Signature Nº 2 Tubos (20),cigarrillos,nacional,22
DAVIDOFF Davidoff Tubos Selection White (el envase de 3),otros,nacional,59.2
DAVIDOFF Davidoff Winston Churchill Churchill (20),cigarrillos,nacional,25.3
DAVIDOFF Davidoff Winston Churchill Late Hour Belicoso (4),otros,nacional,9.2
DAVIDOFF Davidoff Winston Churchill Late Hour Petit Panetela (5),otros,nacional,8.8
DAVIDOFF Davidoff Winston Churchill Late Hour Toro (20),cigarrillos,nacional,29
DAVIDOFF Davidoff Winston Churchill Late Hour Toro (4),otros,nacional,29
DAVIDOFF Davidoff Winston Churchill Le 2025 (10),cigarrillos,nacional,49
DAVIDOFF Davidoff Winston Churchill Petit Corona (5),otros,nacional,14
DAVIDOFF Davidoff Year of the Dragon (10),cigarrillos,nacional,52
DAVIDOFF Davidoff Year of the Horse (10),cigarrillos,nacional,65
DAVIDOFF Davidoff Year Of The Snake (10),cigarrillos,nacional,62
DAVIDOFF Demi Tasse (10) CM,cigarrillos,nacional,1.35
DAVIDOFF Demi Tasse (El envase de 10),otros,nacional,20.8
DAVIDOFF Doble R (10),cigarrillos,nacional,29
DAVIDOFF Doble R (10)  CM,cigarrillos,nacional,25.3
DAVIDOFF Emociones DFE (5),otros,nacional,6.8
Davidoff English Mixture (50 g),tabaco-liar,nacional,17.2
DAVIDOFF Entreacto (20),cigarrillos,nacional,7.5
DAVIDOFF Entreacto (20)  CM,cigarrillos,nacional,5.55
DAVIDOFF Escurio Corona Gorda (12),cigarrillos,nacional,12.2
DAVIDOFF Escurio Corona Gorda (4),otros,nacional,17.2
DAVIDOFF Escurio Gran Perfecto (12),cigarrillos,nacional,19.9
DAVIDOFF Escurio Gran Perfecto (3),otros,nacional,12.2
DAVIDOFF Escurio Gran Toro (12),cigarrillos,nacional,14.2
DAVIDOFF Escurio Gran Toro (4),otros,nacional,20.7
DAVIDOFF Escurio Gran Torpedo (3),otros,nacional,11
DAVIDOFF Escurio Petit Robusto (14),cigarrillos,nacional,10.8
DAVIDOFF Escurio Petit Robusto (4),otros,nacional,10.8
DAVIDOFF Escurio Primeros (6),otros,nacional,5
DAVIDOFF Escurio Robusto Tubos (12),cigarrillos,nacional,12.5
DAVIDOFF Escurio Robusto Tubos (4),otros,nacional,17.2
DAVIDOFF Especial C (12),cigarrillos,nacional,9.1
Davidoff Evolve Blue 20,otros,nacional,4.65
Davidoff Evolve Red 20,otros,nacional,4.65
DAVIDOFF Exclusive Barcelona 2019 (10),cigarrillos,nacional,25
DAVIDOFF Exclusive Madrid 2019 (10),cigarrillos,nacional,25
DAVIDOFF Exquisitos (10),cigarrillos,nacional,3.8
DAVIDOFF Exquisitos (10) CM,cigarrillos,nacional,2.05
Davidoff Flake Medaillons (50 g),tabaco-liar,nacional,20.9
Davidoff Gold,otros,nacional,6.4
DAVIDOFF Golf LTD Masters Edition 4&4 Tubos (el envase de 8),otros,nacional,164
DAVIDOFF Golf Scorecard L.E. 2016 (5),otros,nacional,15.3
DAVIDOFF Grand Cru Nº 1 (25),cigarrillos,nacional,13.2
DAVIDOFF Grand Cru Nº 1 (25) CM,cigarrillos,nacional,10.9
DAVIDOFF Grand Cru Nº 1 (5),otros,nacional,13.2
DAVIDOFF Grand Cru Nº 1 (5) CM,otros,nacional,10.9
DAVIDOFF Grand Cru Nº 2 (25),cigarrillos,nacional,11.5
DAVIDOFF Grand Cru Nº 2 (25) CM,cigarrillos,nacional,9.65
DAVIDOFF Grand Cru Nº 2 (5),otros,nacional,17.2
DAVIDOFF Grand Cru Nº 2 (5) CM,otros,nacional,9.65
DAVIDOFF Grand Cru Nº 3 (25),cigarrillos,nacional,10.7
DAVIDOFF Grand Cru Nº 3 (25) CM,cigarrillos,nacional,9
DAVIDOFF Grand Cru Nº 3 (5),otros,nacional,10.7
DAVIDOFF Grand Cru Nº 3 (5) CM,otros,nacional,9
DAVIDOFF Grand Cru Nº 4 (25),cigarrillos,nacional,8.5
DAVIDOFF Grand Cru Nº 4 (25) CM,cigarrillos,nacional,7.15
DAVIDOFF Grand Cru Nº 4 (5),otros,nacional,8.5
DAVIDOFF Grand Cru Nº 4 (5) CM,otros,nacional,7.15
DAVIDOFF Grand Cru Nº 5 (25),cigarrillos,nacional,12.5
DAVIDOFF Grand Cru Nº 5 (25) CM,cigarrillos,nacional,5.85
DAVIDOFF Grand Cru Nº 5 (5),otros,nacional,12.5
DAVIDOFF Grand Cru Nº 5 (5) CM,otros,nacional,5.85
DAVIDOFF Grand Cru Robusto (25),cigarrillos,nacional,18.9
DAVIDOFF Grand Cru Robusto (4),otros,nacional,18.9
DAVIDOFF Grand Cru Toro (25),cigarrillos,nacional,22.9
DAVIDOFF Grand Cru Toro (4),otros,nacional,22.9
DAVIDOFF Limited Art Edition 2016 (10),cigarrillos,nacional,23
"""DAVIDOFF Limited Edition 2008 """"Robusto Extra-Reserva 12"""" (10)""",cigarrillos,nacional,9
"""DAVIDOFF Limited Edition 2008 """"Robusto Extra-Reserva 12"""" (10) CM""",cigarrillos,nacional,15
DAVIDOFF Limited Edition 2019 Robusto (10),cigarrillos,nacional,26.5
DAVIDOFF Long Panetella (10),cigarrillos,nacional,2.25
DAVIDOFF Long Panetella (10)  CM,cigarrillos,nacional,1.95
Davidoff Malawi Pipe Tobacco (50 g),tabaco-liar,nacional,10.5
DAVIDOFF Masters Edition 2013 Club House Toro (10),cigarrillos,nacional,13.52
DAVIDOFF Millenium Blend Petit Corona (25),cigarrillos,nacional,5.4
DAVIDOFF Millenium Blend Petit Corona (25)  CM,cigarrillos,nacional,6.5
DAVIDOFF Millenium Blend Petit Corona (5),otros,nacional,5.4
DAVIDOFF Millenium Blend Petit Corona (5)  CM,otros,nacional,6.5
DAVIDOFF Millenium Blend Robusto (25),cigarrillos,nacional,16.9
DAVIDOFF Millenium Blend Robusto (25)  CM,cigarrillos,nacional,15
DAVIDOFF Millenium Blend Robusto (4),otros,nacional,17.3
DAVIDOFF Millenium Blend Robusto (4)  CM,otros,nacional,15
DAVIDOFF Millenium Blend Short Robusto (20),cigarrillos,nacional,8.75
DAVIDOFF Millenium Blend Short Robusto (20) CM,cigarrillos,nacional,7.35
DAVIDOFF Millenium Blend Short Robusto (4),otros,nacional,8.75
DAVIDOFF Millenium Blend Short Robusto (4) CM,otros,nacional,7.35
DAVIDOFF Millennium Blend Lanceros (10),cigarrillos,nacional,9.66
DAVIDOFF Millennium Blend Lanceros (10) CM,cigarrillos,nacional,14.45
DAVIDOFF Millennium Blend Toro (10),cigarrillos,nacional,15.5
DAVIDOFF Mini Cigarillos Escurio (el envase de 20),puros,nacional,12.4
DAVIDOFF Miniatures Edicion Limitada (10),cigarrillos,nacional,0.63
DAVIDOFF Nicaragua Diadema (12),cigarrillos,nacional,23.3
DAVIDOFF Nicaragua Diadema (4),otros,nacional,19.25
DAVIDOFF Nicaragua Gran Torpedo (3),otros,nacional,11
DAVIDOFF Nicaragua Primeros (6),otros,nacional,5
DAVIDOFF Nicaragua Primeros Maduro (6),otros,nacional,5
DAVIDOFF Nicaragua Robusto (4),otros,nacional,18.8
DAVIDOFF Nicaragua Robusto Box Pressed (12),cigarrillos,nacional,18.8
DAVIDOFF Nicaragua Robusto Box Pressed (4),otros,nacional,10.9
DAVIDOFF Nicaragua Robusto Tubos (12),cigarrillos,nacional,19.8
DAVIDOFF Nicaragua Robusto Tubos (4),otros,nacional,19.8
DAVIDOFF Nicaragua Short Corona (14),cigarrillos,nacional,7.5
DAVIDOFF Nicaragua Short Corona (5),otros,nacional,7.5
DAVIDOFF Nicaragua Toro (12),cigarrillos,nacional,14.2
DAVIDOFF Nicaragua Toro (4),otros,nacional,21.9
DAVIDOFF Nicaragua Toro Box Pressed (4),otros,nacional,12.75
DAVIDOFF Nº 1 (25),cigarrillos,nacional,16.4
DAVIDOFF Nº 1 (25) CM,cigarrillos,nacional,13.9
DAVIDOFF Nº 1 (5),otros,nacional,16.4
DAVIDOFF Nº 1 (5) CM,otros,nacional,13.9
DAVIDOFF Nº 2 (25),cigarrillos,nacional,14.5
DAVIDOFF Nº 2 (25) CM,cigarrillos,nacional,12.55
DAVIDOFF Nº 2 (5) CM,otros,nacional,12.55
DAVIDOFF Nº 2 Tubos (20),cigarrillos,nacional,14.8
DAVIDOFF Nº 2 Tubos (20) CM,cigarrillos,nacional,13.05
DAVIDOFF Nº 2 Tubos (4),otros,nacional,14.8
DAVIDOFF Nº 2 Tubos (4) CM,otros,nacional,13.05
DAVIDOFF Nº 2000 (25) CM,cigarrillos,nacional,7.75
DAVIDOFF Nº 3 (25),cigarrillos,nacional,7.1
DAVIDOFF Nº 3 (25) CM,cigarrillos,nacional,5.95
DAVIDOFF Nº 3 (5),otros,nacional,7.1
DAVIDOFF Nº 3 (5) CM,otros,nacional,5.95
DAVIDOFF Oro Blanco (1),otros,nacional,600
Davidoff Pipe Tobacco Year Of The Dragon Le (100 g),tabaco-liar,nacional,37
Davidoff Pipe Tobacco Year of the Tiger LE (100 g),tabaco-liar,nacional,34
DAVIDOFF Primeros (6),otros,nacional,5
DAVIDOFF Primeros (6) CM,otros,nacional,3.1
DAVIDOFF Primeros Maduro (6),otros,nacional,5
DAVIDOFF Puro D'Oro Deliciosos (10),puros,nacional,5.7
DAVIDOFF Puro D'Oro Deliciosos (10) CM,puros,nacional,8.85
DAVIDOFF Puro D'Oro Deliciosos (4),puros,nacional,5.7
DAVIDOFF Puro D'Oro Deliciosos (4) CM,puros,nacional,8.85
DAVIDOFF Puro D'Oro Gorditos (25),puros,nacional,7.02
DAVIDOFF Puro D'Oro Gorditos (4),puros,nacional,7.02
DAVIDOFF Puro D'Oro Magníficos (10),puros,nacional,6.12
DAVIDOFF Puro D'Oro Magníficos (10) CM,puros,nacional,12.35
DAVIDOFF Puro D'Oro Magníficos (4),puros,nacional,6.12
DAVIDOFF Puro D'Oro Magníficos (4) CM,puros,nacional,12.35
DAVIDOFF Puro D'Oro Momentos (5),puros,nacional,4.6
DAVIDOFF Puro D'Oro Notables (10),puros,nacional,6
DAVIDOFF Puro D'Oro Notables (10) CM,puros,nacional,11.4
DAVIDOFF Puro D'Oro Notables (4),puros,nacional,6
DAVIDOFF Puro D'Oro Notables (4) CM,puros,nacional,11.4
DAVIDOFF Puro D'Oro Sublimes (10),puros,nacional,4
DAVIDOFF Puro D'Oro Sublimes (10) CM,puros,nacional,6.9
DAVIDOFF Puro D'Oro Sublimes (4),puros,nacional,4
DAVIDOFF Puro D'Oro Sublimes (4) CM,puros,nacional,6.9
DAVIDOFF Robusto Collection (El envase de 5),otros,nacional,67.1
DAVIDOFF Robusto Collection (El envase de 5) CM,otros,nacional,60.35
DAVIDOFF Robusto Tubos Selection Black (el envase de 3),otros,nacional,56.3
Davidoff Royalty (50 g),tabaco-liar,nacional,17.2
Davidoff Scottish Mixture (50g),tabaco-liar,nacional,17.2
Davidoff Scottish Mixture (50g) CM,tabaco-liar,nacional,13.12
DAVIDOFF Short Perfecto (25),cigarrillos,nacional,12
DAVIDOFF Short Perfecto (25)  CM,cigarrillos,nacional,9.8
DAVIDOFF Short Perfecto (4) CM,otros,nacional,9.8
DAVIDOFF Signature 1000 (25),cigarrillos,nacional,11
DAVIDOFF Signature 1000 (5),otros,nacional,11
DAVIDOFF Signature 2000 Tubos (20),cigarrillos,nacional,15.4
DAVIDOFF Signature 2000 Tubos (4),otros,nacional,15.4
DAVIDOFF Signature Nº 2 (5),otros,nacional,21
DAVIDOFF Signature Nº 2000 (25),cigarrillos,nacional,14.4
DAVIDOFF Signature Nº 2000 (5),otros,nacional,14.4
DAVIDOFF Signature Nº 2000 (5) CM,otros,nacional,11.36
DAVIDOFF Signature Petit Corona (25),cigarrillos,nacional,7.85
DAVIDOFF Signature Petit Corona (5),otros,nacional,12
DAVIDOFF Signature Toro (25),cigarrillos,nacional,13.65
DAVIDOFF Signature Toro (4),otros,nacional,19.9
"""DAVIDOFF Special """"C"""" CM""",otros,nacional,7.6
DAVIDOFF Special C ND 8*3 (24),cigarrillos,nacional,12
DAVIDOFF Special C ND 8*3 (24) CM,cigarrillos,nacional,10.75
DAVIDOFF Special R (25) CM,cigarrillos,nacional,12.8
DAVIDOFF Special R (4),otros,nacional,15.42
DAVIDOFF Special R (4) CM,otros,nacional,12.8
DAVIDOFF Special R Tubos (20),cigarrillos,nacional,15.4
DAVIDOFF Special R Tubos (20)  CM,cigarrillos,nacional,13.1
DAVIDOFF Special R Tubos (3) CM,otros,nacional,13.1
DAVIDOFF Special T  (4),otros,nacional,14.55
DAVIDOFF Special T  (4) CM,otros,nacional,13.1
DAVIDOFF Special T (20)  CM,cigarrillos,nacional,13.1
DAVIDOFF Tubos Assortment (El envase de 3),otros,nacional,25
DAVIDOFF Tubos Assortment (El Envase de 3) CM,otros,nacional,33.7
DAVIDOFF Turista Mini (El envase de 396),otros,nacional,552
DAVIDOFF Turista Premium (El envase de 61),otros,nacional,616.5
DAVIDOFF Turista VIP (El envase de 219),otros,nacional,642.8
DAVIDOFF Winston Churchill Belicoso (4),otros,nacional,7.5
DAVIDOFF Winston Churchill Late Hour Churchill (20),cigarrillos,nacional,27.5
DAVIDOFF Winston Churchill Late Hour Churchill (4),otros,nacional,27.5
DAVIDOFF Winston Churchill Late Hour Robusto (20),cigarrillos,nacional,25.4
DAVIDOFF Winston Churchill Late Hour Robusto (4),otros,nacional,25.4
DAVIDOFF Winston Churchill LE 16 Gran Toro (10),cigarrillos,nacional,18
DAVIDOFF Winston Churchill LE 2019 Robusto (10),cigarrillos,nacional,16.9
DAVIDOFF WINSTON CHURCHILL Petit Corona (20),cigarrillos,nacional,7.3
DAVIDOFF Winston Churchill Petit Panetela (5),otros,nacional,7
DAVIDOFF WINSTON CHURCHILL Robusto (20),cigarrillos,nacional,13.4
DAVIDOFF Winston Churchill Robusto (4),otros,nacional,22.6
DAVIDOFF WINSTON CHURCHILL Toro (20),cigarrillos,nacional,15.5
DAVIDOFF Winston Churchill Toro (4),otros,nacional,26
DAVIDOFF Yamasa Gran Torpedo (3),otros,nacional,14.3
DAVIDOFF Yamasa Petit Churchill (14),cigarrillos,nacional,13.8
DAVIDOFF Yamasa Petit Churchill (4),otros,nacional,13.8
DAVIDOFF Yamasa Robusto (12),cigarrillos,nacional,20.6
DAVIDOFF Yamasa Robusto (4),otros,nacional,20.6
DAVIDOFF Yamasa Robusto Tubos (4),otros,nacional,21.6
DAVIDOFF Yamasa Toro (12),cigarrillos,nacional,22.4
DAVIDOFF Yamasa Toro (4),otros,nacional,24.1
DAVIDOFF Year of The Dog 2018 (10),cigarrillos,nacional,23.4
DAVIDOFF Year of The Monkey (10),cigarrillos,nacional,23
DAVIDOFF Year of The Pig 2019 (10),cigarrillos,nacional,24.6
DAVIDOFF Year of The Rooster (10),cigarrillos,nacional,24
DAYBREAK Cigarritos Flavoured Vanilla (El envase de10),cigarrillos,nacional,2.5
Del Mar North Blue (20 g),tabaco-liar,nacional,1.7
Del Mar North Blue (20 g) CM,tabaco-liar,nacional,1.2
Del Mar North Blue (40 g),tabaco-liar,nacional,3
Del Mar South Red (20 g),tabaco-liar,nacional,1.7
Del Mar South Red (20 g) CM,tabaco-liar,nacional,1.2
Del Mar South Red (40 g),tabaco-liar,nacional,3
Denim Blue 100 (20),cigarrillos,nacional,4.6
Denim Blue American Blend (20),cigarrillos,nacional,4.5
DENIM Crush Blue Filter Cigar (el envase de 17),puros,nacional,2.7
DENIM Crush Purple Filter Cigar (el envase de 17),puros,nacional,2.7
DENIM Denim Arctic Blue Filter Cigar (El envase de 17),puros,nacional,2.5
DENIM Denim Arctic Blue Filter Cigar (El envase de 17) CM,puros,nacional,1.5
DENIM Denim Crystal Purple Filter Cigar (El envase de 17),puros,nacional,2.5
DENIM Denim Crystal Purple Filter Cigar (El envase de 17) CM,puros,nacional,1.5
DENIM Denim Frozen Green Filter Cigar (El envase de 17),puros,nacional,2.5
DENIM Denim Frozen Green Filter Cigar (El envase de 17) CM,puros,nacional,1.5
DENIM Denim Red Filter Cigar (10),puros,nacional,0.15
DENIM Denim Velvet Gold Filter Cigar (El envase de 17),puros,nacional,2.5
Denim Fresh Breeze (20),cigarrillos,nacional,4.6
Denim Fresh Breeze 100 (20),cigarrillos,nacional,4.6
Denim Red 100 (20),cigarrillos,nacional,4.6
Denim Red 100 (20) CM,cigarrillos,nacional,2
Denim Red American Blend (20),cigarrillos,nacional,4.5
Denim Red American Blend (20) CM,cigarrillos,nacional,2.3
Denim Red American Blend (29),cigarrillos,nacional,6.5
DENIM Red Filter Cigar (el envase de 17),puros,nacional,2.4
DENIM Red Filter Cigar (el envase de 8),puros,nacional,1.3
Denim Selected Blend (20),cigarrillos,nacional,4.5
Denim Selected Blend 100 (20),cigarrillos,nacional,4.6
Desert Gold Blue,otros,nacional,4.65
Desert Gold Red,otros,nacional,4.6
Desert Gold Ryo (33 g),tabaco-liar,nacional,5.3
DIAMANTE Diamante Magnum (El envase de 5),otros,nacional,9.25
DIAMANTE Diamante No IX Trabuco (El envase de 5),otros,nacional,15
DIAMANTE Diamante Robusto (El envase de 5),otros,nacional,7.25
DIAMANTE Diamante Toro (El envase de 5),otros,nacional,8.25
DIAMANTE Diamante Torpedo (El envase de 5),otros,nacional,8.75
DIAMANTE Nº I (25),cigarrillos,nacional,0.55
DIPLOMATICOS Diplomáticos  Nº 2 (25),cigarrillos,nacional,20.6
DIPLOMATICOS Diplomáticos  Nº 2 (25) CM,cigarrillos,nacional,17.45
DIPLOMATICOS Diplomáticos Colección Privada II (10),cigarrillos,nacional,21.5
DJ Carajo (10),cigarrillos,nacional,1.1
DJ Caspita (10),cigarrillos,nacional,0.9
DJ Corcholis (10),cigarrillos,nacional,0.8
DJ Doble Toro (15),cigarrillos,nacional,2.8
DJ Gordito (15),cigarrillos,nacional,2.4
DJ Half Corona (15),cigarrillos,nacional,1.9
DJ Hostia (10),cigarrillos,nacional,1.3
DJ Olee (10),cigarrillos,nacional,1.15
DJ Pipe Tobacco (40 g),tabaco-liar,nacional,2.1
DJ Robusto (15),cigarrillos,nacional,2.2
DJ Short Robusto (15),cigarrillos,nacional,2
DJ Toro (15),cigarrillos,nacional,2.5
DJ Xapó (10),cigarrillos,nacional,1
Django Blue (30 g),tabaco-liar,nacional,6.2
Django Diablo (30 g),tabaco-liar,nacional,6.2
Domingo Autentico (30 g),tabaco-liar,nacional,6.7
Domingo Autentico (30 g) CM,tabaco-liar,nacional,2.6
Domingo Auténtico (70 g),tabaco-liar,nacional,12
Domingo Autentico Negro (30 g),tabaco-liar,nacional,6.7
Domingo Azul (25 g),tabaco-liar,nacional,4
Domingo Azul (30 g),tabaco-liar,nacional,6.7
Domingo Celeste (25 g),tabaco-liar,nacional,4
Domingo Celeste (30 g),tabaco-liar,nacional,7
Domingo Celeste (88 g),tabaco-liar,nacional,20.6
Domingo Menthol (25 g),tabaco-liar,nacional,4
Domingo Natural Flavour (25 g),tabaco-liar,nacional,4
Domingo Natural Flavour (25 g) CM,tabaco-liar,nacional,2.1
Domingo Natural Flavour Intenso  (25 g),tabaco-liar,nacional,4
Domingo Natural Flavour Intenso  (25 g) CM,tabaco-liar,nacional,2.1
Domingo Negro (25 g),tabaco-liar,nacional,4
Domingo Negro (30 g),tabaco-liar,nacional,7
Domingo Negro (30 g) CM,tabaco-liar,nacional,2.6
Domingo Negro (70 g),tabaco-liar,nacional,12
Domingo Negro (88 g),tabaco-liar,nacional,20.5
Domingo Negro NL (100 g),tabaco-liar,nacional,23.7
Domingo Virginia (30 g),tabaco-liar,nacional,5.1
DON CAMILO Amaretto (El envase de 3),otros,nacional,5.4
DON CAMILO Cognac (El envase de 3),otros,nacional,5.4
DON CAMILO Rum (El envase de 3),otros,nacional,5.4
DON CAMILO Sabores 125,otros,nacional,1.8
DON CAMILO Sabores(El envase de 5),otros,nacional,9
DON CAMILO Tequila (El envase de 3),otros,nacional,5.4
DON CAMILO Vainilla (El envase de 3),otros,nacional,5.4
DON CHICO Don Chico Connecticut Robusto C (21),cigarrillos,nacional,11.9
DON CHICO Don Chico Ecuador Robusto C (21),cigarrillos,nacional,11.9
DON CHICO Don Chico Maduro Robusto C (21),cigarrillos,nacional,11.9
DON FIDEL El Legado Grande (25),cigarrillos,nacional,7
DON FIDEL El Legado Toro (25),cigarrillos,nacional,6.6
DON JOSE Corona Mazo (25),cigarrillos,nacional,1.7
DON JOSÉ Don José Corto 3 1/2x52 (20),cigarrillos,nacional,1.85
DON JOSÉ Don José Corto 3 1/2x52 (El envase de 10),otros,nacional,18.5
DON JOSÉ Don José Freshpack Corto 3 1/2 X 52 (El envase de 3),otros,nacional,5.4
DON JOSÉ Don José Freshpack Mini Robusto 4 1/2 X 50 (El envase de 3),otros,nacional,6
DON JOSÉ Don José Freshpack Mini Titan 4 1/2 X 60 (El envase de 3),otros,nacional,7.5
DON JOSÉ Don José Freshpack Nº2 5 3/4 X 50 (El envase de 4),otros,nacional,9.2
DON JOSÉ Don José Mini Robusto 4 1/2x50 (20),cigarrillos,nacional,2.1
DON JOSÉ Don José Mini Robusto 4 1/2x50 (El envase de 10),otros,nacional,21
DON JOSÉ Don José Mini Titan 4 1/2x60 (20),cigarrillos,nacional,2.6
DON JOSÉ Don José Mini Titan 4 1/2x60 (El envase de 10),otros,nacional,26
DON JOSÉ Don José Nº2 5 3/4x50 (20),cigarrillos,nacional,2.4
DON JOSÉ Don José Nº2 5 3/4x50 (El envase de 10),otros,nacional,24
DON JOSÉ Don José Perlas 4x40 (20),cigarrillos,nacional,1.6
DON JOSÉ Don José Perlas 4x40 (El envase de 10),otros,nacional,16
DON JOSÉ Don José Pirámides 6x52 (20),cigarrillos,nacional,2.5
DON JOSÉ Don José Pirámides 6x52 (El envase de 10),otros,nacional,25
DON JOSÉ Don José Titan 6x60 (20),cigarrillos,nacional,2.9
DON JOSÉ Don José Titan 6x60 (El envase de 10),otros,nacional,29
DON JOSE Nº 1 (25),cigarrillos,nacional,1.9
DON JOSE Nº 3 (25),cigarrillos,nacional,1.15
DON JOSE Nº 4 (25),cigarrillos,nacional,0.95
DON JOSE Pirámides (25),cigarrillos,nacional,1.9
DON JULIO Don Julio Punta Espada Gordo (24),cigarrillos,nacional,26
DON JULIO Punta Espada Robusto (24),cigarrillos,nacional,18
DON SEBASTIAN Corona Cristal (20),cigarrillos,nacional,3
DON SEBASTIAN Corona Cristal (20) CM,cigarrillos,nacional,2.7
DON SIXTO Clásico (25),cigarrillos,nacional,1.6
DON SIXTO Imperial (26),cigarrillos,nacional,2.7
DON TOMAS Allegro Tubos (20) Pw,cigarrillos,nacional,3.1
DON TOMAS Bundle Gigante (10),cigarrillos,nacional,2.5
DON TOMAS Bundle Nicaragua Robusto (10),cigarrillos,nacional,2.25
DON TOMAS Bundle Nicaragua Rothchild (10),cigarrillos,nacional,2.2
DON TOMAS Bundle Nicaragua Toro (10),cigarrillos,nacional,2.3
DON TOMAS Bundles Petit Corona (10),cigarrillos,nacional,2.15
DON TOMAS Bundles Petit Corona (10) CM,cigarrillos,nacional,1.75
DON TOMAS Bundles Robusto (10),cigarrillos,nacional,2.25
DON TOMAS Bundles Robusto (10) CM,cigarrillos,nacional,2
DON TOMAS Bundles Rothschild (10),cigarrillos,nacional,2.2
DON TOMAS Bundles Rothschild (10) CM,cigarrillos,nacional,1.9
DON TOMAS Bundles Toro (10),cigarrillos,nacional,2.3
DON TOMAS Bundles Toro (10) CM,cigarrillos,nacional,1.9
DON TOMAS Clásico 3 Vitolas (El envase de 60),otros,nacional,165
DON TOMAS Clásico 3 Vitolas (El envase de 60) CM,otros,nacional,135.2
DON TOMAS Clásico Cofradia (8),otros,nacional,3.1
DON TOMAS Clásico Cofradia (8) CM,otros,nacional,2.95
DON TOMAS Clasico Colosal (10),cigarrillos,nacional,5.85
DON TOMAS Clasico Grueso (10),cigarrillos,nacional,5.3
DON TOMAS Clásico Lindos (25),cigarrillos,nacional,3.6
DON TOMAS Clásico Lindos (25) CM,cigarrillos,nacional,3.3
DON TOMAS Clásico Nº 4 (5),otros,nacional,2.8
DON TOMAS Clásico Nº 4 (5) CM,otros,nacional,2.45
DON TOMAS Clasico Robusto (25),cigarrillos,nacional,4.3
DON TOMAS Clasico Robusto (25) CM,cigarrillos,nacional,3.9
DON TOMAS Clásico Robusto Humipack 1 (20),cigarrillos,nacional,3.5
DON TOMAS Clásico Robusto Selection (60),cigarrillos,nacional,3
DON TOMAS Clásico Robusto Selection (60) CM,cigarrillos,nacional,2.7
DON TOMAS Clasico Rothschild (25),cigarrillos,nacional,4
DON TOMAS Clasico Rothschild (25) CM,cigarrillos,nacional,3.65
DON TOMAS Classico Cetros Nº 2 (25),cigarrillos,nacional,2.95
DON TOMAS Classico Cetros Nº 2 (25) CM,cigarrillos,nacional,2.65
DON TOMAS Classico Nº 4 (25),cigarrillos,nacional,2.7
DON TOMAS Classico Nº 4 (25) CM,cigarrillos,nacional,2.45
DON TOMAS Corojo 554 (20),cigarrillos,nacional,4.55
DON TOMAS Corojo 660 (20),cigarrillos,nacional,5.2
DON TOMAS Corona Grande Tubos (20) Pw,cigarrillos,nacional,3.25
DON TOMAS Corona Tubos (20),cigarrillos,nacional,2.95
DON TOMAS Don Tomas Brazil Robusto (25),cigarrillos,nacional,4.4
DON TOMAS Don Tomas Brazil Rothschild (25),cigarrillos,nacional,4.1
DON TOMAS Don Tomas Buena Fé Grueso (10),cigarrillos,nacional,5.3
DON TOMAS Don Tomas Buena Fé Lindos (25),cigarrillos,nacional,3.6
DON TOMAS Don Tomas Buena Fé Robusto (25),cigarrillos,nacional,4.3
DON TOMAS Don Tomas Buena Fé Rothschild (25),cigarrillos,nacional,4
DON TOMAS Don Tomas Clasico Allegro Tube (20),cigarrillos,nacional,6
DON TOMAS Don Tomas Clasico Allegro Tube (20) CM,cigarrillos,nacional,5.8
DON TOMAS Mini (el envase de 20),otros,nacional,6.6
DON TOMAS Nicaragua Lindos (25),cigarrillos,nacional,3.7
DON TOMAS Nicaragua Robusto (25),cigarrillos,nacional,4.4
DON TOMAS Nicaragua Rothschild (25),cigarrillos,nacional,4.05
DON TOMAS Nicaragua Toro (10),cigarrillos,nacional,5.3
DON TOMAS Toro (10),cigarrillos,nacional,3.55
DON TOMAS Toro (10) CM,cigarrillos,nacional,3.15
DOÑA NIEVES  Sentimiento Aprecio (21),cigarrillos,nacional,10.9
DOÑA NIEVES  Sentimiento Ternura (21),cigarrillos,nacional,10.95
DOÑA NIEVES Minga (24),cigarrillos,nacional,8.75
DOÑA NIEVES Nievita (24),cigarrillos,nacional,8.3
DOS AMIGOS Dos Amigos Paster 5X52 (24),cigarrillos,nacional,9.95
DOS AMIGOS Dos Amigos Sidecar 6X54 (24),cigarrillos,nacional,10.95
DOS GONZALEZ Petit Corona (El envase de 10),otros,nacional,11
DOS GONZALEZ Petit Corona (El envase de 10) CM,otros,nacional,9.55
DOS GONZALEZ Robusto (El envase de 10),otros,nacional,12
DOS GONZALEZ Robusto (El envase de 10) CM,otros,nacional,10.45
DOS GONZALEZ Rothschild (El envase de 10),otros,nacional,11.5
DOS GONZALEZ Rothschild (El envase de 10) CM,otros,nacional,10
DOS GONZALEZ Toro (El envase de 10),otros,nacional,13
DOS GONZALEZ Toro (El envase de 10) CM,otros,nacional,11.3
DOS JOTAS Dos Jotas Churchill (10),cigarrillos,nacional,8.9
DOS JOTAS Dos Jotas Diarios (El envase de 5),otros,nacional,18
DOS JOTAS Dos Jotas Prime Robusto (10),cigarrillos,nacional,9.9
DOS JOTAS Dos Jotas Robusto (10),cigarrillos,nacional,8.5
DOS JOTAS Dos Jotas Toro (10),cigarrillos,nacional,8.9
DOTS For Fun (El envase de 17),otros,nacional,2.35
DOVER XL Cigarrito (El envase de 20),cigarrillos,nacional,3.95
Dozaj Amnesia (200 g),tabaco-liar,nacional,15.95
Dozaj Amnesia (200 g) CM,tabaco-liar,nacional,9.9
Dozaj Amnesia (50 g),tabaco-liar,nacional,4.5
Dozaj Black ¡Joe Que Frio! (200 g),tabaco-liar,nacional,18.5
Dozaj Black ¡Joe Que Frio! (50 g),tabaco-liar,nacional,4.95
Dozaj Black Atomic (200 g),tabaco-liar,nacional,18.5
Dozaj Black Atomic (50 g),tabaco-liar,nacional,4.95
Dozaj Black Atomic (50 g) CM,tabaco-liar,nacional,3.1
Dozaj Black Berga (200 g),tabaco-liar,nacional,18.5
Dozaj Black Berga (50 g),tabaco-liar,nacional,4.95
Dozaj Black Berga (50 g) CM,tabaco-liar,nacional,3.1
Dozaj Black Blast (200 g),tabaco-liar,nacional,18.5
Dozaj Black Blast (50 g),tabaco-liar,nacional,4.95
Dozaj Black Booster (50 g),tabaco-liar,nacional,4.95
Dozaj Black Booster (50 g) CM,tabaco-liar,nacional,3.1
Dozaj Black Chester (50 g),tabaco-liar,nacional,4.95
Dozaj Black Cia (200 g),tabaco-liar,nacional,18.5
Dozaj Black Cia (50 g),tabaco-liar,nacional,4.95
Dozaj Black Cia (50 g) CM,tabaco-liar,nacional,3.1
Dozaj Black Code (200 g),tabaco-liar,nacional,18.5
Dozaj Black Code (200 g) CM,tabaco-liar,nacional,3
Dozaj Black Code (50 g),tabaco-liar,nacional,4.95
Dozaj Black Code (50 g) CM,tabaco-liar,nacional,3.1
Dozaj Black Dark Purple (200 g),tabaco-liar,nacional,18.5
Dozaj Black Dark Purple (50 g),tabaco-liar,nacional,4.95
Dozaj Black Dark Purple (50 g) CM,tabaco-liar,nacional,3.1
Dozaj Black Double Manza (50 g),tabaco-liar,nacional,4.95
Dozaj Black Explosion (200 g),tabaco-liar,nacional,18.5
Dozaj Black Explosion (50 g),tabaco-liar,nacional,4.95
Dozaj Black Infiniti (50 g),tabaco-liar,nacional,4.95
Dozaj Black Kyoto (200 g),tabaco-liar,nacional,18.5
Dozaj Black Kyoto (50 g),tabaco-liar,nacional,4.95
Dozaj Black Lux (200 g),tabaco-liar,nacional,18.5
Dozaj Black Lux (50 g),tabaco-liar,nacional,4.95
Dozaj Black Lux (50 g) CM,tabaco-liar,nacional,3.1
Dozaj Black Max (200 g),tabaco-liar,nacional,18.5
Dozaj Black Max (50 g),tabaco-liar,nacional,4.95
Dozaj Black Max (50 g) CM,tabaco-liar,nacional,3.1
Dozaj Black Nube (200 g),tabaco-liar,nacional,18.5
Dozaj Black Nube (50 g),tabaco-liar,nacional,4.95
Dozaj Black Nube (50 g) CM,tabaco-liar,nacional,3.1
Dozaj Black Paradox (50 g),tabaco-liar,nacional,4.95
Dozaj Black Paradox (50 g) CM,tabaco-liar,nacional,3.1
Dozaj Black Prime (200 g),tabaco-liar,nacional,18.5
Dozaj Black Prime (50 g),tabaco-liar,nacional,4.95
Dozaj Black R-Gasm (200 g),tabaco-liar,nacional,18.5
Dozaj Black R-Gasm (50 g),tabaco-liar,nacional,4.95
Dozaj Black S.O.S. (50 g),tabaco-liar,nacional,4.95
Dozaj Black S.O.S. (50 g) CM,tabaco-liar,nacional,3.1
Dozaj Black Suka (200g),tabaco-liar,nacional,18.5
Dozaj Black Suka (50 g),tabaco-liar,nacional,4.95
Dozaj Black Terry Miss You (50 g),tabaco-liar,nacional,4.95
Dozaj Black Tornado (200 g),tabaco-liar,nacional,18.5
Dozaj Black Tornado (50 g),tabaco-liar,nacional,4.95
Dozaj Black Vampiro (50 g),tabaco-liar,nacional,4.95
Dozaj Bumbum (200g),tabaco-liar,nacional,15.95
Dozaj Bumbum (50 g),tabaco-liar,nacional,4.5
Dozaj Bumbum (950 g),tabaco-liar,nacional,69.95
Dozaj Carnival (200 g),tabaco-liar,nacional,15.95
Dozaj Carnival (200 g) CM,tabaco-liar,nacional,9.9
Dozaj Carnival (50 g),tabaco-liar,nacional,4.5
Dozaj Carnival (50 g) CM,tabaco-liar,nacional,2.7
Dozaj Carnival (950 g),tabaco-liar,nacional,69.95
Dozaj Carnival (950 g) CM,tabaco-liar,nacional,41.9
Dozaj Casablanca (200 g),tabaco-liar,nacional,15.95
Dozaj Casablanca (50 g),tabaco-liar,nacional,4.5
Dozaj Chef (50 g),tabaco-liar,nacional,4.5
Dozaj Cuba Dream (50 g),tabaco-liar,nacional,4.5
Dozaj Cuba Dream (50 g) CM,tabaco-liar,nacional,2.7
Dozaj Dead Sea (200 g),tabaco-liar,nacional,15.95
Dozaj Dead Sea (50 g),tabaco-liar,nacional,4.5
Dozaj Eternal (200 g),tabaco-liar,nacional,15.95
Dozaj Eternal (50 g),tabaco-liar,nacional,4.5
Dozaj Euphoria (200 g),tabaco-liar,nacional,15.95
Dozaj Euphoria (200 g) CM,tabaco-liar,nacional,9.9
Dozaj Euphoria (50 g),tabaco-liar,nacional,4.5
Dozaj Euphoria (50 g) CM,tabaco-liar,nacional,2.7
Dozaj Euphoria (950 g),tabaco-liar,nacional,69.95
Dozaj Euphoria (950 g) CM,tabaco-liar,nacional,41.9
Dozaj Excalibur (50 g),tabaco-liar,nacional,4.5
Dozaj Excalibur (50 g) CM,tabaco-liar,nacional,2.7
Dozaj Filomena (200 g),tabaco-liar,nacional,15.95
Dozaj Filomena (200 g) CM,tabaco-liar,nacional,9.9
Dozaj Filomena (50 g),tabaco-liar,nacional,4.5
Dozaj Filomena (50 g) CM,tabaco-liar,nacional,2.7
Dozaj Furious (200 g),tabaco-liar,nacional,15.95
Dozaj Furious (200 g) CM,tabaco-liar,nacional,9.9
Dozaj Furious (50 g),tabaco-liar,nacional,4.5
Dozaj Furious (50 g) CM,tabaco-liar,nacional,2.7
Dozaj Huracan (200 g),tabaco-liar,nacional,15.95
Dozaj Huracan (200 g) CM,tabaco-liar,nacional,9.9
Dozaj Huracan (50 g),tabaco-liar,nacional,4.5
Dozaj Huracan (50 g) CM,tabaco-liar,nacional,2.7
Dozaj Huracan (950 g),tabaco-liar,nacional,69.95
Dozaj Huracan (950 g) CM,tabaco-liar,nacional,41.9
Dozaj Invisible (200 g),tabaco-liar,nacional,15.95
Dozaj Invisible (200 g) CM,tabaco-liar,nacional,9.9
Dozaj Invisible (50 g),tabaco-liar,nacional,4.5
Dozaj Invisible (50 g) CM,tabaco-liar,nacional,2.7
Dozaj Jelly Bear (50 g),tabaco-liar,nacional,4.5
Dozaj Krasava (200 g),tabaco-liar,nacional,15.95
Dozaj Krasava (200 g) CM,tabaco-liar,nacional,9.9
Dozaj Krasava (50 g),tabaco-liar,nacional,4.5
Dozaj Krasava (50 g) CM,tabaco-liar,nacional,2.7
Dozaj Lambada (200 g),tabaco-liar,nacional,15.95
Dozaj Lambada (50 g),tabaco-liar,nacional,4.5
Dozaj Land of Fire (50 g),tabaco-liar,nacional,4.5
Dozaj Land of Fire (50 g) CM,tabaco-liar,nacional,2.7
Dozaj Lava (50 g),tabaco-liar,nacional,4.5
Dozaj Lio (200 g),tabaco-liar,nacional,15.95
Dozaj Lio (200 g) CM,tabaco-liar,nacional,9.9
Dozaj Lio (50 g),tabaco-liar,nacional,4.5
Dozaj Lio (50 g) CM,tabaco-liar,nacional,2.7
Dozaj Lio (950 g),tabaco-liar,nacional,69.95
Dozaj Lio (950 g) CM,tabaco-liar,nacional,41.9
Dozaj Mangolia (200 g),tabaco-liar,nacional,15.95
Dozaj Mangolia (200 g) CM,tabaco-liar,nacional,9.9
Dozaj Mangolia (50 g),tabaco-liar,nacional,4.5
Dozaj Mangolia (50 g) CM,tabaco-liar,nacional,2.7
Dozaj Marshall (50 g),tabaco-liar,nacional,4.5
Dozaj Marshall (50 g) CM,tabaco-liar,nacional,2.7
Dozaj Mito (200 g),tabaco-liar,nacional,15.95
Dozaj Mito (200 g) CM,tabaco-liar,nacional,9.9
Dozaj Mito (50 g),tabaco-liar,nacional,4.5
Dozaj Mito (50 g) CM,tabaco-liar,nacional,2.7
Dozaj Old School (200 g),tabaco-liar,nacional,15.95
Dozaj Old School (200 g) CM,tabaco-liar,nacional,9.9
Dozaj Old School (50 g),tabaco-liar,nacional,4.5
Dozaj Old School (50 g) CM,tabaco-liar,nacional,2.7
Dozaj Old School (950 g),tabaco-liar,nacional,69.95
Dozaj Old School (950 g) CM,tabaco-liar,nacional,41.9
Dozaj Orko (200 g),tabaco-liar,nacional,15.95
Dozaj Orko (200 g) CM,tabaco-liar,nacional,9.9
Dozaj Orko (50 g),tabaco-liar,nacional,4.5
Dozaj Orko (50 g) CM,tabaco-liar,nacional,2.7
Dozaj Purple (200 g),tabaco-liar,nacional,15.95
Dozaj Purple (200 g) CM,tabaco-liar,nacional,9.9
Dozaj Purple (50 g),tabaco-liar,nacional,4.5
Dozaj Purple (50 g) CM,tabaco-liar,nacional,2.7
Dozaj Purple (950 g),tabaco-liar,nacional,69.95
Dozaj Purple (950 g) CM,tabaco-liar,nacional,41.9
Dozaj R.I.P. Nairobi (200 g),tabaco-liar,nacional,15.95
Dozaj R.I.P. Nairobi (200 g) CM,tabaco-liar,nacional,9.9
Dozaj R.I.P. Nairobi (50 g),tabaco-liar,nacional,4.5
Dozaj R.I.P. Nairobi (50 g) CM,tabaco-liar,nacional,2.7
Dozaj Rich (200 g),tabaco-liar,nacional,15.95
Dozaj Rich (200 g) CM,tabaco-liar,nacional,9.9
Dozaj Rich (50 g),tabaco-liar,nacional,4.5
Dozaj Rich (50 g) CM,tabaco-liar,nacional,2.7
Dozaj Rio Lady (50 g),tabaco-liar,nacional,4.5
Dozaj Rio Lady (50 g) CM,tabaco-liar,nacional,2.7
Dozaj Royal Style (200 g),tabaco-liar,nacional,15.95
Dozaj Royal Style (200 g) CM,tabaco-liar,nacional,9.9
Dozaj Royal Style (50 g),tabaco-liar,nacional,4.5
Dozaj Royal Style (50 g) CM,tabaco-liar,nacional,2.7
Dozaj Solo (200 g),tabaco-liar,nacional,15.95
Dozaj Solo (200 g) CM,tabaco-liar,nacional,9.9
Dozaj Solo (50 g),tabaco-liar,nacional,4.5
Dozaj Solo (50 g) CM,tabaco-liar,nacional,2.7
Dozaj Solo (950 g),tabaco-liar,nacional,69.95
Dozaj Solo (950 g) CM,tabaco-liar,nacional,41.9
Dozaj Sweet Night (50 g),tabaco-liar,nacional,4.5
Dozaj Sweet Night (50 g) CM,tabaco-liar,nacional,2.7
Dozaj Timeless (50 g),tabaco-liar,nacional,4.5
Dozaj Timeless (50 g) CM,tabaco-liar,nacional,2.7
Dozaj Tokyo (200 g),tabaco-liar,nacional,15.95
Dozaj Tokyo (200 g) CM,tabaco-liar,nacional,9.9
Dozaj Tokyo (50 g),tabaco-liar,nacional,4.5
Dozaj Tokyo (50 g) CM,tabaco-liar,nacional,2.7
Dozaj Tokyo (950 g),tabaco-liar,nacional,69.95
Dozaj Tokyo (950 g) CM,tabaco-liar,nacional,41.9
Dozaj Uff (200g),tabaco-liar,nacional,15.95
Dozaj Uff (200g) CM,tabaco-liar,nacional,9.9
Dozaj Uff (50 g),tabaco-liar,nacional,4.5
Dozaj Uff (50 g) CM,tabaco-liar,nacional,2.7
Dozaj Uff (950 g),tabaco-liar,nacional,69.95
Dozaj Uff (950 g) CM,tabaco-liar,nacional,41.9
Dozaj Utopia (50 g),tabaco-liar,nacional,4.5
Dozaj Utopia (50 g) CM,tabaco-liar,nacional,2.7
Dozaj Vip 44 (50 g),tabaco-liar,nacional,4.5
Dozaj Vip 44 (50 g) CM,tabaco-liar,nacional,2.7
DREW ESTATE Blackened Maduro Toro C (20),cigarrillos,nacional,18.95
DREW ESTATE Blackened Shade Maduro Toro C (20),cigarrillos,nacional,18.95
DREW ESTATE Drew Estate - Deadwood Baby Jane 4X32 L (10),cigarrillos,nacional,2.7
DREW ESTATE Drew Estate - Deadwood Fat Bottom Betty Robusto C (10),cigarrillos,nacional,9.7
DREW ESTATE Drew Estate - Deadwood Leather Rose Torpedo C (24),cigarrillos,nacional,9.7
DREW ESTATE Drew Estate - Tabak Especial Medio Robusto C (24),cigarrillos,nacional,8.5
DREW ESTATE Drew Estate - Tabak Especial Oscuro Robusto C (24),cigarrillos,nacional,8.5
DREW ESTATE Drew Estate Undercrown Maduro Coronets 4X32 C(10),cigarrillos,nacional,2.7
DREW ESTATE Drew Estate Undercrown Shade Coronets (10),cigarrillos,nacional,2.7
DREW ESTATE Drew Estate Undercrown UC10 Flying Pig C(12),cigarrillos,nacional,17
DREW ESTATE Factory Smokes Maduro Toro M (25),cigarrillos,nacional,2.3
DREW ESTATE Factory Smokes Shade Toro M (25),cigarrillos,nacional,2.3
DREW ESTATE Factory Smokes Sun Grown Toro M (25),cigarrillos,nacional,2.3
DREW ESTATE Larutan Dirt (24),cigarrillos,nacional,4.5
DREW ESTATE Larutan English (24),cigarrillos,nacional,8.95
DREW ESTATE Larutan Root (24),cigarrillos,nacional,8.9
DREW ESTATE Liga Privada Nº 9 Toro 6x52 (24),cigarrillos,nacional,24.5
DREW ESTATE Liga Privada T52 Toro 6x52 (24),cigarrillos,nacional,24.5
DREW ESTATE Undercrown Corona Doble 7x54 (25),cigarrillos,nacional,10.4
DREW ESTATE Undercrown Gordito 6x60 (25),cigarrillos,nacional,10.8
DREW ESTATE Undercrown Robusto 5x54 (25),cigarrillos,nacional,8.5
DREW ESTATE UNDERCROWN Shade Flying Pig (12),cigarrillos,nacional,16
DREW ESTATE UNDERCROWN Shade Robusto (12),cigarrillos,nacional,9.9
DREW ESTATE UNDERCROWN Sun  Grown Flying Pig (12),cigarrillos,nacional,14
DREW ESTATE UNDERCROWN Sun  Grown Robusto (12),cigarrillos,nacional,9.9
Drugoy Smoke B Chill (50 g),tabaco-liar,nacional,4.5
Drugoy Smoke B Chill (50 g) CM,tabaco-liar,nacional,3.5
Drugoy Smoke Bigway (50 g),tabaco-liar,nacional,4.5
Drugoy Smoke Bigway (50 g) CM,tabaco-liar,nacional,3.5
Drugoy Smoke Blue Mix (50 g),tabaco-liar,nacional,4.5
Drugoy Smoke Blue Mix (50 g) CM,tabaco-liar,nacional,3.5
Drugoy Smoke B-Nuts (50 g),tabaco-liar,nacional,4.5
Drugoy Smoke B-Nuts (50 g) CM,tabaco-liar,nacional,3.5
Drugoy Smoke Exolove (50 g),tabaco-liar,nacional,4.5
Drugoy Smoke Exolove (50 g) CM,tabaco-liar,nacional,3.5
Drugoy Smoke Fundango (50 g),tabaco-liar,nacional,4.5
Drugoy Smoke Fundango (50 g) CM,tabaco-liar,nacional,3.5
Drugoy Smoke Icy Kiss (50 g),tabaco-liar,nacional,4.5
Drugoy Smoke Icy Kiss (50 g) CM,tabaco-liar,nacional,3.5
Drugoy Smoke Kiss With Love (50 g),tabaco-liar,nacional,4.5
Drugoy Smoke Kiss With Love (50 g) CM,tabaco-liar,nacional,3.5
Drugoy Smoke Pink Mix (50 g),tabaco-liar,nacional,4.5
Drugoy Smoke Pink Mix (50 g) CM,tabaco-liar,nacional,3.5
Drugoy Smoke Red Party (50 g),tabaco-liar,nacional,4.5
Drugoy Smoke Red Party (50 g) CM,tabaco-liar,nacional,3.5
Drugoy Smoke Sub Zero (50 g),tabaco-liar,nacional,4.5
Drugoy Smoke Sub Zero (50 g) CM,tabaco-liar,nacional,3.5
Drugoy Smoke XY Beach (50 g),tabaco-liar,nacional,4.5
Drugoy Smoke XY Beach (50 g) CM,tabaco-liar,nacional,3.5
Drugoy Smoke Yellow Mix (50 g),tabaco-liar,nacional,4.5
Drugoy Smoke Yellow Mix (50 g) CM,tabaco-liar,nacional,3.5
Drugoy Smoke Zitricola (50 g),tabaco-liar,nacional,4.5
Drugoy Smoke Zitricola (50 g) CM,tabaco-liar,nacional,3.5
Drum (50 g),tabaco-liar,nacional,12.05
Drum (50 g) CM,tabaco-liar,nacional,7.5
Drum Bright Blue (50 g),tabaco-liar,nacional,12.05
Drum Bright Blue (50 g) CM,tabaco-liar,nacional,4.7
Drum Gold (50 g),tabaco-liar,nacional,12.05
Drum Gold (50 g) CM,tabaco-liar,nacional,4.7
Dschinni Blacky (200 g),tabaco-liar,nacional,16.95
Dschinni Blacky (50 g),tabaco-liar,nacional,4.5
Dschinni Blue (200 g),tabaco-liar,nacional,16.95
Dschinni Blue (50 g),tabaco-liar,nacional,4.5
Dschinni Blue Sky (200 g),tabaco-liar,nacional,16.95
Dschinni Blue Sky (50 g),tabaco-liar,nacional,4.5
Dschinni Da Bomb (200 g),tabaco-liar,nacional,16.95
Dschinni Da Bomb (50 g),tabaco-liar,nacional,4.5
Dschinni Green Red (200 g),tabaco-liar,nacional,16.95
Dschinni Green Red (50 g),tabaco-liar,nacional,4.5
Dschinni Persian (200 g),tabaco-liar,nacional,16.95
Dschinni Persian (50 g),tabaco-liar,nacional,4.5
Dschinni Yellow (200 g),tabaco-liar,nacional,16.95
Dschinni Yellow (50 g),tabaco-liar,nacional,4.5
Ducados 25 Azul Duro,otros,nacional,7.5
Ducados Azul Blando,otros,nacional,6.2
Ducados Azul Blando CM,otros,nacional,4.25
Ducados Azul Duro,otros,nacional,6.2
Ducados Azul Duro CM,otros,nacional,4.25
Ducados Azul/Blanco Blando,otros,nacional,6.2
Ducados Azul/Blanco Blando CM,otros,nacional,2.65
Ducados Azul/Blanco Duro,otros,nacional,6.2
Ducados Blanco Duro,otros,nacional,6.2
Ducados Dark Blue 22 (22),cigarrillos,nacional,6.8
DUCADOS Mini (El envase de 20),otros,nacional,4.1
DUCADOS Mini (El envase de 20) CM,otros,nacional,3.6
DUCADOS Mini Classic (El Envase de 20),otros,nacional,4.1
DUCADOS Mini Classic (El Envase de 20) CM,otros,nacional,3.6
DUCADOS Mini Classic (El envase de 60),otros,nacional,11.7
DUCADOS Mini Classic (El envase de 60) CM,otros,nacional,10.6
DUCADOS Mini Express (La Caja de 100),otros,nacional,15.5
DUCADOS Mini Express Filter Rubio (La Caja de 100),otros,nacional,17.5
Ducados Red Extra (20),cigarrillos,nacional,5.1
Ducados Rubio (112 g),tabaco-liar,nacional,26.5
Ducados Rubio (170 g),tabaco-liar,nacional,39.85
Ducados Rubio (190 g),tabaco-liar,nacional,44.55
Ducados Rubio (44 g),tabaco-liar,nacional,9.75
Ducados Rubio (56 g),tabaco-liar,nacional,12.65
Ducados Rubio (67 g),tabaco-liar,nacional,15.7
Ducados Rubio (83 g),tabaco-liar,nacional,19.85
Ducados Rubio 100'S (20),cigarrillos,nacional,5.35
Ducados Rubio 24 Plus by John Player Special,otros,nacional,5
Ducados Rubio Blue Box by John Payer Special CM,otros,nacional,2.4
Ducados Rubio Blue Box by John Player Special,otros,nacional,4.45
Ducados Rubio Blue Soft (20),cigarrillos,nacional,5.45
Ducados Rubio Bote (30 g),tabaco-liar,nacional,6.9
Ducados Rubio by John Player Special (30 g) CM,tabaco-liar,nacional,3.2
Ducados Rubio by John Player Special (53 g),tabaco-liar,nacional,9.1
Ducados Rubio By JPS RZ (25 g),tabaco-liar,nacional,4.3
DUCADOS Rubio Cigarritos (El envase de 12),cigarrillos,nacional,2.35
DUCADOS Rubio Cigarritos (El envase de 20),cigarrillos,nacional,3.75
DUCADOS RUBIO CIGARS Ducados Rubio Cigarritos (El envase de 10),cigarrillos,nacional,2
Ducados Rubio Extra (30 g),tabaco-liar,nacional,6.6
Ducados Rubio Extra (46 g),tabaco-liar,nacional,10.2
Ducados Rubio Extra (70 g),tabaco-liar,nacional,15.7
Ducados Rubio Extra 100's 20,otros,nacional,5.1
Ducados Rubio Extra 22 (22),cigarrillos,nacional,5.5
Ducados Rubio Extra 29 (29),cigarrillos,nacional,7.5
Ducados Rubio Extra 40 (40),cigarrillos,nacional,10
Ducados Rubio Extra Blue (20),cigarrillos,nacional,5.2
Ducados Rubio Nature (30 g),tabaco-liar,nacional,5.1
Ducados Rubio Nature (70 g),tabaco-liar,nacional,11.5
Ducados Rubio Nature by John Player Special,otros,nacional,4.35
Ducados Rubio Pocket (20),cigarrillos,nacional,5.6
Ducados Rubio Pouch (30 g),tabaco-liar,nacional,6.9
Ducados Rubio Red Box (20),cigarrillos,nacional,5.8
Ducados Rubio Red Box (20) CM,cigarrillos,nacional,3.8
Ducados Rubio Red Box 23,otros,nacional,6
Ducados Rubio Red Box 29,otros,nacional,7.65
Ducados Rubio Red Soft (20),cigarrillos,nacional,5.7
Ducados Rubio Rojo (27),cigarrillos,nacional,7.15
Ducados Rubio Rojo 21 (Edicion Limitada),otros,nacional,4.9
Ducal Blue,otros,nacional,4.85
Ducal Picadura de Liar (30 g),tabaco-liar,nacional,5.55
Ducal Red,otros,nacional,4.85
Ducal Red 100's,otros,nacional,4.8
Ducal Red 22 (22),cigarrillos,nacional,5.1
Ducal Red CM,otros,nacional,2.5
Duft Brown (100 g),tabaco-liar,nacional,14
Duft Cash U (100 g),tabaco-liar,nacional,14
Duft Cheeca (100 g),tabaco-liar,nacional,14
Duft Cinnabun (100 g),tabaco-liar,nacional,14
Duft Co Cot (100 g),tabaco-liar,nacional,14
Duft Colazer (100 g),tabaco-liar,nacional,14
Duft Cucu Limo (100 g),tabaco-liar,nacional,14
Duft Extragen (100 g),tabaco-liar,nacional,14
Duft Jin Gr Kuki (100 g),tabaco-liar,nacional,14
Duft Kshmr (100 g),tabaco-liar,nacional,14
Duft Lenwaff (100 g),tabaco-liar,nacional,14
Duft Pan Masala (100 g),tabaco-liar,nacional,14
Duft Panapp (100 g),tabaco-liar,nacional,14
Duft Peace (100 g),tabaco-liar,nacional,14
Duft Pearls (100 g),tabaco-liar,nacional,14
Duft Phazel H.T (100 g),tabaco-liar,nacional,14
Duft Red One (100 g),tabaco-liar,nacional,14
Duft Root Bear (100 g),tabaco-liar,nacional,14
Duft Scoth Sky (100 g),tabaco-liar,nacional,14
Duft T.L'Te (100 g),tabaco-liar,nacional,14
Duft T.Missu (100 g),tabaco-liar,nacional,14
Duft Yelow Ban (100 g),tabaco-liar,nacional,14
Dumanji Acho (200 g),tabaco-liar,nacional,16.2
Dumanji Acho (50 g),tabaco-liar,nacional,4.5
Dumanji Adam P (50 g),tabaco-liar,nacional,4.5
Dumanji Bahamas (50 g),tabaco-liar,nacional,4.5
Dumanji BB (200 g),tabaco-liar,nacional,16.2
Dumanji BB (50 g),tabaco-liar,nacional,4.5
Dumanji Blue Mix (200 g),tabaco-liar,nacional,16.2
Dumanji Blue Mix (50 g),tabaco-liar,nacional,4.5
Dumanji Brazz (200 g),tabaco-liar,nacional,16.2
Dumanji Brazz (50 g),tabaco-liar,nacional,4.5
Dumanji Breech (200 g),tabaco-liar,nacional,16.2
Dumanji Breech (50 g),tabaco-liar,nacional,4.5
Dumanji Cane Na3ne (200 g),tabaco-liar,nacional,16.2
Dumanji Cane Na3ne (50 g),tabaco-liar,nacional,4.5
Dumanji Cool-Cheeto (50 g),tabaco-liar,nacional,4.5
Dumanji Dark Cnane Black (200 g),tabaco-liar,nacional,19
Dumanji Dark Cnane Black (50 g),tabaco-liar,nacional,5.5
Dumanji Darktic Black (200 g),tabaco-liar,nacional,19
Dumanji Darktic Black (50 g),tabaco-liar,nacional,5.5
Dumanji Eve Ice (50 g),tabaco-liar,nacional,4.5
Dumanji French Riviera (50 g),tabaco-liar,nacional,4.5
Dumanji Galactic (200 g),tabaco-liar,nacional,16.2
Dumanji Galactic (200g),tabaco-liar,nacional,16.2
Dumanji Galactic (50 g),tabaco-liar,nacional,4.5
Dumanji Heaven (50 g),tabaco-liar,nacional,4.5
Dumanji Kush (200 g),tabaco-liar,nacional,16.2
Dumanji Kush Asia (200 g),tabaco-liar,nacional,16.2
Dumanji Kush Asia (50 g),tabaco-liar,nacional,4.5
Dumanji Kush Na3ne (200 g),tabaco-liar,nacional,16.2
Dumanji Kush Na3ne (50 g),tabaco-liar,nacional,4.5
Dumanji Le Blue (50 g),tabaco-liar,nacional,4.5
Dumanji Meridian (200 g),tabaco-liar,nacional,16.2
Dumanji Meridian (50 g),tabaco-liar,nacional,4.5
Dumanji Na3ne (1000 g),tabaco-liar,nacional,70
Dumanji Na3ne (200 g),tabaco-liar,nacional,16.2
Dumanji Na3ne (50 g),tabaco-liar,nacional,4.5
Dumanji Obscure (200 g),tabaco-liar,nacional,16.2
Dumanji Obscure (50 g),tabaco-liar,nacional,4.5
Dumanji Papaoutai (200 g),tabaco-liar,nacional,16.2
Dumanji Pink Kiss (200 g),tabaco-liar,nacional,16.2
Dumanji Pink Kiss (50 g),tabaco-liar,nacional,4.5
Dumanji Sahara (200 g),tabaco-liar,nacional,16.2
Dumanji Sahara (50 g),tabaco-liar,nacional,4.5
Dumanji Sun Beach (50 g),tabaco-liar,nacional,4.5
Dumanji Touty Red (50 g),tabaco-liar,nacional,4.5
Dumanji Tsunami (50 g),tabaco-liar,nacional,4.5
Dumanji Vin-Cheeto (200 g),tabaco-liar,nacional,16.2
Dumanji Winter Night (50 g),tabaco-liar,nacional,4.5
DUNBARTON Mi Querida Blue Ancho Corto C (20),cigarrillos,nacional,11.25
DUNBARTON Mi Querida Red Nº 552 C (20),cigarrillos,nacional,11.25
DUNBARTON TOBACCO & TRUST Dunbarton Tobacco & Trust Overseas No. 1 C(10),cigarrillos,nacional,22
DUNHILL Churchill 3 Tubos (3),otros,nacional,13.1
DUNHILL Corona (5),otros,nacional,5.95
DUNHILL Corona 5 Tubos (5),otros,nacional,6.75
Dunhill International,otros,nacional,7.15
DUNHILL Petit Corona (25),cigarrillos,nacional,4.3
DUNHILL Petít Corona (5),otros,nacional,4.3
DUNHILL Petít Corona 5 Tubos (5),otros,nacional,5.4
DUNHILL Robusto (10),cigarrillos,nacional,7.7
DUNHILL Robusto (25),cigarrillos,nacional,7.7
DUNHILL Robusto (4),otros,nacional,7.75
DUNHILL Robusto 4 Tubos (4),otros,nacional,8.55
DUNHILL Toros (10),cigarrillos,nacional,9.9
DUPONT Churchill,otros,nacional,6.01
DUPONT Churchill (25) R.E.S.Negra,cigarrillos,nacional,1
DUPONT Cigarritos Mini,cigarrillos,nacional,0.3
DUPONT Coronas,otros,nacional,3.31
DUPONT Coronas R.E.S. Negra,otros,nacional,2.9
DUPONT Doble Corona,otros,nacional,7.21
DUPONT Lonsdales,otros,nacional,4.51
DUPONT Midi,otros,nacional,0.6
DUPONT Robusto R.E.S. Negra,otros,nacional,3.5
DUPONT Robustos,otros,nacional,4.21
DUX Edición Especial Futbol (El envase de 20),otros,nacional,5.95
DUX Maior (El Envase de 10),otros,nacional,3.5
DUX Maior (El Envase de 10) CM,otros,nacional,3.1
DUX Puritos ( El Envase de 2),otros,nacional,0.5
DUX Puritos ( El Envase de 2) CM,otros,nacional,0.44
DUX Puritos (El envase de 10),otros,nacional,3.15
DUX Puritos (El envase de 10) CM,otros,nacional,2.8
DUX Puritos 50 Lata (El Envase de 50),otros,nacional,12
Eastenders Halfzware (35 g),tabaco-liar,nacional,5.8
Eastenders Original Blend (100 g),tabaco-liar,nacional,7.9
Eastenders Original Blend (20 g),tabaco-liar,nacional,1.5
Eastenders Original Blend (30 g),tabaco-liar,nacional,2.5
Eastenders Original Blend Bote Cartón (100 g),tabaco-liar,nacional,7
Eastenders Virginia (35 g),tabaco-liar,nacional,5.7
Eastenders Virginia Leaf (35 g),tabaco-liar,nacional,5.8
Eastwood Original Blend (100 g),tabaco-liar,nacional,7.9
Eastwood Original Blend (20 g),tabaco-liar,nacional,1.8
Eastwood Original Blend (200 g),tabaco-liar,nacional,15.75
Eastwood Original Blend (30 g),tabaco-liar,nacional,2.5
Eastwood Original Blend (40 g),tabaco-liar,nacional,3.6
Eastwood Original Blend (999 g),tabaco-liar,nacional,70
Eastwood Special Edition (20 g),tabaco-liar,nacional,1.5
Eastwood Virginia Blend (100 g),tabaco-liar,nacional,7.9
Eastwood Virginia Blend (20 g),tabaco-liar,nacional,1.8
Eastwood Virginia Tobacco (20 g),tabaco-liar,nacional,1.8
Egalite Blanches (20),cigarrillos,nacional,4.5
E-Hookah Original African Queen (14 g),tabaco-liar,nacional,7.5
E-Hookah Original Black Kaktus (14 g),tabaco-liar,nacional,7.5
E-Hookah Original C.App (14 g),tabaco-liar,nacional,7.5
E-Hookah Original C.Peah (14 g),tabaco-liar,nacional,7.5
E-Hookah Original Double Breeze (14 g),tabaco-liar,nacional,7.5
E-Hookah Original Kiga (14 g),tabaco-liar,nacional,7.5
E-Hookah Original Lmn Frsh (14 g),tabaco-liar,nacional,7.5
E-Hookah Original Mellow Tide (14 g),tabaco-liar,nacional,7.5
E-Hookah Original Queen of the Desert (14 g),tabaco-liar,nacional,7.5
E-Hookah Original Sunny Tango (14 g),tabaco-liar,nacional,7.5
EINHORN Einhorn Minotauros (10),cigarrillos,nacional,0.21
EINHORN Einhorn Pegasos (10),cigarrillos,nacional,0.23
EINHORN Unicornios (10),cigarrillos,nacional,0.29
EIROA CBT Robusto 5X50 (20),cigarrillos,nacional,10
EIROA CBT Toro 6X54 (20),cigarrillos,nacional,11.6
EIROA Classic Robusto (20),cigarrillos,nacional,10.2
EIROA Classic Toro (20),cigarrillos,nacional,11.8
EIROA Classic Toro Gordo (20),cigarrillos,nacional,13.1
EIROA CLE Azabache 50X5 (25),cigarrillos,nacional,8.7
EIROA CLE Chele Robusto (25),cigarrillos,nacional,8.7
EIROA CLE Connecticut Robusto (25),cigarrillos,nacional,8.1
EIROA CLE Corojo Robusto (25),cigarrillos,nacional,8.1
EIROA CLE Prieto Robusto (25),cigarrillos,nacional,8.7
EIROA Eiroa Classic Toro (10),cigarrillos,nacional,11.8
EIROA Eiroa Classic Toro Gordo (10),cigarrillos,nacional,13.1
EIROA Eiroa CLE 25th Anniversary Robusto 50x5 (25),cigarrillos,nacional,13.5
EIROA Eiroa CLE Connecticut Short Corona 40x4 (25),cigarrillos,nacional,6.95
EIROA Eiroa CLE Connecticut Toro Gordo 60x6 (25),cigarrillos,nacional,10.9
EIROA Eiroa CLE Corojo Short Corona 40x4 (25),cigarrillos,nacional,6.95
EIROA Eiroa CLE Corojo Toro Gordo 60x6 (25),cigarrillos,nacional,10.9
EIROA Eiroa CLE Fresh Pack 60X6 (El envase de 4),otros,nacional,47
EIROA Eiroa Sampler Robusto 50X5 (El envase de 5),otros,nacional,51.9
EIROA The First 20 Years Colorado Corona (20),cigarrillos,nacional,11.5
EIROA The First 20 Years Colorado Robusto (20),cigarrillos,nacional,11.8
EIROA The First 20 Years Colorado Toro (20),cigarrillos,nacional,13.8
EIROA The First 20 Years Colorado Toro Gordo (20),cigarrillos,nacional,15
EIROA The First 20 Years Maduro 40X4 (20),cigarrillos,nacional,7.5
EIROA The First 20 Years Maduro Corona (20),cigarrillos,nacional,11.5
EIROA The First 20 Years Maduro Robusto (20),cigarrillos,nacional,11.8
EIROA The First 20 Years Maduro Toro (20),cigarrillos,nacional,13.8
EIROA The First 20 Years Maduro Toro Gordo (20),cigarrillos,nacional,15
EL BATON Figurado (25),cigarrillos,nacional,4.5
EL BATON Robusto (25),cigarrillos,nacional,4.5
EL BRUJITO El Brujito 10º Aniversario Torito (25),cigarrillos,nacional,6.15
EL BRUJITO El Brujito Año de la Culebra (24),cigarrillos,nacional,7.5
EL BRUJITO El Brujito F7 Toro (25),cigarrillos,nacional,4.2
EL BRUJITO El Brujito Gran Toro Edicion Limitada 2025 (24),cigarrillos,nacional,15
EL BRUJITO El Brujito Year Of The Dragon (24),cigarrillos,nacional,7.5
EL BRUJITO F1 (25),cigarrillos,nacional,3.6
EL BRUJITO F2 (25),cigarrillos,nacional,4.55
EL BRUJITO F3 (25),cigarrillos,nacional,5.05
EL BRUJITO F7 Robusto Extra. Years of the Tiger (20),cigarrillos,nacional,6.95
EL BRUJITO F8 Coronita (50),cigarrillos,nacional,2.95
EL BRUJITO F9 10 Aniversario (25),cigarrillos,nacional,6.65
EL CAÑONAZO El Cañonazo Serie 1 (El envase de 25),otros,nacional,25
EL CAÑONAZO El Cañonazo Serie 1 Toro (20),cigarrillos,nacional,10
EL CAÑONAZO El Cañonazo Serie 10 (El envase de 25),otros,nacional,28
EL CAÑONAZO El Cañonazo Serie 11 (El envase de 25),otros,nacional,29
EL CAÑONAZO El Cañonazo Serie 12 (10),cigarrillos,nacional,2.8
EL CAÑONAZO El Cañonazo Serie 12 (El envase de 25),otros,nacional,30
EL CAÑONAZO El Cañonazo Serie 13 (10),cigarrillos,nacional,2.8
EL CAÑONAZO El Cañonazo Serie 14 (10),cigarrillos,nacional,2.8
EL CAÑONAZO El Cañonazo Serie 2 (El envase de 25),otros,nacional,26
EL CAÑONAZO El Cañonazo Serie 3 (10),cigarrillos,nacional,2.8
EL CAÑONAZO El Cañonazo Serie 3 (El envase de 25),otros,nacional,27
EL CAÑONAZO El Cañonazo Serie 3 Magnum (20),cigarrillos,nacional,10
EL CAÑONAZO El Cañonazo Serie 4 (El envase de 25),otros,nacional,28
EL CAÑONAZO El Cañonazo Serie 4 Gran Robusto (20),cigarrillos,nacional,10
EL CAÑONAZO El Cañonazo Serie 5 (10),cigarrillos,nacional,2.8
EL CAÑONAZO El Cañonazo Serie 5 (El envase de 25),otros,nacional,29
EL CAÑONAZO El Cañonazo Serie 6 (El envase de 25),otros,nacional,30
EL CAÑONAZO El Cañonazo Serie 6 Gran Toro (20),cigarrillos,nacional,10
EL CAÑONAZO El Cañonazo Serie 7 (El envase de 25),otros,nacional,25
EL CAÑONAZO El Cañonazo Serie 8 (El envase de 25),otros,nacional,26
EL CAÑONAZO El Cañonazo Serie 8 Pirámides (20),cigarrillos,nacional,10
EL CAÑONAZO El Cañonazo Serie 9 (El envase de 25),otros,nacional,27
EL CAVALLER Caliqueño Nº 2 (10),cigarrillos,nacional,1
EL CAVALLER Caliqueño Nº 2 (20),cigarrillos,nacional,1
EL CAVALLER Caliqueño Nº 2 (20) CM,cigarrillos,nacional,0.7
EL CAVALLER El Cavaller Marineros (10),cigarrillos,nacional,1
EL CAVALLER El Cavaller Marineros (25),cigarrillos,nacional,1
EL CONQUERIDOR Caliqueños (10),cigarrillos,nacional,0.7
EL CONQUERIDOR Especiales (50),cigarrillos,nacional,0.9
EL CONQUERIDOR Patas de El Conqueridor (36),cigarrillos,nacional,0.9
EL CORSARIO Caliqueños (10),cigarrillos,nacional,0.6
EL CORSARIO Caliqueños CM,otros,nacional,0.34
EL CORSARIO Mediterráneos (20),cigarrillos,nacional,0.6
EL CORSARIO Mediterráneos (5),otros,nacional,0.5
EL CREDITO Churchill (10),cigarrillos,nacional,6.3
EL CREDITO Exquisitos (5),otros,nacional,3.2
EL CREDITO Nº 4 (25),cigarrillos,nacional,3.7
EL CREDITO Robusto (25),cigarrillos,nacional,5.1
EL CREDITO Serie R  Nº 6 (4),otros,nacional,6.1
EL CREDITO Serie R Aniversa  (24),cigarrillos,nacional,4.85
EL CREDITO Serie R Nº 4 (24),cigarrillos,nacional,5.2
EL CREDITO Serie R Nº 6 (24),cigarrillos,nacional,8.1
EL CREDITO Torpedo Nº 2 (10),cigarrillos,nacional,6.4
EL CRIOLLITO DBL Magnum 6X60 C (24),cigarrillos,nacional,5.75
EL CRIOLLITO DBL Magnum 6X60 C (24) CM,cigarrillos,nacional,3.85
EL CRIOLLITO DBL Magnum Mazo (20),cigarrillos,nacional,5.5
EL CRIOLLITO DBL Magnum Mazo (20) CM,cigarrillos,nacional,3.6
EL CRIOLLITO El Criollito Puritos Latas (30),cigarrillos,nacional,3.4
EL CRIOLLITO Expositor (el envase de 48),otros,nacional,185.4
EL CRIOLLITO Gran Cañón 6x70 Maduro Mazo (20),cigarrillos,nacional,5.95
"EL CRIOLLITO Half Corona 3,5x50 (24)",cigarrillos,nacional,3.95
EL CRIOLLITO Half Corona Mazo (20),cigarrillos,nacional,3.85
EL CRIOLLITO Half Corona Mazo (20) CM,cigarrillos,nacional,2.5
EL CRIOLLITO Perla C (24),cigarrillos,nacional,2.95
EL CRIOLLITO Perla M (20),cigarrillos,nacional,2.8
EL CRIOLLITO Robusto 5x54 (24),cigarrillos,nacional,4.75
EL CRIOLLITO Robusto Mazo (20),cigarrillos,nacional,4.5
EL CRIOLLITO Setenta 7x70 (24),cigarrillos,nacional,6.75
EL CRIOLLITO Setenta Mazo (20),cigarrillos,nacional,6.5
EL CRIOLLITO Short Gordo C (24),cigarrillos,nacional,5.2
EL CRIOLLITO Short Gordo M (20),cigarrillos,nacional,4.95
EL FARO Corona (25),cigarrillos,nacional,1.1
EL FARO Lonsdale (25),cigarrillos,nacional,0.9
EL FARO Robusto (25),cigarrillos,nacional,1.1
EL GALÁN CAMPESTRE Maduro Mazo Corona Gorda (20),cigarrillos,nacional,3.75
EL GALAN Connecticut Airosos (24),cigarrillos,nacional,9.8
EL GALAN Connecticut Apuestos (24),cigarrillos,nacional,9.95
EL GALÁN Natural Churchill (25),cigarrillos,nacional,6.5
EL GALÁN Natural Corona Gorda (25),cigarrillos,nacional,6.9
EL GALÁN Natural Robusto (25),cigarrillos,nacional,5.9
EL GALÁN Natural Toro (25),cigarrillos,nacional,6
EL GALAN Reserva Especial Airosos (24),cigarrillos,nacional,9.95
EL GALAN Reserva Especial Obesos (24),cigarrillos,nacional,10.9
EL GALAN Vegas del Purial Gran Reserva Belicoso (20),cigarrillos,nacional,12.5
EL GALAN Vegas del Purial Gran Reserva Lancero (20),cigarrillos,nacional,13.5
EL GALAN Vegas del Purial Gran Reserva Robusto (20),cigarrillos,nacional,11.9
EL GALAN Vegas del Purial Gran Reserva SuperToro (20),cigarrillos,nacional,13.95
EL GOBERNADOR El Gobernador Robustos (10),cigarrillos,nacional,12
EL GUAJIRO Aromas (10),cigarrillos,nacional,0.38
EL GUAJIRO Aromas (10) CM,cigarrillos,nacional,0.34
EL GUAJIRO Brevas (50),cigarrillos,nacional,0.65
EL GUAJIRO Brevas (50) CM,cigarrillos,nacional,0.6
EL GUAJIRO Cigarritos,cigarrillos,nacional,0.21
EL GUAJIRO Cortados (50),cigarrillos,nacional,0.27
EL GUAJIRO Cortados (50) CM,cigarrillos,nacional,0.23
EL GUAJIRO El Guajiro Trompetas (5),otros,nacional,0.42
EL GUAJIRO El Guajiro Trompetas (5) CM,otros,nacional,0.37
EL GUAJIRO Especiales Guajiro (50),cigarrillos,nacional,0.58
EL GUAJIRO Especiales Guajiro (50) CM,cigarrillos,nacional,0.5
EL GUAJIRO Forte Trompetas (5),otros,nacional,0.42
EL GUAJIRO Forte Trompetas (5) CM,otros,nacional,0.37
EL GUAJIRO Gran Cedro (25),cigarrillos,nacional,1.86
EL GUAJIRO Gran Cedro (25) CM,cigarrillos,nacional,1.6
EL GUAJIRO Guajiro Nº 5 (25),cigarrillos,nacional,1.1
EL GUAJIRO Guajiro Nº 5 (25) CM,cigarrillos,nacional,0.9
EL GUAJIRO Micos Black Vanilla (10),cigarrillos,nacional,0.22
EL GUAJIRO Micos Cherry (10),cigarrillos,nacional,0.22
EL GUAJIRO Micos Classic (10),cigarrillos,nacional,0.22
EL GUAJIRO Micos Coco (10),cigarrillos,nacional,0.22
EL GUAJIRO Micos Vanilla (10),cigarrillos,nacional,0.22
EL GUAJIRO Mini Trompetas (5),otros,nacional,0.38
EL GUAJIRO Mini Trompetas (5) CM,otros,nacional,0.34
EL GUAJIRO Nº 5 (En envase de 5),otros,nacional,0.55
EL GUAJIRO Palmeritos,otros,nacional,0.15
EL GUAJIRO Palmeritos (El envase de 10),otros,nacional,2.1
EL GUAJIRO Palmeritos (El envase de 10) CM,otros,nacional,1.9
EL GUAJIRO Palmeros (50),cigarrillos,nacional,0.58
EL GUAJIRO Palmeros (50) CM,cigarrillos,nacional,0.5
EL GUAJIRO Ruffis,otros,nacional,0.21
EL GUAJIRO Ruffis CM,otros,nacional,0.18
EL GUAJIRO Señoritas (50),cigarrillos,nacional,0.33
EL GUAJIRO Señoritas (50) CM,cigarrillos,nacional,0.29
EL GUAJIRO Tarajales (50),cigarrillos,nacional,0.33
EL GUAJIRO Tarajales (50) CM,cigarrillos,nacional,0.29
EL GUAJIRO Trompetas (20),cigarrillos,nacional,0.43
EL GUAJIRO Trompetas (20) CM,cigarrillos,nacional,0.37
EL GUAJIRO Tubulares,otros,nacional,1.42
EL GUAJIRO Tubulares CM,otros,nacional,1.26
EL LABRADOR Labradores (10 x12),otros,nacional,0.85
EL LABRADOR Labradores (Estuche 10),otros,nacional,0.85
EL PESCADOR Marineros Caliqueños (10),cigarrillos,nacional,0.85
EL PESCADOR Marineros Caliqueños (2x25),otros,nacional,0.85
EL PESCADOR Marineros Caliqueños CM,otros,nacional,0.23
El Puerto (85 g),tabaco-liar,nacional,6.9
EL REY DEL MUNDO Colección Vintage Rey del Mundo Choix Supreme (el envase de 19),otros,nacional,285
EL REY DEL MUNDO El Rey del Mundo Imperio LCDH (50),cigarrillos,nacional,106
EL REY DEL MUNDO El Rey del Mundo Royal Series LCDH (20),cigarrillos,nacional,42.5
EL TRATADO Bula,otros,nacional,3.6
EL TRATADO Bula CM,otros,nacional,3
EL TRATADO Bula de Oro,otros,nacional,4.5
EL TRATADO Bula de Oro CM,otros,nacional,4
EL TRATADO Burlón,otros,nacional,1.3
EL TRATADO Burlón CM,otros,nacional,1.1
EL TRATADO Decisión,otros,nacional,4.9
EL TRATADO Decisión CM,otros,nacional,4.1
EL TRATADO Devotionis,otros,nacional,4.1
EL TRATADO El Tratadito,otros,nacional,0.21
EL TRATADO El Tratadito CM,otros,nacional,0.2
EL TRATADO Meridiano,otros,nacional,4.3
EL TRATADO Meridiano CM,otros,nacional,3.55
EL TRATADO Papal,otros,nacional,4.4
EL TRATADO Papal CM,otros,nacional,3.65
EL TRATADO Pirámide,otros,nacional,4.3
EL TRATADO Tempranillo,otros,nacional,1.2
EL TRATADO Tempranillo CM,otros,nacional,1.1
EL TRIUNFO El Triunfo,otros,nacional,0.45
EL TRIUNFO Perlas M (10),cigarrillos,nacional,0.95
EL TRIUNFO Petit Robusto M (10),cigarrillos,nacional,1.1
EL TRIUNFO Robusto M (10),cigarrillos,nacional,1.25
EL VIEJO CONTINENTE 5 Años Edición Pitágoras (21),cigarrillos,nacional,10.2
EL VIEJO CONTINENTE Brevium (25),cigarrillos,nacional,5.6
EL VIEJO CONTINENTE Burlesque Toro (10),cigarrillos,nacional,7.15
EL VIEJO CONTINENTE Don Juan (10),cigarrillos,nacional,12.6
EL VIEJO CONTINENTE Edición 5 años (10),cigarrillos,nacional,15.95
EL VIEJO CONTINENTE Edición Esteli (10),cigarrillos,nacional,12.2
EL VIEJO CONTINENTE El Viejo Continente #52 (El envase de 10),otros,nacional,19.5
EL VIEJO CONTINENTE El Viejo Continente #52 Maduro (El envase de 10),otros,nacional,20
EL VIEJO CONTINENTE El Viejo Continente #56 (El envase de 10),otros,nacional,20.5
EL VIEJO CONTINENTE El Viejo Continente #56 Maduro (El envase de 10),otros,nacional,21.5
EL VIEJO CONTINENTE El Viejo Continente #60 (El envase de 10),otros,nacional,23
EL VIEJO CONTINENTE El Viejo Continente #60 Maduro (El envase de 10),otros,nacional,23.5
EL VIEJO CONTINENTE El Viejo Continente Burlesque Churchill (10),cigarrillos,nacional,7.45
EL VIEJO CONTINENTE El Viejo Continente Burlesque Robusto (10),cigarrillos,nacional,6.55
EL VIEJO CONTINENTE El Viejo Continente Edicion Esteli Robusto (20),cigarrillos,nacional,11.8
EL VIEJO CONTINENTE El Viejo Continente Edicion Esteli Torpedo (20),cigarrillos,nacional,12.5
EL VIEJO CONTINENTE El Viejo Continente Mare Nostrum Canoa (10),cigarrillos,nacional,8.7
EL VIEJO CONTINENTE El Viejo Continente Mare Nostrum V (20),cigarrillos,nacional,8.7
EL VIEJO CONTINENTE El Viejo Continente Profane (20),cigarrillos,nacional,12
EL VIEJO CONTINENTE El Viejo Continente Rudus Robusto 5 X 50 (El envase de 5),otros,nacional,21.75
EL VIEJO CONTINENTE El Viejo Continente Rudus Toro 6 X 54 (El envase de 5),otros,nacional,22.5
EL VIEJO CONTINENTE El Viejo Continente Selection Factory (El envase de 10),otros,nacional,99.25
EL VIEJO CONTINENTE Godos Puritos (22),cigarrillos,nacional,0.8
EL VIEJO CONTINENTE Gran Major Maduro (25),cigarrillos,nacional,6.1
EL VIEJO CONTINENTE Gran Short Maduro (25),cigarrillos,nacional,5.6
EL VIEJO CONTINENTE Lancero Maduro (30),cigarrillos,nacional,6.05
EL VIEJO CONTINENTE Mare Nostrum Culebras (5),otros,nacional,19.2
EL VIEJO CONTINENTE Mare Nostrum I (10),cigarrillos,nacional,8
EL VIEJO CONTINENTE Mare Nostrum II (20),cigarrillos,nacional,7.7
EL VIEJO CONTINENTE Mare Nostrum III (20),cigarrillos,nacional,7.5
EL VIEJO CONTINENTE Mare Nostrum III (5),otros,nacional,7.3
EL VIEJO CONTINENTE Mare Nostrum IV (10),cigarrillos,nacional,9
EL VIEJO CONTINENTE Mare Nostrum La Perla (20),cigarrillos,nacional,4.4
EL VIEJO CONTINENTE Mare Nostrum Lancero (20),cigarrillos,nacional,7.2
EL VIEJO CONTINENTE Maximum (100),otros,nacional,5.75
EL VIEJO CONTINENTE Maximum (25),cigarrillos,nacional,5.95
EL VIEJO CONTINENTE Piccolo Maduro (50),cigarrillos,nacional,3.8
EL VIEJO CONTINENTE Robusto Maduro (25),cigarrillos,nacional,5.45
EL VIEJO CONTINENTE Robustum (25),cigarrillos,nacional,5.35
EL VIEJO CONTINENTE Rudus 5x52 (20),cigarrillos,nacional,3.95
EL VIEJO CONTINENTE Rudus 6x54 (20),cigarrillos,nacional,4.1
EL VIEJO CONTINENTE Selección Lanceros (El envase de 6),otros,nacional,70.7
EL VIEJO CONTINENTE Toro Connecticut (25),cigarrillos,nacional,5.95
ELADIO DIAZ Eladio Diaz Before and After Pasion Toro 5 1/2 x 54 C(20),cigarrillos,nacional,10.95
ELADIO DIAZ Eladio Diaz La Diana Biloria Robusto 5 x 52 C(20),cigarrillos,nacional,8.95
ELADIO DIAZ Eladio Diaz La Diana Vencosme Toro 6 x 54 C(20),cigarrillos,nacional,9.95
Element Amazon (40 g),tabaco-liar,nacional,4.1
Element Amur (40 g),tabaco-liar,nacional,4.1
Element Bise (40 g),tabaco-liar,nacional,4.1
Element Bora (40 g),tabaco-liar,nacional,4.1
Element Brickfielder (40 g),tabaco-liar,nacional,4.1
Element Chinook (40 g),tabaco-liar,nacional,4.1
Element Colorado (40 g),tabaco-liar,nacional,4.1
Element Columbia (40 g),tabaco-liar,nacional,4.1
Element Congo (40 g),tabaco-liar,nacional,4.1
Element Euprates (40 g),tabaco-liar,nacional,4.1
Element Fohn Wind (40 g),tabaco-liar,nacional,4.1
Element Ganges (40 g),tabaco-liar,nacional,4.1
Element Gibli (40 g),tabaco-liar,nacional,4.1
Element Khamseen (40 g),tabaco-liar,nacional,4.1
Element Lena (40 g),tabaco-liar,nacional,4.1
Element Mekong (40 g),tabaco-liar,nacional,4.1
Element Mistral (40 g),tabaco-liar,nacional,4.1
Element Moazagoatl (40 g),tabaco-liar,nacional,4.1
Element Niagara (40 g),tabaco-liar,nacional,4.1
Element Nile (40 g),tabaco-liar,nacional,4.1
Element Okavango (40 g),tabaco-liar,nacional,4.1
Element Orinoco (40 g),tabaco-liar,nacional,4.1
Element Rio Grande (40 g),tabaco-liar,nacional,4.1
Element Samoon (40 g),tabaco-liar,nacional,4.1
Element Sirocco (40 g),tabaco-liar,nacional,4.1
Element Southerly Buster (40 g),tabaco-liar,nacional,4.1
Element Tennessee (40 g),tabaco-liar,nacional,4.1
Element Tigris (40 g),tabaco-liar,nacional,4.1
Element Volga (40 g),tabaco-liar,nacional,4.1
Element Volta (40 g),tabaco-liar,nacional,4.1
Element Xlokk (40 g),tabaco-liar,nacional,4.1
Element Yangtze (40 g),tabaco-liar,nacional,4.1
Element Zonda (40 g),tabaco-liar,nacional,4.1
Elixyr + X-Type (20),cigarrillos,nacional,4.9
Elixyr 22 Red (22),cigarrillos,nacional,5.25
Elixyr 24 Red,otros,nacional,5.75
Elixyr Blue,otros,nacional,4.95
Elixyr Choice (20),cigarrillos,nacional,5
Elixyr Ice Pipe (120 g),tabaco-liar,nacional,10
Elixyr Ice Pipe (120 g) CM,tabaco-liar,nacional,7.3
Elixyr Maxx Pipe (140 g),tabaco-liar,nacional,11.5
Elixyr Maxx Pipe (140 g) CM,tabaco-liar,nacional,8.3
Elixyr Maxx Pipe (20 g),tabaco-liar,nacional,1.5
Elixyr Maxx Pipe (20 g) CM,tabaco-liar,nacional,1.25
Elixyr Maxx Pipe (999 g),tabaco-liar,nacional,70
Elixyr Optimal Cut (150 g),tabaco-liar,nacional,27
Elixyr Original (175 g),tabaco-liar,nacional,31.5
Elixyr Red,otros,nacional,4.95
Elixyr Red 100'S,otros,nacional,4.9
Elixyr Red 40s,otros,nacional,9.3
Elixyr Red Blando,otros,nacional,4
Elixyr Red Maxx (250 g),tabaco-liar,nacional,44.9
Elixyr X-Line (20),cigarrillos,nacional,4.8
Elixyr+ M-Type,otros,nacional,5
Elixyr+ M-Type 100's,otros,nacional,5.1
Embassy Nº 1,otros,nacional,7.9
ENCLAVE Broadleaf Gran Toro (20),cigarrillos,nacional,12
ENCLAVE Broadleaf Robusto (20),cigarrillos,nacional,10.95
ENCLAVE Churchill (20),cigarrillos,nacional,9.15
ENCLAVE Toro (20),cigarrillos,nacional,8.95
ENIGMA DOMINICANO Enigma Dominicano Mini Robustos M (20),cigarrillos,nacional,1.6
ENIGMA DOMINICANO Enigma Dominicano Perlas M (20),cigarrillos,nacional,1.5
ENIGMA DOMINICANO Enigma Dominicano Robustos M (20),cigarrillos,nacional,1.9
ENIGMA DOMINICANO Enigma Dominicano Torpedos M (20),cigarrillos,nacional,2
ENIGMA DOMINICANO Mini Robustos M (10),cigarrillos,nacional,1.6
ENIGMA DOMINICANO Perlas M (10),cigarrillos,nacional,1.5
ENIGMA DOMINICANO Robustos M (10),cigarrillos,nacional,1.9
ENIGMA DOMINICANO Torpedos M (10),cigarrillos,nacional,2
ENIGMA Enigma Nicaragua Mini Robusto (10),cigarrillos,nacional,1.95
ENIGMA Enigma Nicaragua Mini Robusto M (20),cigarrillos,nacional,1.95
ENIGMA Enigma Nicaragua Robusto (10),cigarrillos,nacional,2.2
ENIGMA Enigma Nicaragua Robusto M (20),cigarrillos,nacional,2.2
ENIGMA Enigma Nicaragua Titan (10),cigarrillos,nacional,2.6
ENIGMA Enigma Nicaragua Titan M (20),cigarrillos,nacional,2.6
ENIGMA Enigma Nicaragua Torpedo (10),cigarrillos,nacional,2.3
ENIGMA Enigma Nicaragua Torpedo M (20),cigarrillos,nacional,2.3
ENIGMA Enigma Premium Robusto C (20),cigarrillos,nacional,3.8
ENIGMA Enigma Premium Titan C (20),cigarrillos,nacional,4.4
ENTREFINOS Chicos,otros,nacional,0.36
ENTREFINOS Chicos CM,otros,nacional,0.32
ENTREFINOS Cortados (El envase de 10),otros,nacional,5.5
ENTREFINOS Cortados (El envase de 10) CM,otros,nacional,4.1
ENTREFINOS Java (El envase de 10),otros,nacional,5.5
ENTREFINOS Java (El envase de 10) CM,otros,nacional,4.1
ENTREFINOS Mini (El Envase de 20),otros,nacional,5
ENTREFINOS Mini (El Envase de 20) CM,otros,nacional,4.1
ENTREFINOS Momentos,otros,nacional,0.33
ENTREFINOS Momentos CM,otros,nacional,0.3
EPC Elencos Don Rubino 5 1/4 x 50 Robusto (10),cigarrillos,nacional,10.2
EPC Encore Majestic 5 3/8x52 (10),cigarrillos,nacional,14
EPC EPC Allegiance Chaperone 6 1/4 X 58 (20),cigarrillos,nacional,18.9
EPC EPC Allegiance Confidant 6X52 (20),cigarrillos,nacional,17.6
EPC EPC Allegiance Sidekick 5X50 (20),cigarrillos,nacional,16.2
EPC EPC Allegiance Wingman 6 7/8 X 52 (20),cigarrillos,nacional,18.2
EPC EPC Capa de Sol Royal Robusto 5x52 (20),cigarrillos,nacional,10
EPC Epc Elencos Don Rubino Maduro 5 14 x 50 (20),cigarrillos,nacional,10.2
EPC EPC Encore El Primero 54X6 7/8 (20),cigarrillos,nacional,15.5
EPC EPC Encore Majestic 5 3/8X52 (20),cigarrillos,nacional,14.6
EPC EPC Endure Robusto 50X5 (10),cigarrillos,nacional,15.2
EPC EPC Endure Toro 52X6 (10),cigarrillos,nacional,17.4
EPC Epc Inch Natural 5 x 62 (24),cigarrillos,nacional,12.1
EPC EPC Inch Natural 7X70 (24),cigarrillos,nacional,14.4
EPC EPC La Historia El Senador 5 3/8X52 (20),cigarrillos,nacional,13.1
EPC EPC La Historia Regalias de Celia 58X5 7/8 (20),cigarrillos,nacional,14.2
EPC Epc New Wave Reserva Robusto 5 x 50 (20),cigarrillos,nacional,9.4
EPC EPC New Wave Reserva Sungrown 50X5 Robusto (10),cigarrillos,nacional,8.7
EPC EPC New Wave Reserva Sungrown 52X6 Toro (10),cigarrillos,nacional,10.2
EPC EPC New Wave Reserva Sungrown 60X6 Inmensos (10),cigarrillos,nacional,11.1
EPC Epc Pledge Prequel 5x50 (10),cigarrillos,nacional,17
EPC EPC Pledge Prequel 5X50 (20),cigarrillos,nacional,17
EPC EPC Pledge Sojourn Toro 52X6 (20),cigarrillos,nacional,18.5
EPC Epc Short Run 2023 Gordo (24),cigarrillos,nacional,17.8
EPC Epc Short Run 2023 Robusto (24),cigarrillos,nacional,15
EPC Epc Short Run 2023 Toro (24),cigarrillos,nacional,16.4
EPC EPC Toro Sampler (el envase de 5),otros,nacional,50
EPC EPC Triumph By E. P. Carrillo (El envase de 3),otros,nacional,45
EPC Inch Nº 62 Natural 5x62 (10),cigarrillos,nacional,11.2
EPC La Historia El Senador 5 3/8x52 (10),cigarrillos,nacional,12.6
EPC M1 (25),cigarrillos,nacional,2
EPC M2 (25),cigarrillos,nacional,2.1
EPC New Wave Gran Reserva Robusto 5x50 (10),cigarrillos,nacional,9.4
Erasmus  Amsterdam (50 g),tabaco-liar,nacional,3.75
Erasmus  Amsterdam (50 g) CM,tabaco-liar,nacional,2.5
Erasmus  Athenas (50 g),tabaco-liar,nacional,3.75
Erasmus  Athenas (50 g) CM,tabaco-liar,nacional,2.5
Erasmus  Berlin (50 g),tabaco-liar,nacional,3.75
Erasmus  Berlin (50 g) CM,tabaco-liar,nacional,2.5
Erasmus  Bruselas (50 g),tabaco-liar,nacional,3.75
Erasmus  Bruselas (50 g) CM,tabaco-liar,nacional,2.5
Erasmus  Helsinki (50 g),tabaco-liar,nacional,3.75
Erasmus  Helsinki (50 g) CM,tabaco-liar,nacional,2.5
Erasmus  London (50 g),tabaco-liar,nacional,3.75
Erasmus  London (50 g) CM,tabaco-liar,nacional,2.5
Erasmus  Paris (50 g),tabaco-liar,nacional,3.75
Erasmus  Paris (50 g) CM,tabaco-liar,nacional,2.5
Erasmus  Roma (50 g),tabaco-liar,nacional,3.75
Erasmus  Roma (50 g) CM,tabaco-liar,nacional,2.5
Erasmus Amsterdam (200 g),tabaco-liar,nacional,11.5
Erasmus Chunky Monkey (50 g),tabaco-liar,nacional,3.75
Erasmus Engagement (50 g),tabaco-liar,nacional,3.75
Erasmus Engagement (50 g) CM,tabaco-liar,nacional,2.5
Erasmus Hashtag (50 g),tabaco-liar,nacional,3.75
Erasmus Hashtag (50 g) CM,tabaco-liar,nacional,2.5
Erasmus Hootsuite (180 g),tabaco-liar,nacional,13.5
Erasmus Hootsuite (50 g),tabaco-liar,nacional,3.75
Erasmus Hootsuite (750 g),tabaco-liar,nacional,55
Erasmus Inbound (50 g),tabaco-liar,nacional,3.75
Erasmus Inbound (50 g) CM,tabaco-liar,nacional,2.5
Erasmus Influencer (50 g),tabaco-liar,nacional,3.75
Erasmus Influencer (50 g) CM,tabaco-liar,nacional,2.5
Erasmus Klout (50 g),tabaco-liar,nacional,3.75
Erasmus Klout (50 g) CM,tabaco-liar,nacional,2.5
Erasmus London (180 g),tabaco-liar,nacional,13.5
Erasmus London (200 g),tabaco-liar,nacional,11.5
Erasmus London (750 g),tabaco-liar,nacional,55
Erasmus Millennial (50 g),tabaco-liar,nacional,3.75
Erasmus Millennial (50 g) CM,tabaco-liar,nacional,2.5
Erasmus Pearchill (50 g),tabaco-liar,nacional,2.95
Erasmus Photobomb (50 g),tabaco-liar,nacional,3.75
Erasmus Photobomb (50 g) CM,tabaco-liar,nacional,2.5
Erasmus Roma (180 g),tabaco-liar,nacional,13.5
Erasmus Roma (200 g),tabaco-liar,nacional,11.5
Erasmus Roma (750 g),tabaco-liar,nacional,55
Erasmus Timeline (50 g),tabaco-liar,nacional,3.75
Erasmus Timeline (50 g) CM,tabaco-liar,nacional,2.5
Erinmore Flake Lata (50 g),tabaco-liar,nacional,11.5
Erinmore Flake Lata (50 g) CM,tabaco-liar,nacional,11.1
Erinmore Mixture Lata (50 g),tabaco-liar,nacional,10.5
Erinmore Mixture Lata (50 g) CM,tabaco-liar,nacional,10.1
Ernest (100 g),tabaco-liar,nacional,6.9
Esse Blue (20),cigarrillos,nacional,4.8
Esse Red (20),cigarrillos,nacional,4.8
Esse White (20),cigarrillos,nacional,4.8
ESSENZE Aroma Cigarritos (El envase de 20),cigarrillos,nacional,4.9
ESSENZE Aroma Cigarritos (El envase de 20) CM,cigarrillos,nacional,3.9
ESSENZE Caffe Cigarritos (El envase de 20),cigarrillos,nacional,4.9
ESSENZE Coffe Cigarritos (El envase de 20) CM,cigarrillos,nacional,3.9
ESSENZE Display (Vanilla+Aroma+Caffè) (El envase de 600),otros,nacional,147
ESSENZE Vanilla Cigarritos (El envase de 20),cigarrillos,nacional,4.9
ESSENZE Vanilla Cigarritos (El envase de 20) CM,cigarrillos,nacional,3.9
ESSENZE x2 Aroma Cigarritos (El envase de 2),cigarrillos,nacional,0.5
ESSENZE x2 Cafe Cigarritos (El envase de 2),cigarrillos,nacional,0.5
ESSENZE x2 Vainilla  Cigarritos (El envase de 2),cigarrillos,nacional,0.5
"Estelada American (17,5 g)",otros,nacional,2.9
"Estelada Virginia (17,5 g)",otros,nacional,2.9
Eternal Smoke Danish Goodies (50 g),tabaco-liar,nacional,2.95
Eternal Smoke Danish Goodies (50 g) CM,tabaco-liar,nacional,2.1
Eternal Smoke Delightful Kiss (50 g),tabaco-liar,nacional,2.95
Eternal Smoke Delightful Kiss (50 g) CM,tabaco-liar,nacional,2.1
Eternal Smoke Lush Lit (50 g),tabaco-liar,nacional,2.95
Eternal Smoke Lush Lit (50 g) CM,tabaco-liar,nacional,2.1
Eternal Smoke Passion Lit (50 g),tabaco-liar,nacional,2.95
Eternal Smoke Passion Lit (50 g) CM,tabaco-liar,nacional,2.1
Eternal Smoke Red Lips (50 g),tabaco-liar,nacional,2.95
Eternal Smoke Red Lips (50 g) CM,tabaco-liar,nacional,2.1
Eternal Smoke Wild Lit (50 g),tabaco-liar,nacional,2.95
Eternal Smoke Wild Lit (50 g) CM,tabaco-liar,nacional,2.1
Evo Amber Sticks (20),cigarrillos,nacional,4.5
Evo Azure Sticks (20),cigarrillos,nacional,4.5
Evo Bronze Sticks (20),cigarrillos,nacional,4.5
Evo Burgundy Sticks (20),cigarrillos,nacional,4.5
Evo Gold Sticks (20),cigarrillos,nacional,4.5
Evo Tan Sticks (20),cigarrillos,nacional,4.5
Evo Teal Sticks (20),cigarrillos,nacional,4.5
Excite Blue 100 (20),cigarrillos,nacional,4.6
Excite Blue 20,otros,nacional,4.7
Excite Red 100 (20),cigarrillos,nacional,4.7
Excite Red Duro 20,otros,nacional,4.7
Excite Red Duro 20 CM,otros,nacional,1.95
Exclusiv Mixture No. 2 (50 g),tabaco-liar,nacional,5.5
Exclusiv Mixture No. 6 (50 g),tabaco-liar,nacional,5.5
EXO Blue (10),cigarrillos,nacional,0.24
EXO Classic (10),cigarrillos,nacional,0.24
EXO Filter (10),cigarrillos,nacional,0.24
EXO Red (10),cigarrillos,nacional,0.24
EXO Red Filter (10),cigarrillos,nacional,0.24
FACTORY SMOKE C.T. Shade Gordito (25),cigarrillos,nacional,2.5
FACTORY SMOKE Drew Estate- Factory Smokes C.T. Shade Robusto M (25),cigarrillos,nacional,2.25
FACTORY SMOKE Drew Estate-Factory Smokes Sun Grown Robusto M (25),cigarrillos,nacional,2.25
FACTORY SMOKE Drew State-Factory Smokes Maduro Robusto M (25),cigarrillos,nacional,2.25
FACTORY SMOKE Maduro Gordito (25),cigarrillos,nacional,2.5
FACTORY SMOKE Sun Grown Gordito (25),cigarrillos,nacional,2.5
Fairgreen Artesano Classic (30 g),tabaco-liar,nacional,5.5
Fairgreen Artesano Fine (30 g),tabaco-liar,nacional,5.5
FARIAS Chicos (El envase de 10),otros,nacional,6.1
FARIAS Chicos (El envase de 10) CM,otros,nacional,4.5
FARIAS Club (El envase de 20),otros,nacional,5.85
FARIAS Club (El envase de 20) CM,otros,nacional,5
FARIAS Mini (El Envase de 10),otros,nacional,2.9
FARIAS Mini (El Envase de 10) CM,otros,nacional,2.5
FARIAS Mini (El envase de 20),otros,nacional,5.5
FARIAS Mini (El envase de 20) CM,otros,nacional,4.8
FARIAS Mini Filter (El envase de 2),otros,nacional,0.5
FARIAS Puritos (El envase de 10),otros,nacional,6
FARIAS Puritos (El envase de 10) CM,otros,nacional,4.1
FARIAS Superiores (2),otros,nacional,0.9
FARIAS Superiores (2)  CM,otros,nacional,0.74
FARIAS Superiores (25),cigarrillos,nacional,1.9
FARIAS Superiores (25) CM,cigarrillos,nacional,1.45
FARIAS Superiores (5),otros,nacional,1.9
FARIAS Superiores (5) CM,otros,nacional,1.45
FARIAS Superiores (50),cigarrillos,nacional,1.9
FARIAS Superiores (50) CM,cigarrillos,nacional,1.45
FARIAS Superiores (El envase de 1),otros,nacional,0.87
FARIAS Superiores (El Envase de 1) CM,otros,nacional,0.77
FARIAS Superiores Edición Lata Humidor (El envase de 50),otros,nacional,41
FARIAS Superiores sin Celofan (5),otros,nacional,0.82
FARIAS Superiores sin Celofan (5)  CM,otros,nacional,0.74
FERNANDO LEÓN Family Reserve Belicoso (20),cigarrillos,nacional,6
FERNANDO LEÓN FAMILY RESERVE Corona Gorda (20),cigarrillos,nacional,5.6
FERNANDO LEÓN FAMILY RESERVE Founder Choice (20),cigarrillos,nacional,5.5
FERNANDO LEÓN FAMILY RESERVE Gran Toro (20),cigarrillos,nacional,6.2
FERNANDO LEÓN FAMILY RESERVE Robusto (20),cigarrillos,nacional,5.8
Flame Flamingo (75 g),tabaco-liar,nacional,5.9
Flame Hawaii Cool (75 g),tabaco-liar,nacional,5.9
Flame Jericho (75 g),tabaco-liar,nacional,5.9
Flame Red Jumbo Bear (75 g),tabaco-liar,nacional,5.9
Flame Romeo Dream (75 g),tabaco-liar,nacional,5.9
Flame Spicy Chai (75 g),tabaco-liar,nacional,5.9
Flame Star Mix (75 g),tabaco-liar,nacional,5.9
Flame Summer Sky (75 g),tabaco-liar,nacional,5.9
Flame Tropicana Cool (75 g),tabaco-liar,nacional,5.9
Flame Vegas Love (75 g),tabaco-liar,nacional,5.9
Flandria Ecos Natural Tobacco (20 g),tabaco-liar,nacional,3.4
Flandria Ecos Natural Tobacco (20 g) CM,tabaco-liar,nacional,2.35
Flandria English Virginia (30 g),tabaco-liar,nacional,6.2
Flandria English Virginia (30 g) CM,tabaco-liar,nacional,3.4
Flandria Gold (30 g),tabaco-liar,nacional,6.2
Flandria Negro (20 g),tabaco-liar,nacional,3.4
Flandria Negro (20 g) CM,tabaco-liar,nacional,2.35
Flandria Negro (30 g),tabaco-liar,nacional,6.2
Flandria Negro (30 g) CM,tabaco-liar,nacional,3.4
Flandria Sauvage (100 g),tabaco-liar,nacional,20.35
Flandria Sauvage (100 g) CM,tabaco-liar,nacional,10.45
Flandria Sauvage (20 g),tabaco-liar,nacional,3.35
Flandria Sauvage (20 g) CM,tabaco-liar,nacional,2.2
Flandria Sauvage (30 g),tabaco-liar,nacional,6.2
Flandria Sauvage (30 g) CM,tabaco-liar,nacional,3.4
Flandria Sauvage (65 g),tabaco-liar,nacional,13.45
Flandria Silver (30 g),tabaco-liar,nacional,6.2
Flandria Tabac Special (100 g),tabaco-liar,nacional,20.55
Flandria Tabac Special (100 g) CM,tabaco-liar,nacional,11.8
Flandria Virginia (30 g),tabaco-liar,nacional,6.2
Flandria Virginia (30 g) CM,tabaco-liar,nacional,4.25
Flandria Virginia English Style (20 g),tabaco-liar,nacional,3.4
Flandria Virginia English Style (20 g) CM,tabaco-liar,nacional,2.35
Flandria Virginia Natural (20 g),tabaco-liar,nacional,3.4
Flandria Virginia Natural (20 g) CM,tabaco-liar,nacional,2.3
Flandria Virginia Vending (30 g),tabaco-liar,nacional,6.2
Flandria Wild (30 g),tabaco-liar,nacional,6.2
Flandria Wild (30 g) CM,tabaco-liar,nacional,3.4
Fleur de Lys Blonde (40 g),tabaco-liar,nacional,7.9
FLEUR DE SAVANE Mini Aromático,otros,nacional,0.22
FLEUR DE SAVANE Mini Aromático CM,otros,nacional,0.19
FLEUR DE SAVANE Mini Orientès,otros,nacional,0.22
FLEUR DE SAVANE Petit Cigare,puros,nacional,0.22
FLEUR DE SAVANE Petit Cigare (El envase de 20),puros,nacional,5.9
FLEUR DE SAVANE Petit Cigare (El envase de 20) CM,puros,nacional,4.9
FLEUR DE SAVANE Petit Cigare Beige,puros,nacional,0.22
FLEUR DE SAVANE Petit Cigare Beige CM,puros,nacional,0.19
FLEUR DE SAVANE Petit Cigare CM,puros,nacional,0.19
FLEUR DE SAVANE Primeros,otros,nacional,0.22
FLEUR DE SAVANE Tradition,otros,nacional,0.22
FLEUR DE SAVANE Tradition CM,otros,nacional,0.2
Fleur Du Pays 225G (225 g),tabaco-liar,nacional,59.1
Fleur Du Pays N. 1 Blond 90 GR NL (90 g),tabaco-liar,nacional,23.8
Fleur Du Pays Nº 1 Blond (200 g),tabaco-liar,nacional,52
Fleur Du Pays Nº 1 Blond (40 g),tabaco-liar,nacional,11.1
Fleur Du Pays Nº 1 Blond (500 g),tabaco-liar,nacional,130.4
Fleur Du Pays Nº 2 Brun (40 g),tabaco-liar,nacional,10
FLOR DE CANO La Flor de Cano Elegidos (10),cigarrillos,nacional,6.7
FLOR DE CANO Mágicos E.R. 2018 (10),cigarrillos,nacional,20
FLOR DE CANO Petit Coronas (25),cigarrillos,nacional,3.9
FLOR DE CANO Petit Coronas (25) CM,cigarrillos,nacional,3.3
FLOR DE CANO Selectos (25),cigarrillos,nacional,3.9
FLOR DE CANO Selectos (25) CM,cigarrillos,nacional,3.3
FLOR DE COPÁN Flor de Copán 1795 (10) Edicion Limitada,cigarrillos,nacional,8.5
FLOR DE COPÁN Flor de Copán 20 Aniversario Gran Reserva Rosas Edición Limitada (10),cigarrillos,nacional,9
FLOR DE COPÁN Flor de Copán Corona (20),cigarrillos,nacional,5.3
FLOR DE COPÁN Flor de Copán Gordito (20),cigarrillos,nacional,6.8
FLOR DE COPÁN Flor de Copán Perla (25),cigarrillos,nacional,3.5
FLOR DE COPÁN Flor de Copán Rothschild (20),cigarrillos,nacional,6.4
FLOR DE COPÁN Flor de Copán Short Magnum (20),cigarrillos,nacional,6.2
FLOR DE COPÁN Flor de Copán Titán (20),cigarrillos,nacional,8.7
FLOR DE FILIPINAS Corona Gran Reserva Especiales (20),cigarrillos,nacional,0.75
FLOR DE FILIPINAS Coronas (25),cigarrillos,nacional,0.65
FLOR DE FILIPINAS Coronas (25) CM,cigarrillos,nacional,0.4
FLOR DE FILIPINAS Coronas XXL (25),cigarrillos,nacional,0.75
FLOR DE FILIPINAS Coronitas (25),cigarrillos,nacional,0.65
FLOR DE FILIPINAS Coronitas (25) CM,cigarrillos,nacional,0.4
FLOR DE FILIPINAS Coronitas (El envase de 5),otros,nacional,2.25
FLOR DE FILIPINAS Flor de Filipinas Coronas (10),cigarrillos,nacional,0.65
FLOR DE FILIPINAS Flor de Filipinas Robusto (10),cigarrillos,nacional,0.7
FLOR DE FILIPINAS Flor de Filipinas Señoritas (10),cigarrillos,nacional,0.6
FLOR DE FILIPINAS Palmeros (25),cigarrillos,nacional,0.6
FLOR DE FILIPINAS Robusto (25),cigarrillos,nacional,0.7
FLOR DE FILIPINAS Robusto (25) CM,cigarrillos,nacional,0.4
FLOR DE FILIPINAS Robusto (El envase de 3),otros,nacional,1.45
FLOR DE FILIPINAS Short Robusto (25),cigarrillos,nacional,0.6
FLOR DE HONDURAS Nº 1 (25),cigarrillos,nacional,2.94
FLOR DE HONDURAS Nº 4 (25),cigarrillos,nacional,2.4
FLOR DE HONDURAS Nº 4 (5),otros,nacional,2.4
FLOR DE HONDURAS Toro Gran Reserva (20),cigarrillos,nacional,3.7
FLOR DE NICARAGUA Corona Imperial (50),cigarrillos,nacional,3.95
FLOR DE NICARAGUA Flor de Nicaragua Colorado Gordito M(10),cigarrillos,nacional,3.9
FLOR DE NICARAGUA Flor de Nicaragua Colorado Robusto (10),cigarrillos,nacional,3.85
FLOR DE NICARAGUA Flor de Nicaragua Colorado Robusto M (20),cigarrillos,nacional,3.85
FLOR DE NICARAGUA Flor de Nicaragua Colorado Toro (10),cigarrillos,nacional,4.25
FLOR DE NICARAGUA Flor de Nicaragua Colorado Toro M (20),cigarrillos,nacional,4.25
FLOR DE NICARAGUA Ventus Aurum Gran Cañon (27),cigarrillos,nacional,5
FLOR DE NICARAGUA Ventus Aurum Magnum 52 (27),cigarrillos,nacional,5.6
FLOR DE NICARAGUA Ventus Aurum Robusto (27),cigarrillos,nacional,4.8
FLOR DE OLIVA Display Robusto 5x50 (5),otros,nacional,4.4
FLOR DE OLIVA Maduro Toro 6x50 (25),cigarrillos,nacional,4.7
FLOR DE OLIVA Maduro Torpedo 6 1/2x52 (25),cigarrillos,nacional,5.4
FLOR DE SELVA  Petit Cigares (100),puros,nacional,1
FLOR DE SELVA Barroco (20),cigarrillos,nacional,7.1
FLOR DE SELVA Barroco Maduro (20),cigarrillos,nacional,7.6
FLOR DE SELVA Churchill (25),cigarrillos,nacional,9.1
FLOR DE SELVA Corona (25),cigarrillos,nacional,6.8
FLOR DE SELVA Doble Corona (25),cigarrillos,nacional,9.6
FLOR DE SELVA Fino (25),cigarrillos,nacional,6.3
FLOR DE SELVA Flor de Selva 20 Aniversario Petit Corona C (20),cigarrillos,nacional,9.9
FLOR DE SELVA Flor de Selva 20 Aniversario Tempo C (20),cigarrillos,nacional,14.95
FLOR DE SELVA Flor de Selva 20 Aniversario Toro C (20),cigarrillos,nacional,13.95
FLOR DE SELVA Flor de Selva 30 Años The Salomon Ed. Especial Limit. C(10),cigarrillos,nacional,45
FLOR DE SELVA Flor de Selva Classic Extremo C (10),cigarrillos,nacional,25
FLOR DE SELVA Flor de Selva Classic Fino C (20),cigarrillos,nacional,10.95
FLOR DE SELVA Flor de Selva Classic Fino C(25),cigarrillos,nacional,10.95
FLOR DE SELVA Flor de Selva Maduro Grand Presse C (20),cigarrillos,nacional,15.4
FLOR DE SELVA Flor de Selva N20 Egoista (10),cigarrillos,nacional,8.5
FLOR DE SELVA Flor de Selva N20 Petit Corona (10),cigarrillos,nacional,8.6
FLOR DE SELVA Flor de Selva N20 Robusto (10),cigarrillos,nacional,9.5
FLOR DE SELVA Flor de Selva N20 Tempo (10),cigarrillos,nacional,11.5
FLOR DE SELVA Flor de Selva Toro C (20),cigarrillos,nacional,13
FLOR DE SELVA Flor de Selva Villa Zamorano Danli Robusto C (25),cigarrillos,nacional,7.5
FLOR DE SELVA Flor de Selva Villa Zamorano Danli Toro C (25),cigarrillos,nacional,8.5
FLOR DE SELVA Flor de Selva Villa Zamorano Reserva Cigar Can (El envase de 5),puros,nacional,36
FLOR DE SELVA Flor de Selva Villa Zamorano Reserva El Gordo C(25),cigarrillos,nacional,7.3
FLOR DE SELVA Flor de Selva Villa Zamorano Reserva Expreso C(25),cigarrillos,nacional,4.75
FLOR DE SELVA Flor de Selva Villa Zamorano Reserva Intenso C(25),cigarrillos,nacional,5
FLOR DE SELVA Flor de Selva Villa Zamorano Reserva Nº 15 Belicoso C (25),cigarrillos,nacional,6.75
FLOR DE SELVA Nº 15 (20),cigarrillos,nacional,6.6
FLOR DE SELVA Panetela (25),cigarrillos,nacional,4.2
FLOR DE SELVA Petit Corona (25),cigarrillos,nacional,5.5
FLOR DE SELVA Robusto (25),cigarrillos,nacional,11.5
FLOR DE SELVA Robusto Maduro (20),cigarrillos,nacional,12
FLOR DE SELVA Siesta (20),cigarrillos,nacional,5.3
FLOR DE SELVA Tempo (25),cigarrillos,nacional,8.6
FLOR DE T. PARTAGAS 8-9-8 (25),cigarrillos,nacional,24.3
FLOR DE T. PARTAGAS 8-9-8 (25) CM,cigarrillos,nacional,20.55
FLOR DE T. PARTAGAS Aristocrats (25),cigarrillos,nacional,7.3
FLOR DE T. PARTAGAS Aristocrats (25)  CM,cigarrillos,nacional,3.65
FLOR DE T. PARTAGAS Coronas Junior (25),cigarrillos,nacional,9.1
FLOR DE T. PARTAGAS Coronas Junior (25) CM,cigarrillos,nacional,7.7
FLOR DE T. PARTAGAS Coronas Junior (3),otros,nacional,9.1
FLOR DE T. PARTAGAS Coronas Junior (3) CM,otros,nacional,7.7
FLOR DE T. PARTAGAS Coronas Senior (3),otros,nacional,9.9
FLOR DE T. PARTAGAS Coronas Senior (3) CM,otros,nacional,8.4
FLOR DE T. PARTAGAS Coronas Senior Tubo (25),cigarrillos,nacional,9.9
FLOR DE T. PARTAGAS Coronas Senior Tubo (25) CM,cigarrillos,nacional,8.4
FLOR DE T. PARTAGAS Culebras (El envase de 3)(extinguido este codigo),otros,nacional,36.3
FLOR DE T. PARTAGAS Flor de T. Partagas Culebras (El envase de 3),otros,nacional,39
FLOR DE T. PARTAGAS Habaneros (25),cigarrillos,nacional,7.9
FLOR DE T. PARTAGAS Habaneros (25) CM,cigarrillos,nacional,6.7
FLOR DE T. PARTAGAS Lusitanias (25),cigarrillos,nacional,32.2
FLOR DE T. PARTAGAS Lusitanias (25) CM,cigarrillos,nacional,27.2
FLOR DE T. PARTAGAS Lusitanias (50),cigarrillos,nacional,32.2
FLOR DE T. PARTAGAS Lusitanias (50) CM,cigarrillos,nacional,27.2
FLOR DE T. PARTAGAS Luxe (25),cigarrillos,nacional,11.4
FLOR DE T. PARTAGAS Luxe (25) CM,cigarrillos,nacional,9.65
FLOR DE T. PARTAGAS Mille Fleurs (10),cigarrillos,nacional,7.4
FLOR DE T. PARTAGAS Mille Fleurs (10) CM,cigarrillos,nacional,6.25
FLOR DE T. PARTAGAS Mille Fleurs (25),cigarrillos,nacional,7.4
FLOR DE T. PARTAGAS Mille Fleurs (25) CM,cigarrillos,nacional,6.25
FLOR DE T. PARTAGAS Mille Fleurs (5),otros,nacional,7.4
FLOR DE T. PARTAGAS Mille Fleurs (5) CM,otros,nacional,6.25
FLOR DE T. PARTAGAS Mini (El envase de 20),otros,nacional,9.6
FLOR DE T. PARTAGAS Mini (El envase de 20) CM,otros,nacional,8.1
FLOR DE T. PARTAGAS Partagas Serie D N 5 (10) CM,cigarrillos,nacional,8.1
FLOR DE T. PARTAGAS Partagas Serie D N 5 (25) CM,cigarrillos,nacional,8.1
FLOR DE T. PARTAGAS Presidentes (25),cigarrillos,nacional,18.9
FLOR DE T. PARTAGAS Presidentes (25) CM,cigarrillos,nacional,16
FLOR DE T. PARTAGAS Salomones (10),cigarrillos,nacional,38.2
FLOR DE T. PARTAGAS Salomones (10) CM,cigarrillos,nacional,32.3
FLOR DE T. PARTAGAS Serie D N 5 (10),cigarrillos,nacional,16
FLOR DE T. PARTAGAS Serie D N 5 (10) CM,cigarrillos,nacional,13.55
FLOR DE T. PARTAGAS Serie D N 5 (25),cigarrillos,nacional,16
FLOR DE T. PARTAGAS Serie D N 5 (25) CM,cigarrillos,nacional,13.55
FLOR DE T. PARTAGAS Serie D N.6 (20),cigarrillos,nacional,12.5
FLOR DE T. PARTAGAS Serie D N.6 (20) CM,cigarrillos,nacional,10.55
FLOR DE T. PARTAGAS Serie D N.6 (5),otros,nacional,12.5
FLOR DE T. PARTAGAS Serie D N.6 (5) CM,otros,nacional,10.55
FLOR DE T. PARTAGAS Serie D Nº 4 (25),cigarrillos,nacional,21.2
FLOR DE T. PARTAGAS Serie D Nº 4 (25) CM,cigarrillos,nacional,17.9
FLOR DE T. PARTAGAS Serie D Nº 4 (3),otros,nacional,21.2
FLOR DE T. PARTAGAS Serie D Nº 4 (3)  CM,otros,nacional,9.25
FLOR DE T. PARTAGAS Serie D Nº 4 Caja (10),cigarrillos,nacional,21.2
FLOR DE T. PARTAGAS Serie D Nº 4 Caja (10) CM,cigarrillos,nacional,17.9
FLOR DE T. PARTAGAS Serie D Nº 4 T/Alum. (3),otros,nacional,21.9
FLOR DE T. PARTAGAS Serie D Nº 4 T/Alum. (3) CM,otros,nacional,18.5
FLOR DE T. PARTAGAS Serie D Nº 5 Tubo (3),otros,nacional,16.7
FLOR DE T. PARTAGAS Serie D Nº 5 Tubo (3) CM,otros,nacional,14.15
FLOR DE T. PARTAGAS Serie E N 2 (25),cigarrillos,nacional,26.8
FLOR DE T. PARTAGAS Serie E N 2 (25) CM,cigarrillos,nacional,22.65
FLOR DE T. PARTAGAS Serie E N 2 (5),otros,nacional,26.8
FLOR DE T. PARTAGAS Serie E N 2 (5) CM,otros,nacional,22.65
FLOR DE T. PARTAGAS Serie P Nº 2 (10),cigarrillos,nacional,23.7
FLOR DE T. PARTAGAS Serie P Nº 2 (10) CM,cigarrillos,nacional,20.05
FLOR DE T. PARTAGAS Serie P Nº 2 (25),cigarrillos,nacional,23.7
FLOR DE T. PARTAGAS Serie P Nº 2 (25) CM,cigarrillos,nacional,20.05
FLOR DE T. PARTAGAS Serie P Nº 2 T/Alum.(3),otros,nacional,24.4
FLOR DE T. PARTAGAS Serie P Nº 2 T/Alum.(3) CM,otros,nacional,20.6
FLOR DE T. PARTAGAS Shorts (25),cigarrillos,nacional,7.2
FLOR DE T. PARTAGAS Shorts (25) CM,cigarrillos,nacional,6.1
FLOR DE T. PARTAGAS Shorts (50),cigarrillos,nacional,7.2
FLOR DE T. PARTAGAS Shorts (50)  CM,cigarrillos,nacional,3.5
FLOR DE T. PARTAGAS Super Partagas (25),cigarrillos,nacional,10.1
FLOR DE T. PARTAGAS Super Partagas (25) CM,cigarrillos,nacional,8.6
FLOR DEL SOL Robusto (10),cigarrillos,nacional,2.9
FLOR DEL SOL Robusto (10) CM,cigarrillos,nacional,2.4
FLOR DEL SOL Short Robusto (10),cigarrillos,nacional,2.7
FLOR DEL SOL Short Robusto (10) CM,cigarrillos,nacional,2.2
FLOR ISABELA Corona,otros,nacional,1.3
FLOR ISABELA Corona CM,otros,nacional,0.98
FLOR ISABELA La Pata 25,otros,nacional,0.7
FLOR ISABELA Panatela,otros,nacional,0.65
FLORES Y RODRIGUEZ Reserva Limit. 10 Aniv.Wide Churchill 5 12x58 (24),cigarrillos,nacional,9.95
FLORIDITA Floridita  (20),cigarrillos,nacional,0.21
FLORIDITA Floridita (5),otros,nacional,0.2
FLORIDITA Floridita Red Filter  (20),cigarrillos,nacional,0.21
FLORIDITA Red Filter (5),otros,nacional,0.2
FM FM Play Classic Cigar (El envase de 10),puros,nacional,2.3
FM FM Play Red Cigar (El envase de 10),puros,nacional,2.3
FM FM Play Red Filter Cigar (El envase de 17),puros,nacional,2.2
FM Fm Play Red Filter Cigar (El envase de 17) CM,puros,nacional,1.35
FM FM Play Squizz Filter Cigar (El envase de 17),puros,nacional,2.6
FM FM Play Squizz Filter Cigar (El envase de 17) CM,puros,nacional,1.6
FM FM Play White Filter Cigar (El envase de 17),puros,nacional,2.2
FM FM Play White Filter Cigar (El envase de 17) CM,puros,nacional,1.35
FONSECA Cadetes KDT (25),cigarrillos,nacional,4.3
FONSECA Cadetes KDT (25) CM,cigarrillos,nacional,3.65
FONSECA Cosacos (25),cigarrillos,nacional,7.3
FONSECA Cosacos (25) CM,cigarrillos,nacional,6.2
FONSECA Delicias (25),cigarrillos,nacional,4.4
FONSECA Delicias (25) CM,cigarrillos,nacional,3.75
FONSECA Fonseca Nº 1 (25),cigarrillos,nacional,10
FONSECA Fonseca Nº 1 (25) CM,cigarrillos,nacional,8.5
Forever Gold Black (100 g),tabaco-liar,nacional,9.5
Forever Gold Black (200 g),tabaco-liar,nacional,19
Forever Gold Black (50 g),tabaco-liar,nacional,4.95
Forever Gold Black After (200 g),tabaco-liar,nacional,20
Forever Gold Black Albpesgo (200 g),tabaco-liar,nacional,20
Forever Gold Black Albpesgo (50 g),tabaco-liar,nacional,5.25
Forever Gold Black American Gangster (200 g),tabaco-liar,nacional,20
Forever Gold Black Evil Witch (200 g),tabaco-liar,nacional,20
Forever Gold Black Evil Witch (50 g),tabaco-liar,nacional,5.25
Forever Gold Black Grolych (200 g),tabaco-liar,nacional,20
Forever Gold Black Grolych (50 g),tabaco-liar,nacional,5.25
Forever Gold Black Little Ghost (200 g),tabaco-liar,nacional,20
Forever Gold Black Mr. Cury (200 g),tabaco-liar,nacional,20
Forever Gold Black Mr. Cury (50 g),tabaco-liar,nacional,5.25
Forever Gold Black Pinkman (200 g),tabaco-liar,nacional,20
Forever Gold Border (200 g),tabaco-liar,nacional,19
Forever Gold Border (50 g),tabaco-liar,nacional,4.95
Forever Gold Budapest With Love (200 g),tabaco-liar,nacional,19
Forever Gold Budapest With Love (200 g) CM,tabaco-liar,nacional,12
Forever Gold Budapest With Love (50 g),tabaco-liar,nacional,4.95
Forever Gold Budapest With Love (50 g) CM,tabaco-liar,nacional,3.5
Forever Gold Crazy Izu (200 g),tabaco-liar,nacional,19
Forever Gold Crazy Izu (50 g),tabaco-liar,nacional,4.95
Forever Gold Dark Blue (100 g),tabaco-liar,nacional,9.5
Forever Gold Dark Blue (200 g),tabaco-liar,nacional,19
Forever Gold Dark Blue (50 g),tabaco-liar,nacional,4.95
Forever Gold Drácula (200 g),tabaco-liar,nacional,19
Forever Gold Drácula (50 g),tabaco-liar,nacional,4.95
Forever Gold Dragon Daddy (200 g),tabaco-liar,nacional,19
Forever Gold Dragon Daddy (50 g),tabaco-liar,nacional,4.95
Forever Gold Escape Room (200 g),tabaco-liar,nacional,19
Forever Gold Escape Room (50 g),tabaco-liar,nacional,4.95
Forever Gold Fantasy (200 g),tabaco-liar,nacional,19
Forever Gold Fantasy (50 g),tabaco-liar,nacional,4.95
Forever Gold Faruk & Farik (200 g),tabaco-liar,nacional,19
Forever Gold Faruk&Farik (50 g),tabaco-liar,nacional,4.95
Forever Gold Flowers (200 g),tabaco-liar,nacional,19
Forever Gold Flowers (50 g),tabaco-liar,nacional,4.95
Forever Gold Freak (200 g),tabaco-liar,nacional,19
Forever Gold Freak (50 g),tabaco-liar,nacional,4.95
Forever Gold Galben (100 g),tabaco-liar,nacional,9.5
Forever Gold Galben (200 g),tabaco-liar,nacional,19
Forever Gold Go with The Flow (200 g),tabaco-liar,nacional,19
Forever Gold Go with The Flow (50 g),tabaco-liar,nacional,4.95
Forever Gold Green (100 g),tabaco-liar,nacional,9.5
Forever Gold Heaven (50 g),tabaco-liar,nacional,4.95
Forever Gold Hurricane (200 g),tabaco-liar,nacional,19
Forever Gold Island (200 g),tabaco-liar,nacional,19
Forever Gold Island (50 g),tabaco-liar,nacional,4.95
Forever Gold Kekoko (200 g),tabaco-liar,nacional,19
Forever Gold Kekoko (50 g),tabaco-liar,nacional,4.95
Forever Gold Lemshock (200 g),tabaco-liar,nacional,20
Forever Gold Lemshock (50 g),tabaco-liar,nacional,5.25
Forever Gold Monkey (200 g),tabaco-liar,nacional,19
Forever Gold Monkey (50 g),tabaco-liar,nacional,4.95
Forever Gold Mow (100 g),tabaco-liar,nacional,9.5
Forever Gold Mow (200 g),tabaco-liar,nacional,19
Forever Gold Mow (50 g),tabaco-liar,nacional,4.95
Forever Gold Oh La Lá (200 g),tabaco-liar,nacional,19
Forever Gold Oh La Lá (50 g),tabaco-liar,nacional,4.95
Forever Gold Piggy BBQ Bangkok (200 g),tabaco-liar,nacional,19
Forever Gold Piggy BBQ Bangkok (50 g),tabaco-liar,nacional,4.95
Forever Gold Pinkman By Love (50 g),tabaco-liar,nacional,4.95
Forever Gold Pinkman By Love 78 (200 g),tabaco-liar,nacional,19
Forever Gold Pinkman by Love 78 (950 g),tabaco-liar,nacional,85
Forever Gold Plum (100 g),tabaco-liar,nacional,9.5
Forever Gold Purple (100 g),tabaco-liar,nacional,9.5
Forever Gold Purple (200 g),tabaco-liar,nacional,19
Forever Gold Rakka (200 g),tabaco-liar,nacional,19
Forever Gold Rakka (50 g),tabaco-liar,nacional,4.95
Forever Gold Red Code (200 g),tabaco-liar,nacional,19
Forever Gold Red Code (50 g),tabaco-liar,nacional,4.95
Forever Gold Russet (100 g),tabaco-liar,nacional,9.5
Forever Gold Russet (200 g),tabaco-liar,nacional,19
Forever Gold Secret History (200 g),tabaco-liar,nacional,19
Forever Gold Secret History (50 g),tabaco-liar,nacional,4.95
Forever Gold Space (200 g),tabaco-liar,nacional,19
Forever Gold Space (50 g),tabaco-liar,nacional,4.95
Forever Gold Storm Jazz Music (200 g),tabaco-liar,nacional,22
Forever Gold Storm Jazz Music (200 g) CM,tabaco-liar,nacional,14.5
Forever Gold Storm Jazz Music (50 g),tabaco-liar,nacional,5.75
Forever Gold Storm Jazz Music (50 g) CM,tabaco-liar,nacional,3.75
Forever Gold Storm Jess Pirate (200 g),tabaco-liar,nacional,22
Forever Gold Storm Jess Pirate (200 g) CM,tabaco-liar,nacional,14.5
Forever Gold Storm Jess Pirate (50 g),tabaco-liar,nacional,5.75
Forever Gold Storm Jess Pirate (50 g) CM,tabaco-liar,nacional,3.75
Forever Gold Storm Pinkman (200 g),tabaco-liar,nacional,22
Forever Gold Storm Pinkman (200 g) CM,tabaco-liar,nacional,14.5
Forever Gold Storm Pinkman (50 g),tabaco-liar,nacional,5.75
Forever Gold Storm The Cave (200 g),tabaco-liar,nacional,22
Forever Gold Storm The Cave (200 g) CM,tabaco-liar,nacional,14.5
Forever Gold Storm The Cave (50 g),tabaco-liar,nacional,5.75
Forever Gold Storm The Cave (50 g) CM,tabaco-liar,nacional,3.75
Forever Gold Timothy (200 g),tabaco-liar,nacional,19
Forever Gold Timothy (50 g),tabaco-liar,nacional,4.95
Forever Gold Wake Up (200 g),tabaco-liar,nacional,19
Forever Gold Wake Up (50 g),tabaco-liar,nacional,4.95
Forever Gold White Night (200 g),tabaco-liar,nacional,19
FORMULA Formula Tomahawk XXXL (El envase de 5),otros,nacional,1.5
Fortuna (30 g),tabaco-liar,nacional,7.1
Fortuna (Red Line) 21 Limited Edition (21),cigarrillos,nacional,4.95
Fortuna 100's Largo,otros,nacional,4.5
Fortuna 180 c.para liar/entubar (90 g),tabaco-liar,nacional,21.1
Fortuna 23,otros,nacional,5.7
Fortuna 29,otros,nacional,7
Fortuna 37,otros,nacional,9.05
Fortuna 46 Limited Edition (46),cigarrillos,nacional,11.2
Fortuna Cubo 80 g para Liar/Entubar (80 g),tabaco-liar,nacional,18.15
Fortuna Fresh,otros,nacional,4.6
Fortuna GLide Tec Blue,otros,nacional,4.45
Fortuna GO 23,otros,nacional,5.75
Fortuna GO 29,otros,nacional,7.8
Fortuna GO 37,otros,nacional,9.85
Fortuna GO 46,otros,nacional,11.9
Fortuna GO 50s (50),cigarrillos,nacional,12
Fortuna Go Blando (20),cigarrillos,nacional,5.5
Fortuna GO KS (20),cigarrillos,nacional,5.5
Fortuna GO Largo (20),cigarrillos,nacional,5.5
Fortuna GO Pocket (20),cigarrillos,nacional,5.65
Fortuna Menthol Duro CM,otros,nacional,2.85
Fortuna Original  Blue (Azul) 20,otros,nacional,5.95
Fortuna Original  Blue (Azul) 20 CM,otros,nacional,3.9
Fortuna Original (20),cigarrillos,nacional,5.95
Fortuna Original (20) CM,cigarrillos,nacional,3.9
Fortuna Original 22,otros,nacional,6.1
Fortuna Original 23 CM,otros,nacional,4.25
Fortuna Original 24,otros,nacional,6.15
Fortuna Original 40 Limited Edition (40),cigarrillos,nacional,10.35
Fortuna Original Blando (20),cigarrillos,nacional,5.95
Fortuna Original Blando (20) CM,cigarrillos,nacional,3.9
Fortuna Original Fresh,otros,nacional,5.75
Fortuna Original Silver (20),cigarrillos,nacional,5.95
Fortuna para liar/entubar (190 g),tabaco-liar,nacional,44.55
Fortuna para liar/entubar (54 g),tabaco-liar,nacional,12.5
Fortuna Plata Duro CM,otros,nacional,1.9
Fortuna Pocket Corto,otros,nacional,5.4
Fortuna Red Line,otros,nacional,5.2
Fortuna Red Line 100,otros,nacional,4.95
Fortuna Red Line 23,otros,nacional,5.45
Fortuna Red Line Blando,otros,nacional,5.1
Fortuna XS (Queen Size) (20),cigarrillos,nacional,5.1
FRATELLO Fratello Bianco I C(20),cigarrillos,nacional,9.4
FRATELLO Fratello Bianco III C(20),cigarrillos,nacional,9.8
FRATELLO Fratello Classico Robusto C(20),cigarrillos,nacional,9.2
FRATELLO Fratello Classico Timacle C(20),cigarrillos,nacional,9.9
FRATELLO Navetta Atlantis (20),cigarrillos,nacional,11.4
FRATELLO Navetta Enterprise (20),cigarrillos,nacional,11.9
Fraternite Rouge (20),cigarrillos,nacional,4.5
Free Jack (120 g),tabaco-liar,nacional,13.7
Free Jack (15 g),tabaco-liar,nacional,2.35
Free Jack (25 g),tabaco-liar,nacional,4
Free Jack (30 g),tabaco-liar,nacional,3.45
Free Jack (50 g),tabaco-liar,nacional,7.9
Free Jack (70 g),tabaco-liar,nacional,7.95
Frérot (1000 g),tabaco-liar,nacional,66.5
Frérot (120 g),tabaco-liar,nacional,10.05
Frérot (30 g),tabaco-liar,nacional,2.65
Frérot (500 g),tabaco-liar,nacional,39.99
Fribourg & Treyer 34th Mixture (50 g),tabaco-liar,nacional,19.8
Fribourg & Treyer Cut Virginia Plug (Flake) (50 g),tabaco-liar,nacional,24.95
Fribourg & Treyer Special Brown Flake (50 g),tabaco-liar,nacional,24.5
Fribourg & Treyer Vintage (Flake) (50 g),tabaco-liar,nacional,24
Fribourg & Treyer Waterloo 2 (50 g),tabaco-liar,nacional,20.5
Fribourg & Treyer Wingate Mixture (50 g),tabaco-liar,nacional,20
Fumari Amorosa (100 g),tabaco-liar,nacional,12
Fumari Belgian Chill (100 g),tabaco-liar,nacional,12
Fumari Ceylon Chi (100 g),tabaco-liar,nacional,12
Fumari Golden West (100 g),tabaco-liar,nacional,12
Fumari Island Playa (100 g),tabaco-liar,nacional,12
Fumari Lumin Freeze (100 g),tabaco-liar,nacional,12
Fumari Maison Bleu (100 g),tabaco-liar,nacional,12
Fumari Original White Bear (100 g),tabaco-liar,nacional,12
Fumari Prickly Oasis (100 g),tabaco-liar,nacional,12
Fumari Sorrentocello (100 g),tabaco-liar,nacional,12
Fumari Tango Melange (100 g),tabaco-liar,nacional,12
Fumari Via Lattea (100 g),tabaco-liar,nacional,12
Fumari Wild Beach (100 g),tabaco-liar,nacional,12
G.L. Pease Cairo (57 g),tabaco-liar,nacional,44
G.L. Pease Odissey (57 g),tabaco-liar,nacional,44
G.L. Pease Quiet Nights (57 g),tabaco-liar,nacional,44
G.L. Pease Spark Plug (57 g),tabaco-liar,nacional,44
G.L. Pease Union Square (57 g),tabaco-liar,nacional,44
G.L. Pease Westminster (57 g),tabaco-liar,nacional,44
G.L. Pease Windjammer (57 g),tabaco-liar,nacional,44
GAUDI Gaudi 5 X 52 (20),cigarrillos,nacional,21
GAUDI Gaudi 6 X 56 (20),cigarrillos,nacional,28
Gauloises Brunes,otros,nacional,6.35
Gauloises Melange Original (40 g),tabaco-liar,nacional,10.05
Gauloises Rubio Amarillo,otros,nacional,5.85
Gauloises Rubio Azul,otros,nacional,5.85
Gauloises Rubio Azul 24,otros,nacional,6.65
Gauloises Rubio Azul CM,otros,nacional,2.65
Gauloises Rubio Rojo,otros,nacional,5.85
Gauloises Rubio Rojo 24,otros,nacional,6.65
Gawith Original (10 g),tabaco-liar,nacional,2.5
Gawith Original (10 g) CM,tabaco-liar,nacional,2
George Karelias And Sons Selected Virginia (20),cigarrillos,nacional,5
George Karelias And Sons Selected Virginia (20) CM,cigarrillos,nacional,3
GH LA GRAN FUMA 40X4 1/16 (25),cigarrillos,nacional,0.95
GH LA GRAN FUMA 42x5 1/8 (25),cigarrillos,nacional,0.95
GH LA GRAN FUMA 52X5 7/8 (25),cigarrillos,nacional,0.95
GH LA GRAN FUMA 52X6 1/8 (25),cigarrillos,nacional,0.95
Gitanes Cortos Con Filtro Duro,otros,nacional,7
Gitanes Cortos Sin Filtro Duro,otros,nacional,7
Gladora Pesse Canoe Tin Blue Pearl (50 g),tabaco-liar,nacional,14.5
Gladora Pesse Canoe Tin Neon Pearl (50 g),tabaco-liar,nacional,14.5
Gladora Pesse Canoe Tin Purple Pearl (50 g),tabaco-liar,nacional,14.5
Gladora Tobacco Pesse Canoe Brown (50g),tabaco-liar,nacional,8.9
Gladora Tobacco Pesse Canoe Red (50g),tabaco-liar,nacional,8.9
Gladora Tobacco Pesse Canoe Tin Latakia Flake #20 (50g),tabaco-liar,nacional,14.6
Gladora Tobacco Pesse Canoe Tin Latakia Flake #40 (50g),tabaco-liar,nacional,14.9
Gladora Tobacco Pesse Canoe Tin Oriental Flake (50g),tabaco-liar,nacional,14.3
Gladora Tobacco Pesse Canoe Yellow (50g),tabaco-liar,nacional,8.9
Gletscherprise (10 g),tabaco-liar,nacional,2.5
Gletscherprise (10 g) CM,tabaco-liar,nacional,2
Global Blue,otros,nacional,4
Global Red,otros,nacional,4
GOLD Century (El envase de 20),otros,nacional,3.6
Gold Coast Red (20),cigarrillos,nacional,5.55
Gold Coast Red 100s (20),cigarrillos,nacional,5.25
Gold Coast Red 22s (22),cigarrillos,nacional,5.5
GOLD Fine (El envase de 10),otros,nacional,2.1
Gold Leaf (50 g),tabaco-liar,nacional,14.45
Gold Leaf 5x50g (50 g),tabaco-liar,nacional,14.45
Gold Leaf Edición Limitada Summer Rizla (50 g),tabaco-liar,nacional,14.55
GOLD Vanilla (El envase de 10),otros,nacional,2.1
Golden Blend S Amaretto (50 g),tabaco-liar,nacional,4.1
Golden Blend's Nº 1 (50 g),tabaco-liar,nacional,5.3
Golden Blend's Virginia (40 g),tabaco-liar,nacional,6.6
Golden Blend's Virginia Green (50 g),tabaco-liar,nacional,8.5
Golden Monkey,otros,nacional,3.95
Golden Virginia (25 g),tabaco-liar,nacional,4.55
Golden Virginia (30 g),tabaco-liar,nacional,6.8
Golden Virginia (50 g),tabaco-liar,nacional,15.5
Golden Virginia (50 g) CM,tabaco-liar,nacional,9.5
Golden Virginia 5x50 G (50 g),tabaco-liar,nacional,15.5
Golden Virginia Amber (40 g),tabaco-liar,nacional,11.5
Golden Virginia edición Limitada Summer Rizla (50 g),tabaco-liar,nacional,15.6
Golden Virginia Yellow (50 g),tabaco-liar,nacional,15.3
Golden Virginia Yellow (50 g) CM,tabaco-liar,nacional,4.6
GOYA Cetros,otros,nacional,3.3
GOYA Coronas,otros,nacional,3
GOYA Gran Coronas,otros,nacional,3.8
GOYA Nº 1,otros,nacional,4
GOYA Nº 3,otros,nacional,3
GOYA Nº 4,otros,nacional,2.4
GOYA Reales,otros,nacional,3.1
GRAND NICA Caprichos Petit (25),cigarrillos,nacional,0.65
GRAND NICA Caprichos Robustos (25),cigarrillos,nacional,0.65
GRAND NICA Caprichos Torpedo (25),cigarrillos,nacional,0.65
GRAND NICA Churchill Tubo (25),cigarrillos,nacional,2.2
GRAND NICA Corona Tubo (25),cigarrillos,nacional,1.9
GRANGER Red Originals (el envase de 14),otros,nacional,3.4
GRANGER Yellow Originals (el envase de 14),otros,nacional,3.4
GUANTANAMERA Cristales (25),cigarrillos,nacional,2.1
GUANTANAMERA Cristales (25) CM,cigarrillos,nacional,1.8
GUANTANAMERA Cristales (5),otros,nacional,2.1
GUANTANAMERA Cristales (5) CM,otros,nacional,1.8
GUANTANAMERA Decimos (10),cigarrillos,nacional,1.5
GUANTANAMERA Decimos (10) CM,cigarrillos,nacional,1.3
GUANTANAMERA Puritos (5),otros,nacional,0.75
GUANTANAMERA Puritos (5) CM,otros,nacional,0.65
GUILLERMO RICO Connecticut Gran Corona (20),cigarrillos,nacional,3.15
GUILLERMO RICO Connecticut Gran Robusto (20),cigarrillos,nacional,5.55
GUILLERMO RICO Connecticut Pyramid (20),cigarrillos,nacional,3.75
GUILLERMO RICO Corojo Gran Corona (20),cigarrillos,nacional,3.15
GUILLERMO RICO Corojo Gran Robusto (20),cigarrillos,nacional,5.55
GUILLERMO RICO Criollo Gran Corona (20),cigarrillos,nacional,3.15
GUILLERMO RICO Criollo Gran Robusto (20),cigarrillos,nacional,5.55
GULIVER Guliver Black & White (El envase de 4),otros,nacional,2.5
GURKHA Cellar 12  Y Platinum Hedonism G. Robusto (20),cigarrillos,nacional,12.9
GURKHA Cellar 12Y Platinum Solara Dbl Robusto (20),cigarrillos,nacional,12
GURKHA Cellar 15Y Koi Perfecto (20),cigarrillos,nacional,11
GURKHA Cellar 15Y Limitada Hedonism (20),cigarrillos,nacional,16
GURKHA Cellar 15Y Limitada Solara (20),cigarrillos,nacional,14
GURKHA Ghost Asura (21),cigarrillos,nacional,10.5
GURKHA Ghost Asura Estuche (5),otros,nacional,9.5
GURKHA Ghost Shadow (21),cigarrillos,nacional,9.4
GURKHA Gurkha 15Y Solara (10),cigarrillos,nacional,12.95
GURKHA Gurkha 15Y Solara Mazo (6),otros,nacional,12.95
GURKHA Gurkha 18Y Solara Mazo (6),otros,nacional,15.5
GURKHA Gurkha Cellar 12Y Hedonism (6),otros,nacional,12.9
GURKHA Gurkha Cellar 12Y Solara (6),otros,nacional,10.9
GURKHA Gurkha Cellar 12Y Tubo Hedonism (3),otros,nacional,17.9
GURKHA Gurkha Cellar 15Y Hedonism (20),cigarrillos,nacional,15.5
GURKHA Gurkha Cellar 15Y Solara (20),cigarrillos,nacional,14
GURKHA Gurkha Cellar 15Y Tubo Hedonism (20),cigarrillos,nacional,18.59
GURKHA Gurkha Cellar 18Y  Koi C20,otros,nacional,13
GURKHA Gurkha Cellar 18Y Hedonism (20),cigarrillos,nacional,16.95
GURKHA Gurkha Cellar 18Y Solara (20),cigarrillos,nacional,16
GURKHA Gurkha Cellar 21Y Solara (20),cigarrillos,nacional,17
GURKHA Gurkha Cellar Reserva Kraken Wood 3PK (El envase de 3),otros,nacional,70.5
GURKHA Gurkha Cellar Reserva Xo Acrylic 3PK (El envase de 3),otros,nacional,64.5
GURKHA Gurkha Fat Boy 4x60 C(20),cigarrillos,nacional,11
GURKHA Gurkha Fat Boy 5x66 C(20),cigarrillos,nacional,12.5
GURKHA Gurkha Ghost Gold Shadow C (21),cigarrillos,nacional,9.4
GURKHA Gurkha Heritage Maduro Robusto (24),cigarrillos,nacional,11.8
GURKHA Gurkha Heritage Maduro Robusto C(15),cigarrillos,nacional,11.8
GURKHA Gurkha Heritage Maduro Robusto Corto (24),cigarrillos,nacional,8.8
GURKHA Gurkha Heritage Maduro Robusto Corto C(15),cigarrillos,nacional,8.8
GURKHA Gurkha Heritage Natural Toro (24),cigarrillos,nacional,12.5
GURKHA Gurkha Heritage Robusto (24),cigarrillos,nacional,11.8
GURKHA Gurkha Heritage Robusto C(15),cigarrillos,nacional,11.8
GURKHA Gurkha Heritage Robusto Corto C(15),cigarrillos,nacional,8.8
GURKHA Gurkha Royal Challenge Tubo Toro (3),otros,nacional,13.6
GURKHA Gurkha Sampler Packs Toro Dominican Republic M(El envase de 6),otros,nacional,65
GURKHA Gurkha Sampler Packs Toro Nicaragua Blue M(El envase de 6),otros,nacional,59
GURKHA Gurkha Sampler Packs Toro Nicaragua M(El envase de 6),otros,nacional,59
GURKHA Gurkha Special Edition Beauty 25th Anniversary C(25),cigarrillos,nacional,40
GURKHA Heritage Robusto Corto (24),cigarrillos,nacional,8.8
GURKHA Legend 1959 Robusto (20),cigarrillos,nacional,7.9
H.UPMANN Connoisseur Nº 1 (25),cigarrillos,nacional,17.1
H.UPMANN Connoisseur Nº 1 (25) CM,cigarrillos,nacional,14.45
H.UPMANN Connossieur A (25),cigarrillos,nacional,23
H.UPMANN Connossieur B (25),cigarrillos,nacional,25.6
H.UPMANN Coronas Junior T/Alum (25),cigarrillos,nacional,7.4
H.UPMANN Coronas Junior T/Alum (25) CM,cigarrillos,nacional,6.25
H.UPMANN Coronas Major T/Alum (25),cigarrillos,nacional,9.4
H.UPMANN Coronas Major T/Alum (25) CM,cigarrillos,nacional,7.95
H.UPMANN Epicures (25),cigarrillos,nacional,5.4
H.UPMANN Epicures (25) CM,cigarrillos,nacional,4.6
H.UPMANN H. Upmann Magnum 52 Año Chino (18),cigarrillos,nacional,92.7
H.UPMANN H. Upmann Magnum Finite E. L. 2024 (25),cigarrillos,nacional,51.5
H.UPMANN H. Upmann Super Magnum LCDH (20),cigarrillos,nacional,345.1
H.UPMANN H. Upmann Upmann No. 2 Selección 2022 (22),cigarrillos,nacional,32.5
H.UPMANN H.Upmann Connossieur No.2 (25),cigarrillos,nacional,20.1
H.UPMANN H.Upmann Regalias (5),otros,nacional,11.9
H.UPMANN Half Corona (25),cigarrillos,nacional,6.7
H.UPMANN Half Corona (25) CM,cigarrillos,nacional,5.7
H.UPMANN Half Corona (El envase de 5),otros,nacional,35
H.UPMANN Magnum 46 (25),cigarrillos,nacional,19
H.UPMANN Magnum 46 (25) CM,cigarrillos,nacional,16.1
H.UPMANN Magnum 46 (3),otros,nacional,19
H.UPMANN Magnum 46 (3) CM,otros,nacional,16.1
H.UPMANN Magnum 46 Tubo (3),otros,nacional,19.7
H.UPMANN Magnum 46 Tubo (3) CM,otros,nacional,16.7
H.UPMANN Magnum 50 (25),cigarrillos,nacional,23.1
H.UPMANN Magnum 50 (25) CM,cigarrillos,nacional,19.5
H.UPMANN Magnum 50 Caja (10),cigarrillos,nacional,23.1
H.UPMANN Magnum 50 Caja (10) CM,cigarrillos,nacional,19.5
H.UPMANN Magnum 50 Serie Sevilla (el envase de 21),otros,nacional,527.1
H.UPMANN Magnum 50 Tubo (3),otros,nacional,23.8
H.UPMANN Magnum 50 Tubo (3) CM,otros,nacional,20.1
H.UPMANN Magnum 54 (10),cigarrillos,nacional,20.5
H.UPMANN Magnum 54 (25),cigarrillos,nacional,20.5
H.UPMANN Magnum 54 T (3),otros,nacional,21.2
H.UPMANN Noellas (LCDH)  (25),cigarrillos,nacional,20.6
H.UPMANN Petit Coronas (25),cigarrillos,nacional,9.5
H.UPMANN Petit Coronas (25) CM,cigarrillos,nacional,8.05
H.UPMANN Propios Edición Limitada 2018 (25),cigarrillos,nacional,33
H.UPMANN Regalías (25) N W,cigarrillos,nacional,10.7
H.UPMANN Regalías (25) N W CM,cigarrillos,nacional,9.1
H.UPMANN Royal Robusto (10),cigarrillos,nacional,19.1
H.UPMANN Sir Winston (25),cigarrillos,nacional,29.9
H.UPMANN Sir Winston (25) CM,cigarrillos,nacional,25.3
H.UPMANN Upmann Nº 2 (25),cigarrillos,nacional,21.9
H.UPMANN Upmann Nº 2 (25) CM,cigarrillos,nacional,18.5
H.W. CAFÉ CRÈME Café Crème Filter Arome (El Envase de 20),otros,nacional,5.2
H.W. CAFÉ CRÈME Café Crème Filter Arome (El Envase de 20) CM,otros,nacional,4.85
H.W. CAFÉ CRÈME Café Crème Finos French Vanilla (El envase de 20),otros,nacional,4
H.W. CAFÉ CRÈME Café Crème Finos French Vanilla (El envase de 20) CM,otros,nacional,3.6
H.W. CAFÉ CRÈME Café Crème Finos Italian Macchiato (El envase de 20),otros,nacional,4
H.W. CAFÉ CRÈME Café Crème Finos Italian Macchiato (El envase de 20) CM,otros,nacional,3.6
H.W. CAFÉ CRÈME Filter & Flavour Caramel Cream 10 (El envase de 10),otros,nacional,2.6
H.W. CAFÉ CRÈME Filter & Flavour Caramel Cream 10 (El envase de 10) CM,otros,nacional,2.3
H.W. CAFÉ CRÈME Filter & Flavour Espresso Rumtwis 10 (El envase de 10),otros,nacional,2.6
H.W. CAFÉ CRÈME Filter & Flavour Espresso Rumtwis 10 (El envase de 10) CM,otros,nacional,2.3
H.W. CAFÉ CRÈME Filter & Flavour Vanilla Honeyswirl 10 (El envase de 10),otros,nacional,2.6
H.W. CAFÉ CRÈME Filter & Flavour Vanilla Honeyswirl 10 (El envase de 10) CM,otros,nacional,2.3
H.W. CAFÉ CRÈME Filter & Flavour X3 (El envase de 3),otros,nacional,0.75
H.W. CAFÉ CRÈME Filter & Flavour X3 (El envase de 3) CM,otros,nacional,0.75
H.W. CAFÉ CRÈME Finos Beige (el envase de 10),otros,nacional,2
H.W. CAFÉ CRÈME Finos Filter Blue (El envase de 10) CM,otros,nacional,1.6
HACIENDA DOS SANTOS Coronas (25),cigarrillos,nacional,2
HACIENDA DOS SANTOS Gran Reserva (25),cigarrillos,nacional,2.25
HACIENDA DOS SANTOS Tubos (20),cigarrillos,nacional,2.3
"""HACIENDA LIBERTAD Campana """"C"""" (25)""",cigarrillos,nacional,7.95
"""HACIENDA LIBERTAD Coronas Gordas """"C"""" (25)""",cigarrillos,nacional,7.35
HACIENDA LIBERTAD Coronas Grandes (25),cigarrillos,nacional,7.35
"""HACIENDA LIBERTAD Robustos """"C"""" (25)""",cigarrillos,nacional,7.65
HACIENDA VERACRUZ Media Corona (12),cigarrillos,nacional,0.85
HACIENDA VERACRUZ Short Robusto (12),cigarrillos,nacional,0.9
HACIENDA VERACRUZ Sublimes (En caja de caoba de 50),otros,nacional,2.6
HACIENDA VERACRUZ Sublimes (En caja de cedro de 50),otros,nacional,2.6
Half & Half (50 g),tabaco-liar,nacional,8.1
Half & Half (50 g) CM,tabaco-liar,nacional,7.7
HAMLET Fine Aroma (El envase de 20),otros,nacional,3.6
HAMLET Fine Aroma Filter (El envase de 20),otros,nacional,3.6
HAMLET Fine Aroma Filter Mini (El envase de 5),otros,nacional,1
HAMLET Fine Cigars (El envase de 5),puros,nacional,3.95
HAMLET Miniatures (El Envase de 10),otros,nacional,2.65
HAMLET Pocket (El envase de 20),otros,nacional,3
HAMLET Pocket Filters (El envase de 20),otros,nacional,3
Hampton (20 g),tabaco-liar,nacional,1.7
Hampton (20 g) CM,tabaco-liar,nacional,1.3
Hampton (30 g),tabaco-liar,nacional,2.65
Hampton (30 g) CM,tabaco-liar,nacional,2
Hampton American Blend (30 g),tabaco-liar,nacional,4.95
Hampton Max (25 g),tabaco-liar,nacional,2.3
Hampton Max (35 g),tabaco-liar,nacional,3.75
Hampton Max (90 g),tabaco-liar,nacional,7.5
Hampton Pipe Gold (12 g),tabaco-liar,nacional,1.1
Hampton Pipe Gold (20 g),tabaco-liar,nacional,1.7
Hampton Pipe Green (12 g),tabaco-liar,nacional,1.15
Hampton Pipe Green (12 g) CM,tabaco-liar,nacional,1
Hampton Pipe Negro (100 g),tabaco-liar,nacional,9
Hampton Pipe Negro (100 g) CM,tabaco-liar,nacional,7.2
Hampton Pipe Negro (30 g),tabaco-liar,nacional,2.9
Hampton Pipe's Tobacco (150 g),tabaco-liar,nacional,11.5
Hampton Pipe's Tobacco (60 g),tabaco-liar,nacional,5.35
Hampton Pipe's Tobacco (60 g) CM,tabaco-liar,nacional,4.2
Hampton Pure Pipe (10 g),tabaco-liar,nacional,1
Hampton Pure Pipe (12 g),tabaco-liar,nacional,1.1
Hampton Pure Pipe (12 g) CM,tabaco-liar,nacional,1
Hampton's Pipe Green (30 g),tabaco-liar,nacional,3.3
HANDELSGOLD Classic Cigarritos (el envase de 4),cigarrillos,nacional,0.8
HANDELSGOLD Gold Cigarritos (el envase de 4),cigarrillos,nacional,0.8
HANDELSGOLD Handelsgold Blond Cigarritos (El envase de 5),cigarrillos,nacional,1.2
HANDELSGOLD Handelsgold Blond Cigarritos (El envase de 5) CM,cigarrillos,nacional,0.9
HANDELSGOLD Handelsgold Brown (El envase de 5),otros,nacional,1.2
HANDELSGOLD Handelsgold Brown (El envase de 5) CM,otros,nacional,0.9
HANDELSGOLD Handelsgold Classic Cigarritos (El envase de 5),cigarrillos,nacional,1.2
HANDELSGOLD Handelsgold Classic Cigarritos (El envase de 5) CM,cigarrillos,nacional,0.9
HANDELSGOLD Handelsgold Fine Corona (El envase de 5),otros,nacional,2.5
HANDELSGOLD Handelsgold Purple Cigarritos (El envase de 5),cigarrillos,nacional,1.2
HANDELSGOLD Handelsgold Summer (El envase de 5),otros,nacional,1.2
HANDELSGOLD Handelsgold Sun Cigarritos (El envase de 5),cigarrillos,nacional,1.2
HANDELSGOLD Handelsgold White (El envase de 5),otros,nacional,1.2
HANDELSGOLD Handelsgold White (El envase de 5) CM,otros,nacional,0.9
HANDELSGOLD No.100 (El envase de 10),otros,nacional,2
HANDELSGOLD No.100 (El envase de 10) CM,otros,nacional,1.8
Harbour Red (150 g),tabaco-liar,nacional,11
Harbour Red (20 g),tabaco-liar,nacional,1.5
Harbour Red (500 g),tabaco-liar,nacional,35.9
Hater Cheater (50 g),tabaco-liar,nacional,3.5
Hater Fan Boy (50 g),tabaco-liar,nacional,3.5
Hater Hype (50 g),tabaco-liar,nacional,3.95
Hater Noob (50 g),tabaco-liar,nacional,3.5
Hater Omg (50 g),tabaco-liar,nacional,3.95
Hater Rat Boy (50 g),tabaco-liar,nacional,3.5
Hater Shooter (50 g),tabaco-liar,nacional,3.5
Hater Wtf (50 g),tabaco-liar,nacional,3.5
HAVERA Havera (El envase de 20),otros,nacional,2.8
Haze Banarama (200 g),tabaco-liar,nacional,17.5
Haze Banarama (200 g) CM,tabaco-liar,nacional,11.5
Haze Banarama (50 g),tabaco-liar,nacional,4.8
Haze Chaitastic (200 g),tabaco-liar,nacional,17.5
Haze Chaitastic (200 g) CM,tabaco-liar,nacional,11.5
Haze Chaitastic (50 g),tabaco-liar,nacional,4.8
Haze Cotton Clouds (200 g),tabaco-liar,nacional,17.5
Haze Cotton Clouds (200 g) CM,tabaco-liar,nacional,11.5
Haze Cotton Clouds (50 g),tabaco-liar,nacional,4.8
Haze Cotton Clouds (50 g) CM,tabaco-liar,nacional,3.35
Haze Double Bubble (200 g),tabaco-liar,nacional,17.5
Haze Double Bubble (50 g),tabaco-liar,nacional,4.8
Haze Double Bubble (50 g) CM,tabaco-liar,nacional,2.5
Haze Frozz Lakes (200 g),tabaco-liar,nacional,17.5
Haze Frozz Lakes (50 g),tabaco-liar,nacional,4.8
Haze Frozz Lakes (50 g) CM,tabaco-liar,nacional,3.35
Haze Line It Up (200 g),tabaco-liar,nacional,17.5
Haze Line It Up (200 g) CM,tabaco-liar,nacional,11.5
Haze Line It Up (50 g),tabaco-liar,nacional,4.8
Haze Line It Up (50 g) CM,tabaco-liar,nacional,3.35
Haze Nice Dreams (200 g),tabaco-liar,nacional,17.5
Haze Nice Dreams (50 g),tabaco-liar,nacional,4.8
Haze Oh Boy Explosion (200 g),tabaco-liar,nacional,17.5
Haze Oh Boy Explosion (50 g),tabaco-liar,nacional,4.8
Haze Oh Boy Explosion (50 g) CM,tabaco-liar,nacional,2.5
Haze Ohh Chata (200 g),tabaco-liar,nacional,17.5
Haze Ohh Chata (50 g),tabaco-liar,nacional,4.8
Haze Pacoca (200 g),tabaco-liar,nacional,17.5
Haze Pacoca (50 g),tabaco-liar,nacional,4.8
Haze Pacoca (50 g) CM,tabaco-liar,nacional,2.5
Haze Pine Krush (200 g),tabaco-liar,nacional,17.5
Haze Pine Krush (200 g) CM,tabaco-liar,nacional,11.5
Haze Pine Krush (50 g),tabaco-liar,nacional,4.8
Haze Pine Krush (50 g) CM,tabaco-liar,nacional,3.35
Haze Pump King Pleasure (200 g),tabaco-liar,nacional,17.5
Haze Pump King Pleasure (50 g),tabaco-liar,nacional,4.8
Haze Pump King Pleasure (50 g) CM,tabaco-liar,nacional,3.35
Haze Purple Krush (200 g),tabaco-liar,nacional,17.5
Haze Purple Krush (50 g),tabaco-liar,nacional,4.8
Haze Purple Krush (50 g) CM,tabaco-liar,nacional,3.35
Haze Qcumberita (200 g),tabaco-liar,nacional,17.5
Haze Qcumberita (200 g) CM,tabaco-liar,nacional,11.5
Haze Qcumberita (50 g),tabaco-liar,nacional,4.8
Haze Qcumberita (50 g) CM,tabaco-liar,nacional,3.35
Haze Sinful (200 g),tabaco-liar,nacional,17.5
Haze Sinful (50 g),tabaco-liar,nacional,4.8
Haze Sinful (50 g) CM,tabaco-liar,nacional,2.5
Haze Squeeze Yellow (200 g),tabaco-liar,nacional,17.5
Haze Squeeze Yellow (50 g),tabaco-liar,nacional,4.8
Haze Squeeze Yellow (50 g) CM,tabaco-liar,nacional,3.35
Haze Subzero (200 g),tabaco-liar,nacional,17.5
Haze Subzero (200 g) CM,tabaco-liar,nacional,11.5
Haze Subzero (50 g),tabaco-liar,nacional,4.8
Haze Subzero (50 g) CM,tabaco-liar,nacional,3.35
Haze Wam (200 g),tabaco-liar,nacional,17.5
Haze Wam (50 g),tabaco-liar,nacional,4.8
Haze Wam (50 g) CM,tabaco-liar,nacional,2.5
Heets Marlboro Amber Label (El envase de 20),otros,nacional,4.85
HELIOS Capote Mini Club Capa Natural (El envase de 20),otros,nacional,4.4
HELIOS Coronitas (20),cigarrillos,nacional,0.15
HELIOS Tipavana,otros,nacional,0.2
HENRI WINTERMANS Café Crème (El envase de 10),otros,nacional,2
HENRI WINTERMANS Café Crème (El Envase de 5),otros,nacional,1.4
HENRI WINTERMANS Café Crème Arome  (El Envase de 5),otros,nacional,1.4
HENRI WINTERMANS Café Crème Blue (El Envase de 5),otros,nacional,1.4
HENRI WINTERMANS Café Creme Filter & Coffee (El envase de 10),otros,nacional,2.6
HENRI WINTERMANS Café Creme Filter & Cream (El envase de 10),otros,nacional,2.6
HENRI WINTERMANS Café Creme Filter & Vanilla (El envase de 10),otros,nacional,2.6
HENRI WINTERMANS Café Crème Filter (El envase de 5),otros,nacional,1.35
HENRI WINTERMANS Half Corona (5),otros,nacional,1.72
HENRI WINTERMANS Half Corona (5) CM,otros,nacional,1.64
HENRI WINTERMANS Slim Panatella (El Envase de 50),otros,nacional,31
HENRY CLAY Henry Clay War Hawk Combo España (El envase de 50),otros,nacional,359.25
HENRY CLAY Henry Clay War Hawk Corona (25),cigarrillos,nacional,5.9
HENRY CLAY Henry Clay War Hawk Lonsdale (25),cigarrillos,nacional,7.75
HENRY CLAY Henry Clay War Hawk Robusto (25),cigarrillos,nacional,7.45
HENRY CLAY Henry Clay War Hawk Short (25),cigarrillos,nacional,4.4
HENRY CLAY Henry Clay War Hawk Toro (25),cigarrillos,nacional,8.15
Herencia Blando,otros,nacional,6.35
Herencia Blando CM,otros,nacional,4.45
Herencia Duro,otros,nacional,6.35
Herencia Palmera,otros,nacional,4.8
HERENCIA PALMERA Brevas 25 (25),cigarrillos,nacional,0.6
HERENCIA PALMERA Puritos 25 (25),cigarrillos,nacional,0.4
HERENCIA PALMERA Señoritas 25 (25),cigarrillos,nacional,0.5
Holger Danske Amber Magic (40 g),tabaco-liar,nacional,3.9
Holger Danske Black and B. (50 g),tabaco-liar,nacional,5.65
Holger Danske Golden Harmony (50 g),tabaco-liar,nacional,4.5
Holger Danske Original Tobacco (40 g),tabaco-liar,nacional,3.9
Holger Danske Ruby Melange (50 g),tabaco-liar,nacional,4.5
Holger Danske Sunny Delight (50 g),tabaco-liar,nacional,4.5
HOLLANDIA Cigarritos (El envase de 20),cigarrillos,nacional,3.8
HOLLANDIA Cigarritos (El envase de 20) CM,cigarrillos,nacional,3.34
HOLLANDIA Pequeñito Aroma (El envase de 20),otros,nacional,3.2
HOLLANDIA Pequeñito Aroma (El envase de 20) CM,otros,nacional,2.8
HOLLANDIA Pequeñito Classic (El envase de 20),otros,nacional,3.2
HOLLANDIA Pequeñito Classic (El envase de 20) CM,otros,nacional,3.1
HOLLANDIA Selected Cigars Cigarritos (El envase de 20),cigarrillos,nacional,4.35
HOLLANDIA Selected Cigars Cigarritos (El envase de 20) CM,cigarrillos,nacional,3.8
HOLLANDIA Selected Cigars Mini (El envase de 20),puros,nacional,3.3
HOLLANDIA Selected Cigars Mini Aroma (El envase de 20),puros,nacional,3.6
HOLLANDIA Selected Cigars Mini Aroma (El envase de 20) CM,puros,nacional,3.1
Holster Blody Punch (200 g),tabaco-liar,nacional,17.95
Holster Blody Punch (50 g),tabaco-liar,nacional,4.8
Holster Blue Punch (200 g),tabaco-liar,nacional,17.95
Holster Blue Punch (50 g),tabaco-liar,nacional,4.8
Holster Bono (200 g),tabaco-liar,nacional,17.95
Holster Bono (50 g),tabaco-liar,nacional,4.8
Holster GP 2.0 Classic (200 g),tabaco-liar,nacional,17.95
Holster GP 2.0 Classic (50 g),tabaco-liar,nacional,4.8
Holster IZ Bomb (200 g),tabaco-liar,nacional,17.95
Holster Iz Bomb (50 g),tabaco-liar,nacional,4.8
Holster Iz Finger (200 g),tabaco-liar,nacional,17.95
Holster Iz Finger (50 g),tabaco-liar,nacional,4.8
Holster IZ Kactuz (200 g),tabaco-liar,nacional,17.95
Holster Iz Kactuz (50 g),tabaco-liar,nacional,4.8
Holster Iz Kaktuz (975 g),tabaco-liar,nacional,67
Holster Iz Kaktuz (995 g),tabaco-liar,nacional,86
Holster Lee Punch (200 g),tabaco-liar,nacional,17.95
Holster Lee Punch (50 g),tabaco-liar,nacional,4.8
Holster Miss Joosy (200 g),tabaco-liar,nacional,17.95
Holster Miss Joosy (50 g),tabaco-liar,nacional,4.8
Holster Miss Joosy (975 g),tabaco-liar,nacional,67
Holster Miss Joosy (995 g),tabaco-liar,nacional,86
Holster MR John (200 g),tabaco-liar,nacional,17.95
Holster MR John (50 g),tabaco-liar,nacional,4.8
Holster Mr. C (200 g),tabaco-liar,nacional,17.95
Holster Mr. C (50 g),tabaco-liar,nacional,4.8
Holster Noir Charly Punch (200 g),tabaco-liar,nacional,20.95
Holster Noir Charly Punch (50 g),tabaco-liar,nacional,5.5
Holster Noir Iz Kaktuz (200 g),tabaco-liar,nacional,20.95
Holster Noir Iz Kaktuz (50 g),tabaco-liar,nacional,5.5
Holster Noir Miss Joosy (200 g),tabaco-liar,nacional,20.95
Holster Noir Miss Joosy (50 g),tabaco-liar,nacional,5.5
Holster Peery Munch (200 g),tabaco-liar,nacional,17.95
Holster Peery Punch (200 g),tabaco-liar,nacional,17.95
Holster Peery Punch (50 g),tabaco-liar,nacional,4.8
Holster P-Rex (200g),tabaco-liar,nacional,17.95
Holster P-Rex (50g),tabaco-liar,nacional,4.8
Holster Qumi Punch (200 g),tabaco-liar,nacional,17.95
Holster Qumi Punch (50 g),tabaco-liar,nacional,4.8
Holster Qumi Punch (975 g),tabaco-liar,nacional,67
Holster Qumi Punch (995 g),tabaco-liar,nacional,86
Holster Smurf Daddy (200 g),tabaco-liar,nacional,17.95
Holster Smurf Daddy (50 g),tabaco-liar,nacional,4.8
Holster Unicorn (200 g),tabaco-liar,nacional,17.95
Holster Unicorn (50 g),tabaco-liar,nacional,4.8
Holster Verdacho (200 g),tabaco-liar,nacional,17.95
Holster Verdacho (50 g),tabaco-liar,nacional,4.8
Holster Wild Punch (200 g),tabaco-liar,nacional,17.95
Holster Wild Punch (50 g),tabaco-liar,nacional,4.8
Holster Willy Punch (200 g),tabaco-liar,nacional,17.95
Holster Willy Punch (50 g),tabaco-liar,nacional,4.8
Holster Winter Edition (200 g),tabaco-liar,nacional,17.95
Holster Winter Edition (50 g),tabaco-liar,nacional,4.8
Holster Yellow Punch (200 g),tabaco-liar,nacional,17.95
Holster Yellow Punch (50 g),tabaco-liar,nacional,4.8
Hookain American Pei (50 g),tabaco-liar,nacional,4.8
Hookain American Pei (50 g) CM,tabaco-liar,nacional,3.6
Hookain Angry Dragon (200 g),tabaco-liar,nacional,16.95
Hookain Angry Dragon (200 g) CM,tabaco-liar,nacional,12.5
Hookain Angry Dragon (50 g),tabaco-liar,nacional,4.8
Hookain Angry Dragon (50 g) CM,tabaco-liar,nacional,3.6
Hookain Angry Green Dragon (200 g),tabaco-liar,nacional,16.95
Hookain Angry Green Dragon (200 g) CM,tabaco-liar,nacional,12.5
Hookain Angry Green Dragon (50 g),tabaco-liar,nacional,4.8
Hookain Angry Green Dragon (50 g) CM,tabaco-liar,nacional,3.6
Hookain Angry Piç Dragon (200 g),tabaco-liar,nacional,16.95
Hookain Angry Piç Dragon (200 g) CM,tabaco-liar,nacional,12.5
Hookain Angry Piç Dragon (50 g),tabaco-liar,nacional,4.8
Hookain Angry Piç Dragon (50 g) CM,tabaco-liar,nacional,3.6
Hookain Angry Red Dragon (200 g),tabaco-liar,nacional,16.95
Hookain Angry Red Dragon (200 g) CM,tabaco-liar,nacional,12.5
Hookain Angry Red Dragon (50 g),tabaco-liar,nacional,4.8
Hookain Angry Red Dragon (50 g) CM,tabaco-liar,nacional,3.6
Hookain Bär Lean (50 g),tabaco-liar,nacional,3.95
Hookain Bär Lean (50 g) CM,tabaco-liar,nacional,3.2
Hookain Big Black Barries (200 g),tabaco-liar,nacional,16.95
Hookain Big Black Barries (200 g) CM,tabaco-liar,nacional,12.5
Hookain Big Black Barries (50 g),tabaco-liar,nacional,4.8
Hookain Big Black Barries (50 g) CM,tabaco-liar,nacional,3.6
Hookain Black Fellatio (200 g),tabaco-liar,nacional,18.5
Hookain Black Fellatio (50 g),tabaco-liar,nacional,5.7
Hookain Black Kaffa Yayo (200 g),tabaco-liar,nacional,18.5
Hookain Black Kaffa Yayo (50 g),tabaco-liar,nacional,5.7
Hookain Black Soleiro Spliff (200 g),tabaco-liar,nacional,18.5
Hookain Black Soleiro Spliff (50 g),tabaco-liar,nacional,5.7
Hookain Black White (200 g),tabaco-liar,nacional,18.5
Hookain Black White (50 g),tabaco-liar,nacional,5.7
Hookain Black Zenta Schox (200 g),tabaco-liar,nacional,18.5
Hookain Black Zenta Schox (50 g),tabaco-liar,nacional,5.7
Hookain Blaze Baba Gamma (50 g),tabaco-liar,nacional,4.95
Hookain Blaze Baba Gamma (50 g) CM,tabaco-liar,nacional,3.85
Hookain Blaze Batluva (50 g),tabaco-liar,nacional,4.95
Hookain Blaze Batluva (50 g) CM,tabaco-liar,nacional,3.85
Hookain Blaze Koka Koala (50 g),tabaco-liar,nacional,4.95
Hookain Blaze Koka Koala (50 g) CM,tabaco-liar,nacional,3.85
Hookain Blaze Lym Hype (50 g),tabaco-liar,nacional,4.95
Hookain Blaze Lym Hype (50 g) CM,tabaco-liar,nacional,3.85
Hookain Blaze Nana (50 g),tabaco-liar,nacional,4.95
Hookain Blaze Nana (50 g) CM,tabaco-liar,nacional,3.85
Hookain Blaze White Heaven (50 g),tabaco-liar,nacional,4.95
Hookain Blaze White Heaven (50 g) CM,tabaco-liar,nacional,3.85
Hookain Blowtus (200 g),tabaco-liar,nacional,16.95
Hookain Blowtus (200 g) CM,tabaco-liar,nacional,12.5
Hookain Blowtus (50 g),tabaco-liar,nacional,4.8
Hookain Blowtus (50 g) CM,tabaco-liar,nacional,3.6
Hookain Bubblenciaga (200 g),tabaco-liar,nacional,16.95
Hookain Bubblenciaga (200 g) CM,tabaco-liar,nacional,12.5
Hookain Bubblenciaga (50 g),tabaco-liar,nacional,4.8
Hookain Bubblenciaga (50 g) CM,tabaco-liar,nacional,3.6
Hookain C C C (200 g),tabaco-liar,nacional,16.95
Hookain C C C (200 g) CM,tabaco-liar,nacional,12.5
Hookain Cactopus (50 g),tabaco-liar,nacional,4.8
Hookain Cactopus (50 g) CM,tabaco-liar,nacional,3.6
Hookain Cheri Zkittlez (50 g),tabaco-liar,nacional,4.8
Hookain Cheri Zkittlez (50 g) CM,tabaco-liar,nacional,3.6
Hookain Code in Love (50 g),tabaco-liar,nacional,4.8
Hookain Code in Love (50 g) CM,tabaco-liar,nacional,3.6
Hookain Cotton Cndy Craem (50 g),tabaco-liar,nacional,4.8
Hookain Cotton Cndy Craem (50 g) CM,tabaco-liar,nacional,3.6
Hookain Dubai Stachio (200 g),tabaco-liar,nacional,16.95
Hookain Dubai Stachio (200 g) CM,tabaco-liar,nacional,12.5
Hookain Dubai Stachio (50 g),tabaco-liar,nacional,4.8
Hookain Dubai Stachio (50 g) CM,tabaco-liar,nacional,3.6
Hookain Fellatio (200 g),tabaco-liar,nacional,13.8
Hookain Fellatio (200 g) CM,tabaco-liar,nacional,12.3
Hookain Fellatio (50 g),tabaco-liar,nacional,4.8
Hookain Fellatio (50 g) CM,tabaco-liar,nacional,3.6
Hookain Fuggi Ninja (200 g),tabaco-liar,nacional,16.95
Hookain Fuggi Ninja (200 g) CM,tabaco-liar,nacional,12.5
Hookain Fuggi Ninja (50 g),tabaco-liar,nacional,4.8
Hookain Fuggi Ninja (50 g) CM,tabaco-liar,nacional,3.6
Hookain Fyl Big Toy (200 g),tabaco-liar,nacional,16.95
Hookain Fyl Big Toy (200 g) CM,tabaco-liar,nacional,12.5
Hookain Fyl Big Toy (50 g),tabaco-liar,nacional,4.8
Hookain Fyl Big Toy (50 g) CM,tabaco-liar,nacional,3.6
Hookain Fyl Cactuz CNDY (200 g),tabaco-liar,nacional,16.95
Hookain Fyl Cactuz CNDY (200 g) CM,tabaco-liar,nacional,12.5
Hookain Fyl Cactuz Cndy (50 g),tabaco-liar,nacional,4.8
Hookain Fyl Cactuz Cndy (50 g) CM,tabaco-liar,nacional,3.6
Hookain Fyl Clitrus (200 g),tabaco-liar,nacional,16.95
Hookain Fyl Clitrus (200 g) CM,tabaco-liar,nacional,12.5
Hookain Fyl Clitrus (50 g),tabaco-liar,nacional,4.8
Hookain Fyl Clitrus (50 g) CM,tabaco-liar,nacional,3.6
Hookain Fyl Über (200 g),tabaco-liar,nacional,16.95
Hookain Fyl Über (200 g) CM,tabaco-liar,nacional,12.5
Hookain Fyl Über (50 g),tabaco-liar,nacional,4.8
Hookain Fyl Über (50 g) CM,tabaco-liar,nacional,3.6
Hookain Green Crack (50 g),tabaco-liar,nacional,4.8
Hookain Green Crack (50 g) CM,tabaco-liar,nacional,3.6
Hookain Green Lean (200 g),tabaco-liar,nacional,16.95
Hookain Green Lean (200 g) CM,tabaco-liar,nacional,12.5
Hookain Green Lean (50 g),tabaco-liar,nacional,4.8
Hookain Green Lean (50 g) CM,tabaco-liar,nacional,3.6
Hookain Hijo de Prut (50 g),tabaco-liar,nacional,4.8
Hookain Hijo de Prut (50 g) CM,tabaco-liar,nacional,3.6
Hookain Jizzy Pia (50 g),tabaco-liar,nacional,4.8
Hookain Jizzy Pia (50 g) CM,tabaco-liar,nacional,3.6
Hookain Kaffa Yayo (200 g),tabaco-liar,nacional,16.95
Hookain Kaffa Yayo (200 g) CM,tabaco-liar,nacional,12.5
Hookain Kaffa Yayo (50 g),tabaco-liar,nacional,4.8
Hookain Kaffa Yayo (50 g) CM,tabaco-liar,nacional,3.6
Hookain Kaffa Yayo (950 g),tabaco-liar,nacional,75
Hookain Kaffa Yayo (950 g) CM,tabaco-liar,nacional,52
Hookain Kivy King (50 g),tabaco-liar,nacional,4.8
Hookain Kivy King (50 g) CM,tabaco-liar,nacional,3.6
Hookain Kw King (200 g),tabaco-liar,nacional,16.95
Hookain Kw King (200 g) CM,tabaco-liar,nacional,12.5
Hookain Laoz (200 g),tabaco-liar,nacional,16.95
Hookain Laoz (200 g) CM,tabaco-liar,nacional,12.5
Hookain Laoz (50 g),tabaco-liar,nacional,4.8
Hookain Laoz (50 g) CM,tabaco-liar,nacional,3.6
Hookain Lemenciaga (200 g),tabaco-liar,nacional,16.95
Hookain Lemenciaga (200 g) CM,tabaco-liar,nacional,12.5
Hookain Lemenciaga (50 g),tabaco-liar,nacional,4.8
Hookain Lemenciaga (50 g) CM,tabaco-liar,nacional,3.6
Hookain Lemenciaga (950 g),tabaco-liar,nacional,75
Hookain Lemenciaga (950 g) CM,tabaco-liar,nacional,52
Hookain Mega Loco (50 g),tabaco-liar,nacional,4.8
Hookain Mega Loco (50 g) CM,tabaco-liar,nacional,3.6
Hookain Millionair (50 g),tabaco-liar,nacional,4.8
Hookain Millionair (50 g) CM,tabaco-liar,nacional,3.6
Hookain Original Vanta Zotic (50 g),tabaco-liar,nacional,4.8
Hookain Original Vanta Zotic (50 g) CM,tabaco-liar,nacional,3.6
Hookain Orog!na (50 g),tabaco-liar,nacional,3.95
Hookain Orog!na (50 g) CM,tabaco-liar,nacional,3.2
Hookain Pa Ya Mongo (50 g),tabaco-liar,nacional,3.95
Hookain Pa Ya Mongo (50 g) CM,tabaco-liar,nacional,3.2
Hookain Pink Lemenciaga (200 g),tabaco-liar,nacional,13.8
Hookain Pink Lemenciaga (200 g) CM,tabaco-liar,nacional,12.3
Hookain Pink Lemenciaga (50 g),tabaco-liar,nacional,4.8
Hookain Pink Lemenciaga (50 g) CM,tabaco-liar,nacional,3.6
Hookain Pumpgun Spy (200 g),tabaco-liar,nacional,16.95
Hookain Pumpgun Spy (200 g) CM,tabaco-liar,nacional,12.5
Hookain Pumpgun Spy (50 g),tabaco-liar,nacional,4.8
Hookain Pumpgun Spy (50 g) CM,tabaco-liar,nacional,3.6
Hookain Punani (50 g),tabaco-liar,nacional,4.8
Hookain Punani (50 g) CM,tabaco-liar,nacional,3.6
Hookain Sm!nt (50 g),tabaco-liar,nacional,4.8
Hookain Sm!nt (50 g) CM,tabaco-liar,nacional,3.6
Hookain Soleiro Spliff (50 g),tabaco-liar,nacional,4.8
Hookain Soleiro Spliff (50 g) CM,tabaco-liar,nacional,3.6
Hookain Spiced Lean (50 g),tabaco-liar,nacional,3.95
Hookain Spiced Lean (50 g) CM,tabaco-liar,nacional,3.2
Hookain Swii Ti (50 g),tabaco-liar,nacional,4.8
Hookain Swii Ti (50 g) CM,tabaco-liar,nacional,3.6
Hookain Vantanaz (200 g),tabaco-liar,nacional,13.8
Hookain Vantanaz (200 g) CM,tabaco-liar,nacional,12.3
Hookain Vantanaz (50 g),tabaco-liar,nacional,3.95
Hookain Vantanaz (50 g) CM,tabaco-liar,nacional,3.2
Hookain Virgin Batluva (50 g),tabaco-liar,nacional,4.8
Hookain Virgin Batluva (50 g) CM,tabaco-liar,nacional,3.6
Hookain White (200 g),tabaco-liar,nacional,16.95
Hookain White (200 g) CM,tabaco-liar,nacional,12.5
Hookain White (50 g),tabaco-liar,nacional,4.8
Hookain White (50 g) CM,tabaco-liar,nacional,3.6
Hookain White (950 g),tabaco-liar,nacional,75
Hookain White (950 g) CM,tabaco-liar,nacional,52
Hookain White Brown (200 g),tabaco-liar,nacional,16.95
Hookain White Brown (200 g) CM,tabaco-liar,nacional,12.5
Hookain White Brown (50 g),tabaco-liar,nacional,4.8
Hookain White Brown (50 g) CM,tabaco-liar,nacional,3.6
Hookain White Caek Alman (200 g),tabaco-liar,nacional,16.95
Hookain White Caek Alman (200 g) CM,tabaco-liar,nacional,12.5
Hookain White Caek Alman (50 g),tabaco-liar,nacional,4.8
Hookain White Caek Alman (50 g) CM,tabaco-liar,nacional,3.6
Hookain X-Treme Blue Bay (50 g),tabaco-liar,nacional,4.8
Hookain X-Treme Blue Bay (50 g) CM,tabaco-liar,nacional,3.6
Hookain Zenter Schox (50 g),tabaco-liar,nacional,4.8
Hookain Zenter Schox (50 g) CM,tabaco-liar,nacional,3.6
HORACIO Horacio Colosso (15),cigarrillos,nacional,14.4
HORACIO Horacio Edición Limitada SLED (15),cigarrillos,nacional,13.9
HORACIO Horacio Estelí Club 0 - mazos (8),otros,nacional,5
HORACIO Horacio Estelí Club 0 - mazos (El envase de 8),otros,nacional,40
HORACIO Horacio Estelí Club 1 - mazos (8),otros,nacional,4.6
HORACIO Horacio Estelí Club 1 - mazos (El envase de 8),otros,nacional,36.8
HORACIO Horacio Estelí Club 3 - mazos (8),otros,nacional,4.45
HORACIO Horacio Estelí Club 3 - mazos (El envase de 8),otros,nacional,35.6
HORACIO Horacio Estelí Club 5 - mazos (8),otros,nacional,4.4
HORACIO Horacio Estelí Club 5 - mazos (El envase de 8),otros,nacional,35.2
HORACIO Horacio Estelí Club 6 - mazos (8),otros,nacional,4.3
HORACIO Horacio Estelí Club 6 - mazos (El envase de 8),otros,nacional,34.4
HORACIO Horacio H0 (15),cigarrillos,nacional,14.5
HORACIO Horacio H1 (15),cigarrillos,nacional,14.3
HORACIO Horacio H3 (15),cigarrillos,nacional,12.5
HORACIO Horacio H4 (15),cigarrillos,nacional,11.8
HORACIO Horacio H5 (15),cigarrillos,nacional,10.9
HORACIO Horacio H6 (15),cigarrillos,nacional,11.9
HORACIO Horacio H8 (15),cigarrillos,nacional,8.9
HORACIO Horacio Jaques Chancel (15),cigarrillos,nacional,13.4
HORACIO Horacio Le Coffret (El envase de 4),otros,nacional,63.2
HORACIO Horacio Maduro H1 (15),cigarrillos,nacional,14.3
HORACIO Horacio Maduro H5 (15),cigarrillos,nacional,10.9
HORACIO Horacio Maduro H8 (15),cigarrillos,nacional,8.9
HORACIO Horacio Pasion 38 (16),cigarrillos,nacional,10.9
HORACIO Horacio Pasion 42 (16),cigarrillos,nacional,9.9
HORACIO Horacio Pasion 44 (16),cigarrillos,nacional,10.3
HORACIO Horacio XXL (15),cigarrillos,nacional,16
Horizon (100 g),tabaco-liar,nacional,22.65
Horizon (30 g),tabaco-liar,nacional,6.8
Horizon (30 g) CM,tabaco-liar,nacional,5.4
Horizon (75 g),tabaco-liar,nacional,13
Horizon (75 g) CM,tabaco-liar,nacional,7.3
Horizon Blond (40 g),tabaco-liar,nacional,8.9
Horizon Blue,otros,nacional,5.6
Horizon Blue (30 g),tabaco-liar,nacional,6.8
Horizon Blue (30 g) CM,tabaco-liar,nacional,5.4
Horizon Crafted (30),cigarrillos,nacional,6.8
Horizon Duro,otros,nacional,5.35
Horizon Virginia (30 g),tabaco-liar,nacional,6.2
Horizon Virginia (30 g) CM,tabaco-liar,nacional,5.4
Horizon Virginia Dark Green (30 g),tabaco-liar,nacional,6.2
Horizon Virginia White (30 g),tabaco-liar,nacional,6.2
HOYO DE MONTERREY Coronations T/ALUM (25),cigarrillos,nacional,12
HOYO DE MONTERREY Doble Coronas G.R 2013 (15),cigarrillos,nacional,180.3
HOYO DE MONTERREY Double Coronas (25),cigarrillos,nacional,32.2
HOYO DE MONTERREY Double Coronas (25) CM,cigarrillos,nacional,27.2
HOYO DE MONTERREY Double Coronas (50),cigarrillos,nacional,32.2
HOYO DE MONTERREY Double Coronas (50) CM,cigarrillos,nacional,27.2
HOYO DE MONTERREY Elegantes (10),cigarrillos,nacional,23
HOYO DE MONTERREY Epicure Especial Caja (10),cigarrillos,nacional,22.6
HOYO DE MONTERREY Epicure Especial Caja (10) CM,cigarrillos,nacional,19.1
HOYO DE MONTERREY Epicure Especial Caja (25),cigarrillos,nacional,22.6
HOYO DE MONTERREY Epicure Especial Caja (25) CM,cigarrillos,nacional,19.1
HOYO DE MONTERREY Epicure Especial Tubo en Estuche (3),otros,nacional,23.3
HOYO DE MONTERREY Epicure Especial Tubo en Estuche (3) CM,otros,nacional,19.7
HOYO DE MONTERREY Epicure Luxe (10),cigarrillos,nacional,20.6
HOYO DE MONTERREY Epicure N 1 Tubo (3),otros,nacional,21.9
HOYO DE MONTERREY Epicure Nº 1 (25),cigarrillos,nacional,21.2
HOYO DE MONTERREY Epicure Nº 1 (25) CM,cigarrillos,nacional,17.9
HOYO DE MONTERREY Epicure Nº 2 (25),cigarrillos,nacional,21.2
HOYO DE MONTERREY Epicure Nº 2 (25) CM,cigarrillos,nacional,17.9
HOYO DE MONTERREY Epicure Nº 2 (3),otros,nacional,21.2
HOYO DE MONTERREY Epicure Nº 2 (3) CM,otros,nacional,17.9
HOYO DE MONTERREY Epicure Nº 2 (50),cigarrillos,nacional,21.2
HOYO DE MONTERREY Epicure Nº 2 (50) CM,cigarrillos,nacional,17.9
HOYO DE MONTERREY Epicure Nº 2 Tubo (3),otros,nacional,21.9
HOYO DE MONTERREY Epicure Nº 2 Tubo (3) CM,otros,nacional,18.5
HOYO DE MONTERREY Escogidos Cdh (10),cigarrillos,nacional,32.2
HOYO DE MONTERREY Hoyo de Monterrey Destinos TR (20),cigarrillos,nacional,50
HOYO DE MONTERREY Hoyo de Monterrey Epicure No. 3 (10),cigarrillos,nacional,23.8
HOYO DE MONTERREY Hoyo de Monterrey Epicure No. 3 (25),cigarrillos,nacional,23.8
HOYO DE MONTERREY Hoyo de Monterrey Le Hoyo de Rio Seco (25),cigarrillos,nacional,25.8
HOYO DE MONTERREY Hoyo de Monterrey Le Hoyo de Rio Seco 160 Aniversario (10),cigarrillos,nacional,36
HOYO DE MONTERREY Hoyo de Monterrey Le Hoyo de Río Seco Tubos (3),otros,nacional,26.5
HOYO DE MONTERREY Hoyo de Monterrey Le Hoyo de San Juan - Tauromaquia y Manolete (10),cigarrillos,nacional,33
HOYO DE MONTERREY Hoyo de Monterrey Le Hoyo de San Juan (25),cigarrillos,nacional,24.8
HOYO DE MONTERREY Hoyo de Monterrey Monterreyes No. 4 E.L. 2021 (10),cigarrillos,nacional,59.8
HOYO DE MONTERREY Hoyo de Monterrey Souvenir De Luxe (5),otros,nacional,11.9
HOYO DE MONTERREY Hoyo San Juan T (3),otros,nacional,25.5
HOYO DE MONTERREY Hoyo San Juan T (3) CM,otros,nacional,21.55
HOYO DE MONTERREY LE Hoyo de Rio Seco (10),cigarrillos,nacional,25.8
HOYO DE MONTERREY Le Hoyo du Depute (25),cigarrillos,nacional,9
HOYO DE MONTERREY Le Hoyo du Depute (25) CM,cigarrillos,nacional,7.65
HOYO DE MONTERREY Le Hoyo du Maire (25),cigarrillos,nacional,5.6
HOYO DE MONTERREY Le Hoyo du Maire (25) CM,cigarrillos,nacional,4.75
HOYO DE MONTERREY Le Hoyo du Prince (25),cigarrillos,nacional,10.1
HOYO DE MONTERREY Le Hoyo du Prince (25) CM,cigarrillos,nacional,8.6
HOYO DE MONTERREY Le Hoyo du Prince (5),otros,nacional,10.1
HOYO DE MONTERREY Le Hoyo du Prince (5) CM,otros,nacional,8.6
HOYO DE MONTERREY Le Hoyo San Juan (10),cigarrillos,nacional,24.8
HOYO DE MONTERREY Le Hoyo San Juan (10) CM,cigarrillos,nacional,21
HOYO DE MONTERREY Petit Belicosos TR (el envase de 15),otros,nacional,346.5
HOYO DE MONTERREY Petit Robustos (25),cigarrillos,nacional,15.4
HOYO DE MONTERREY Petit Robustos (25) CM,cigarrillos,nacional,13.05
HOYO DE MONTERREY Petit Robustos (3),otros,nacional,15.4
HOYO DE MONTERREY Petit Robustos (3) CM,otros,nacional,13.05
HOYO DE MONTERREY Primaveras (18),cigarrillos,nacional,98.9
HOYO DE MONTERREY Serie Sevilla Hoyo de Monterrey Epicure No. 2 (19),cigarrillos,nacional,27.9
HUMPHREYS Humphreys Robusto (25),cigarrillos,nacional,8
HU-Tobacco Asmara (50 g),tabaco-liar,nacional,21.3
HU-Tobacco Khartoum (50 g),tabaco-liar,nacional,21.3
HU-Tobacco Orig. Warehouseblend Balkan Passion (50 g),tabaco-liar,nacional,22.5
HU-Tobacco Orig. Warehouseblend Edward G. (50 g),tabaco-liar,nacional,25.8
HU-Tobacco Orig. Warehouseblend English Breakfast (50 g),tabaco-liar,nacional,20.25
HU-Tobacco Orig. Warehouseblend Louisiana Broken (50 g),tabaco-liar,nacional,22
Ibiza Essence American Blend Premium (17 g),tabaco-liar,nacional,2.85
Ibiza Essence American Blend Premium (50 g),tabaco-liar,nacional,8.25
Ideales (75 g),tabaco-liar,nacional,18.25
IMPERIALES Clásico Corona P (3),otros,nacional,2.4
IMPERIALES Clásico Robusto P (3),otros,nacional,2.5
IMPERIALES Maduro Corona P(3),otros,nacional,2.4
IMPERIALES Maduro Petit Corona C25 (25),cigarrillos,nacional,2
IMPERIALES Maduro Robusto P(3),otros,nacional,2.5
INDEPENDENCE Tubos Original (20),cigarrillos,nacional,1.95
Indian Summer (50 g),tabaco-liar,nacional,8
Indian Summer (50 g) CM,tabaco-liar,nacional,7.6
Inferno Angel Vice (200 g),tabaco-liar,nacional,18.5
Inferno Angel Vice (50 g),tabaco-liar,nacional,4.95
Inferno Demon Kiss (200 g),tabaco-liar,nacional,18.5
Inferno Demon Kiss (50 g),tabaco-liar,nacional,4.95
Inferno Elysira (200 g),tabaco-liar,nacional,18.5
Inferno Elysira (50 g),tabaco-liar,nacional,4.95
Inferno Luciferum (200 g),tabaco-liar,nacional,18.5
Inferno Luciferum (50 g),tabaco-liar,nacional,4.95
Inferno Skyfall (200 g),tabaco-liar,nacional,18.5
Inferno Skyfall (50 g),tabaco-liar,nacional,4.95
INFIEL Infiel Corona Connecticut 5 1/2 X 42 (24),cigarrillos,nacional,8.2
INFIEL Infiel Corona Maduro 5 1/2 X 52 (24),cigarrillos,nacional,8.5
INFIEL Infiel Corona Sun Grown 5 1/2 X 42 (24),cigarrillos,nacional,8
INFIEL Infiel Robusto Connecticut 5 X 54 (24),cigarrillos,nacional,8.7
INFIEL Infiel Robusto Maduro 5X54 (24),cigarrillos,nacional,9
INFIEL Infiel Robusto Sun Grown 5X54 (24),cigarrillos,nacional,8.5
INFIEL Infiel Toro Connecticut 6 X 54 (24),cigarrillos,nacional,9.2
INFIEL Infiel Toro Maduro 6X54 (24),cigarrillos,nacional,9.5
INFIEL Infiel Toro Sun Grown 6X54 (24),cigarrillos,nacional,9
INFIEL Infiel Torpedo Connecticut 6 1/2 X 54 (24),cigarrillos,nacional,9.2
INFIEL Infiel Torpedo Maduro 6 1/2 X 54 (24),cigarrillos,nacional,9.5
INFIEL Infiel Torpedo Sun Grown 6 1/2 X 54 (24),cigarrillos,nacional,9
Interval Blond (200 g),tabaco-liar,nacional,48
Interval Blond (40 g),tabaco-liar,nacional,10.9
IRENE Coronitas,otros,nacional,1.8
IRENE Dictadores,otros,nacional,2.7
IRENE Robustos,otros,nacional,2.7
ISLEÑOS Nº 2 (50),cigarrillos,nacional,0.62
ISLEÑOS Nº 3 (50),cigarrillos,nacional,0.45
ISLEÑOS Nº 6 (50),cigarrillos,nacional,0.4
ISLEÑOS Nº 9 (50),cigarrillos,nacional,0.33
J. CORTES Fuego Noche (El envase de 5),otros,nacional,3.1
J. CORTES Fuego Tarde (El envase de 6),otros,nacional,1.9
J. CORTES High Class (El envase de 20),otros,nacional,32
J.CORTES Club (el envase de 5),otros,nacional,8
J.CORTES Club (el envase de 5) CM,otros,nacional,7.5
J.CORTES Corona Sumatra 100 % Selected (El envase de 10),otros,nacional,33
J.CORTES Corona Sumatra 100 % Selected (El envase de 10) CM,otros,nacional,31
J.CORTES Fuego Mañanita (El Envase de 24),otros,nacional,4.4
J.CORTES J.Cortés Mini Dominican (El envase de 20),otros,nacional,11.5
J.CORTES J.Cortés Mini Dominican (El envase de 20) CM,otros,nacional,11
J.CORTES J.Cortés Mini Honduras (El envase de 20),otros,nacional,11.5
J.CORTES J.Cortés Mini Honduras (El envase de 20) CM,otros,nacional,11
J.CORTES Mini (el envase de 20),otros,nacional,11.5
J.CORTES Mini (el envase de 20) CM,otros,nacional,11
JG TRADICION TABACALERA JG Tradicion Tabacalera M. Humidor 2025 (El envase de 100),otros,nacional,3000
JOCKEY Blue Filter Cigar (El envase de 17),puros,nacional,2.4
JOCKEY Blue Filter Cigar (El envase de 17) CM,puros,nacional,1.9
JOCKEY Blue Filter Cigar (el envase de 8),puros,nacional,1.3
JOCKEY Green Filter Cigar (El envase de 17),puros,nacional,2.4
JOCKEY Jockey Blue Filter Cigar (10),puros,nacional,0.15
JOCKEY Jockey Red Filter Cigar (10),puros,nacional,0.15
JOCKEY Negro Filter Cigar (el envase de 17),puros,nacional,2.2
JOCKEY Negro XL Cigar (10),puros,nacional,0.17
Jockey Original Red (20 g),tabaco-liar,nacional,1.7
Jockey Original Red (200 g),tabaco-liar,nacional,14.95
Jockey Original Red (400 g),tabaco-liar,nacional,28.5
JOCKEY Red Filter (El envase de 10),otros,nacional,1.3
JOCKEY Red Filter Cigar (El envase de 17),puros,nacional,2.4
JOCKEY Red Filter Cigar (El envase de 17) CM,puros,nacional,1.9
JOCKEY Red Filter Cigar (el envase de 8),puros,nacional,1.3
JOCKEY Red XL Cigar (10),puros,nacional,0.17
John Player King Size Blue,otros,nacional,6.9
JOSE L. PIEDRA Cazadores (25),cigarrillos,nacional,2.2
JOSE L. PIEDRA Cazadores (25) CM,cigarrillos,nacional,1.85
JOSE L. PIEDRA Cazadores (5),otros,nacional,2.2
JOSE L. PIEDRA Cazadores (5) CM,otros,nacional,1.85
JOSE L. PIEDRA Conservas (5),otros,nacional,2.2
JOSE L. PIEDRA Conservas (5) CM,otros,nacional,1.85
JOSE L. PIEDRA Cremas (5),otros,nacional,2
JOSE L. PIEDRA Cremas (5) CM,otros,nacional,1.7
JOSE L. PIEDRA Jose L. Piedra Cazadores (12),cigarrillos,nacional,2.2
JOSE L. PIEDRA Jose L. Piedra Conservas (12),cigarrillos,nacional,2.2
JOSE L. PIEDRA Jose L. Piedra Petit Cazadores (12),cigarrillos,nacional,1.9
JOSE L. PIEDRA Petit Caballeros (12),cigarrillos,nacional,2.6
JOSE L. PIEDRA Petit Caballeros (3),otros,nacional,2.6
JOSE L. PIEDRA Petit Cazadores (25),cigarrillos,nacional,1.9
JOSE L. PIEDRA Petit Cazadores (25) CM,cigarrillos,nacional,1.6
JOSE L. PIEDRA Petit Cazadores (5),otros,nacional,1.9
JOSE L. PIEDRA Petit Cazadores (5) CM,otros,nacional,1.6
JOSE L. PIEDRA Petit Cetros (5),otros,nacional,2
JOSE L. PIEDRA Petit Cetros (5) CM,otros,nacional,1.7
JOYA BLACK Doble Robusto (20),cigarrillos,nacional,8
JOYA BLACK Toro (20),cigarrillos,nacional,8.25
JOYA Copper Consul (20),cigarrillos,nacional,7.15
JOYA Copper Robusto (20),cigarrillos,nacional,7.65
JOYA DE NICARAGUA  ADC La Pesadilla (20),cigarrillos,nacional,7.95
JOYA DE NICARAGUA  Serie C Corona Gorda (50),cigarrillos,nacional,5.4
JOYA DE NICARAGUA Antaño Assortment (5),otros,nacional,7.2
JOYA DE NICARAGUA Antaño Belicoso (20),cigarrillos,nacional,7.6
JOYA DE NICARAGUA Antaño Big Bull (20),cigarrillos,nacional,8.95
JOYA DE NICARAGUA Antaño CT Belicoso (20),cigarrillos,nacional,10
JOYA DE NICARAGUA Antaño CT Robusto (20),cigarrillos,nacional,9.2
JOYA DE NICARAGUA Antaño Dark Corojo Azarosa (20),cigarrillos,nacional,5.75
JOYA DE NICARAGUA Antaño Dark Corojo El Martillo (20),cigarrillos,nacional,6.5
JOYA DE NICARAGUA Antaño Gran Cónsul (20),cigarrillos,nacional,10
JOYA DE NICARAGUA Antaño Gran Perfecto (20),cigarrillos,nacional,12.6
JOYA DE NICARAGUA Antaño Machito (10),cigarrillos,nacional,4.65
JOYA DE NICARAGUA Antaño Machito (50),cigarrillos,nacional,4.65
JOYA DE NICARAGUA Antaño Petit Robusto (20),cigarrillos,nacional,5.75
JOYA DE NICARAGUA Antaño Robusto Grande (20),cigarrillos,nacional,9.2
JOYA DE NICARAGUA Assortment (El envase de 5),otros,nacional,30
JOYA DE NICARAGUA Belicoso (20),cigarrillos,nacional,5.6
JOYA DE NICARAGUA Cabinetta Belicoso (20),cigarrillos,nacional,8.5
JOYA DE NICARAGUA Cabinetta Nº 11 Corona Gorda (24),cigarrillos,nacional,5.15
JOYA DE NICARAGUA Cabinetta Nº 11 Corona Gorda (50),cigarrillos,nacional,5.15
JOYA DE NICARAGUA Cabinetta Nº 4 Robusto (24),cigarrillos,nacional,5.75
JOYA DE NICARAGUA Cabinetta Perfecto Gordo (12),cigarrillos,nacional,8.4
JOYA DE NICARAGUA Cabinetta Toro (20),cigarrillos,nacional,8.25
JOYA DE NICARAGUA Caja Humidora Gran Reserva (El envase de 36),otros,nacional,270
JOYA DE NICARAGUA Celebracion Toro (20),cigarrillos,nacional,6.6
JOYA DE NICARAGUA Cinco Decadas Diademas (10),cigarrillos,nacional,23.95
JOYA DE NICARAGUA Cinco Decadas El General (10),cigarrillos,nacional,23.75
JOYA DE NICARAGUA Clásico Cónsul (10),cigarrillos,nacional,4.95
JOYA DE NICARAGUA Clásico Cónsul (25),cigarrillos,nacional,5.55
JOYA DE NICARAGUA Clásico Perlas (10),cigarrillos,nacional,2.9
JOYA DE NICARAGUA Clásico Perlas (25),cigarrillos,nacional,3.2
JOYA DE NICARAGUA Clásico Piccolino (25),cigarrillos,nacional,2.65
JOYA DE NICARAGUA Clásico Torpedo (25),cigarrillos,nacional,5
JOYA DE NICARAGUA Cónsul (10),cigarrillos,nacional,3.6
JOYA DE NICARAGUA Cónsul (25),cigarrillos,nacional,3.6
JOYA DE NICARAGUA Corona Gorda (50),cigarrillos,nacional,4.5
JOYA DE NICARAGUA Cuatro Cinco Edicion Limitada (10),cigarrillos,nacional,9.95
JOYA DE NICARAGUA Cuatro Cinco Reserva Especial Assortment (el envase de 5),otros,nacional,55
JOYA DE NICARAGUA Cuatro Cinco Reserva Especial Doble Robusto (10),cigarrillos,nacional,13.15
JOYA DE NICARAGUA Cuatro Cinco Reserva Especial Petit Corona (10),cigarrillos,nacional,8.7
JOYA DE NICARAGUA Cuatro Cinco Reserva Especial Toro (10),cigarrillos,nacional,12.5
JOYA DE NICARAGUA Cuatro Cinco Reserva Especial Torpedo (10),cigarrillos,nacional,13.4
JOYA DE NICARAGUA Dark Corojo Azarosa (20),cigarrillos,nacional,7.25
JOYA DE NICARAGUA Dark Corojo El Martillo (20),cigarrillos,nacional,10
JOYA DE NICARAGUA Fuerte Serie B - Consul (25),cigarrillos,nacional,3.85
JOYA DE NICARAGUA Fuerte Serie B - Robusto Grande (25),cigarrillos,nacional,4.35
JOYA DE NICARAGUA Fuerte Serie B Corona Gorda (25),cigarrillos,nacional,3.75
JOYA DE NICARAGUA Fuerte Serie B Toro (25),cigarrillos,nacional,4.55
JOYA DE NICARAGUA Gran Cónsul (20),cigarrillos,nacional,5.3
JOYA DE NICARAGUA Gran Consul Gran Reserva (20),cigarrillos,nacional,7.5
JOYA DE NICARAGUA Gran Perfecto (20),cigarrillos,nacional,6
JOYA DE NICARAGUA Gran Reserva Belicoso (20),cigarrillos,nacional,10.5
JOYA DE NICARAGUA Gran Reserva Gran Cónsul (20),cigarrillos,nacional,11.05
JOYA DE NICARAGUA Gran Reserva Robusto (20),cigarrillos,nacional,9.5
JOYA DE NICARAGUA JDN - Joya Cabinetta Lancero C (20),cigarrillos,nacional,8.65
JOYA DE NICARAGUA JDN Antaño 1970 4x32 Tins 10ct (10),cigarrillos,nacional,2.7
JOYA DE NICARAGUA JDN Antaño Gran Reserva Pata Negra C (20),cigarrillos,nacional,9.9
JOYA DE NICARAGUA JDN Humidified Bag Clasico Go Pack 5x5 (El envase de 5),otros,nacional,29.95
JOYA DE NICARAGUA JDN Humidified Bag Rosalones Go Pack 5x5 (El envase de 5),otros,nacional,25.95
JOYA DE NICARAGUA JDN Joya Red 4x32 Tins 10ct (10),cigarrillos,nacional,1.95
JOYA DE NICARAGUA JDN Selección Antaño Surtido de Colección C4 (El envase de 4),otros,nacional,39.95
JOYA DE NICARAGUA Joya de Nicaragua Antaño 1970 Alisado (20),cigarrillos,nacional,9.25
JOYA DE NICARAGUA Joya de Nicaragua Antaño 1970 Lancero (20),cigarrillos,nacional,9.3
JOYA DE NICARAGUA Joya de Nicaragua Antaño 1970 Magnum 660 (20),cigarrillos,nacional,11.65
JOYA DE NICARAGUA Joya de Nicaragua Antaño 1970 Pata Negra Doble Robusto (20),cigarrillos,nacional,8.95
JOYA DE NICARAGUA Joya de Nicaragua Antaño 1970 Robusto Grande Tubo (3),otros,nacional,9.65
JOYA DE NICARAGUA Joya de Nicaragua Antaño Consul C20 (20),cigarrillos,nacional,7.5
JOYA DE NICARAGUA Joya de Nicaragua Antaño CT Pata Negra C (20),cigarrillos,nacional,10.7
JOYA DE NICARAGUA Joya de Nicaragua Antaño CT Toro C (20),cigarrillos,nacional,10
JOYA DE NICARAGUA Joya de Nicaragua Antaño Gran Reserva Gran Toro (20),cigarrillos,nacional,11.35
JOYA DE NICARAGUA Joya de Nicaragua Cabinetta Robusto (20),cigarrillos,nacional,8
JOYA DE NICARAGUA Joya de Nicaragua Cinco de Cinco Corona Extra C (10),cigarrillos,nacional,15
JOYA DE NICARAGUA Joya de Nicaragua Cinco de Cinco Doble Corona C (10),cigarrillos,nacional,21
JOYA DE NICARAGUA Joya de Nicaragua Cinco de Cinco Robusto C (10),cigarrillos,nacional,15.25
JOYA DE NICARAGUA Joya de Nicaragua Cinco de Cinco Robusto Gordo C (10),cigarrillos,nacional,17.85
JOYA DE NICARAGUA Joya de Nicaragua Cinco de Cinco Toro C (10),cigarrillos,nacional,19.45
JOYA DE NICARAGUA Joya de Nicaragua Cinco Decadas El Cumiche C10 (10),cigarrillos,nacional,20.2
JOYA DE NICARAGUA Joya de Nicaragua Cinco Décadas El Embargo (10),cigarrillos,nacional,26.5
JOYA DE NICARAGUA Joya de Nicaragua Clasico Medio Siglo Gordito C (20),cigarrillos,nacional,5.9
JOYA DE NICARAGUA Joya de Nicaragua Clásico Medio Siglo Numero 6 (25),cigarrillos,nacional,4.95
JOYA DE NICARAGUA Joya De Nicaragua Clasico Medio Siglo Pata Negro C25,otros,nacional,7.65
JOYA DE NICARAGUA Joya de Nicaragua Clásico Medio Siglo Robusto (25),cigarrillos,nacional,5.8
JOYA DE NICARAGUA Joya de Nicaragua Clásico Medio Siglo Selección B (25),cigarrillos,nacional,4.8
JOYA DE NICARAGUA Joya de Nicaragua Clásico Medio Siglo Toro (25),cigarrillos,nacional,6.4
JOYA DE NICARAGUA Joya de Nicaragua Clasico Original Gordito C (20),cigarrillos,nacional,5.9
JOYA DE NICARAGUA Joya de Nicaragua Clasico Robusto C25,otros,nacional,5.8
JOYA DE NICARAGUA Joya de Nicaragua Clasico Selección B C (25),cigarrillos,nacional,4.8
JOYA DE NICARAGUA Joya de Nicaragua Cuatro Cinco Reserva Especial Doble Corona Edición Limitada Europa (Caja de 10),otros,nacional,19.7
JOYA DE NICARAGUA Joya de Nicaragua Cuatro Cinco Toro Secret Cask C(10),cigarrillos,nacional,19
JOYA DE NICARAGUA Joya de Nicaragua Doscientos Gran Toro (21),cigarrillos,nacional,14
JOYA DE NICARAGUA Joya de Nicaragua Numero 1 C (El envase de 150),otros,nacional,2850
JOYA DE NICARAGUA Joya de Nicaragua Numero 1 L'Ambassadeur  C (25),cigarrillos,nacional,16.4
JOYA DE NICARAGUA Joya de Nicaragua Número Uno L'Attaché C (25),cigarrillos,nacional,13.5
JOYA DE NICARAGUA Joya de Nicaragua Numero Uno Le Premier (13),cigarrillos,nacional,19.95
JOYA DE NICARAGUA Joya de Nicaragua Numero Uno Le Premier C (25),cigarrillos,nacional,19.95
JOYA DE NICARAGUA Joya de Nicaragua Selección Especial Obras Maestras C (El envase de 5),otros,nacional,90.3
JOYA DE NICARAGUA Joya Red Robusto Tubo (3),otros,nacional,8.2
JOYA DE NICARAGUA Machito (10),cigarrillos,nacional,3.4
JOYA DE NICARAGUA Machito (50),cigarrillos,nacional,3.4
JOYA DE NICARAGUA Mini Torpedos (10),cigarrillos,nacional,1
JOYA DE NICARAGUA Número 1,otros,nacional,3.01
JOYA DE NICARAGUA Número 1 L'Ambassadeur (13),cigarrillos,nacional,16.4
JOYA DE NICARAGUA Número 3,otros,nacional,2.7
JOYA DE NICARAGUA Perlas (10),cigarrillos,nacional,2.1
JOYA DE NICARAGUA Perlas (25),cigarrillos,nacional,2.1
JOYA DE NICARAGUA Petit Robusto (10),cigarrillos,nacional,4.5
JOYA DE NICARAGUA Petit Robusto (20),cigarrillos,nacional,4.5
JOYA DE NICARAGUA Piccolino (25),cigarrillos,nacional,1.5
JOYA DE NICARAGUA RED Cañonazo 5 1/2 x 54 (20),cigarrillos,nacional,8.35
JOYA DE NICARAGUA Red Half Corona (20),cigarrillos,nacional,3.2
JOYA DE NICARAGUA Red Half Corona (5),otros,nacional,4.75
JOYA DE NICARAGUA RED Robusto 5 1/4x50 (20),cigarrillos,nacional,7.5
JOYA DE NICARAGUA RED Short Churchill 4 3/4x48 (20),cigarrillos,nacional,4.2
JOYA DE NICARAGUA RED Toro 6x52 (20),cigarrillos,nacional,6.95
JOYA DE NICARAGUA Robusto Grande (20),cigarrillos,nacional,5
JOYA DE NICARAGUA Selección (25),cigarrillos,nacional,2.8
JOYA DE NICARAGUA Selección número 4,otros,nacional,2.28
JOYA SILVER Robusto Cajas de 20 (20),cigarrillos,nacional,7.5
JOYA SILVER Toro Cajas de 20 (20),cigarrillos,nacional,8.25
JPS (30 g),tabaco-liar,nacional,5.2
JPS (450 g),tabaco-liar,nacional,99.5
JPS 120 c.para liar/entubar (60 g),tabaco-liar,nacional,14.3
JPS 200 c para Liar/Entubar (100 g),tabaco-liar,nacional,17.5
JPS 800 C. para Liar/ Entubar (400 g),tabaco-liar,nacional,63
JPS American Blend Blue Stream (20),cigarrillos,nacional,5.85
JPS American Blend Blue Stream (24),cigarrillos,nacional,6.7
JPS American Blend Blue Stream 100S (20),cigarrillos,nacional,5.5
JPS American Blend Red,otros,nacional,5.85
JPS American Blend Red 100'S,otros,nacional,5.5
JPS American Blend Red 24,otros,nacional,6.7
JPS American Blend Red 30,otros,nacional,8.4
JPS American Blend Red Blando,otros,nacional,5.75
JPS American Blend Red Limited Edition 21 (21),cigarrillos,nacional,4.95
JPS American Blend White,otros,nacional,5.85
JPS Black,otros,nacional,5.85
JPS Black 100s,otros,nacional,5.85
JPS Blue (240 g),tabaco-liar,nacional,55.5
JPS Deep Red (24),cigarrillos,nacional,5.8
JPS Deep Red KS (20),cigarrillos,nacional,4.9
JPS Deep Red SKS (20),cigarrillos,nacional,4.85
JPS Fresh Ks Box (20),cigarrillos,nacional,5.5
JPS Full Red (20),cigarrillos,nacional,5.15
JPS para liar /entubar (137 g),tabaco-liar,nacional,32
JPS para Liar/ Entubar (420 g),tabaco-liar,nacional,93.8
JPS para liar/Entubar (900 g),tabaco-liar,nacional,201
JPS Red (30 g),tabaco-liar,nacional,6.7
JPS Red (40 g),tabaco-liar,nacional,6.45
JPS Virginia Blue,otros,nacional,7.15
JPS Virginia Blue 100's,otros,nacional,7.15
JUAN LOPEZ Colección Vintage Juan Lopez Selección N1 (19),cigarrillos,nacional,20.6
JUAN LOPEZ Juan Lopez Cincuenta y Cuatro E. R. (10),cigarrillos,nacional,22.7
JUAN LOPEZ Juan Lopez Selección Especial LCDH (25),cigarrillos,nacional,39
JUAN LOPEZ Juan Lopez Selección No. 2 Estuche H (El envase de 5),otros,nacional,111.5
JUAN LOPEZ Selección N 1 (25),cigarrillos,nacional,16.6
JUAN LOPEZ Selección N 2 (25),cigarrillos,nacional,16.6
JULIUS CAESER Robusto (20),cigarrillos,nacional,24.3
JUNEDA Caliqueño,otros,nacional,0.42
JUNEDA Especiales,otros,nacional,4.21
JUNEDA Nº 1,otros,nacional,3.31
JUNEDA Nº 3,otros,nacional,2.7
JUNEDA Nº 5,otros,nacional,1.32
JV JV Serie 1 Toro (20),cigarrillos,nacional,10
JV JV Serie 3 Magnum (20),cigarrillos,nacional,10
JV JV Serie 4 Gran Robusto (20),cigarrillos,nacional,10
JV JV Serie 6 Gran Toro (20),cigarrillos,nacional,10
JV JV Serie 8 Pirámides (20),cigarrillos,nacional,10
JV Jv Serie I (El envase de 25),otros,nacional,25
JV Jv Serie II (El envase de 25),otros,nacional,26
JV Jv Serie III (10),cigarrillos,nacional,2.8
JV Jv Serie III (El envase de 25),otros,nacional,27
JV Jv Serie IV (El envase de 25),otros,nacional,28
JV Jv Serie IX (El envase de 25),otros,nacional,27
JV Jv Serie V (10),cigarrillos,nacional,2.8
JV Jv Serie V (El envase de 25),otros,nacional,29
JV Jv Serie VI (El envase de 25),otros,nacional,30
JV Jv Serie VII (El envase de 25),otros,nacional,25
JV Jv Serie VIII (El envase de 25),otros,nacional,26
JV Jv Serie X (El envase de 25),otros,nacional,28
JV Jv Serie XI (El envase de 25),otros,nacional,29
JV Jv Serie XII (10),cigarrillos,nacional,2.8
JV Jv Serie XII (El envase de 25),otros,nacional,30
JV Jv Serie XIII (10),cigarrillos,nacional,2.8
JV Jv Serie XIV (10),cigarrillos,nacional,2.8
K BY KAREN Toro 6x52 (10),cigarrillos,nacional,7.6
Kaja 1St Sin (100 g),tabaco-liar,nacional,15.95
Kaja 2Late (100 g),tabaco-liar,nacional,15.95
Kaja 3. 14 CH (100 g),tabaco-liar,nacional,15.95
Kaja Alure (100 g),tabaco-liar,nacional,15.95
Kaja Ana's Azz (100 g),tabaco-liar,nacional,15.95
Kaja Bantastic (100 g),tabaco-liar,nacional,15.95
Kaja Bbry (100 g),tabaco-liar,nacional,15.95
Kaja Bee Elixir (100 g),tabaco-liar,nacional,15.95
Kaja Bittersweet (100 g),tabaco-liar,nacional,15.95
Kaja Bknt (100 g),tabaco-liar,nacional,15.95
Kaja Brain Freeze (100 g),tabaco-liar,nacional,15.95
Kaja C Trick (100 g),tabaco-liar,nacional,15.95
Kaja Ch Nerro (100 g),tabaco-liar,nacional,15.95
Kaja Ch Rosso (100 g),tabaco-liar,nacional,15.95
Kaja Ch Verde (100 g),tabaco-liar,nacional,15.95
Kaja Chck (100 g),tabaco-liar,nacional,15.95
Kaja Cin&Mon (100 g),tabaco-liar,nacional,15.95
Kaja Cold Ruby (100 g),tabaco-liar,nacional,15.95
Kaja Eldefleur (100 g),tabaco-liar,nacional,15.95
Kaja Figaro (100 g),tabaco-liar,nacional,15.95
Kaja Forest Master (100 g),tabaco-liar,nacional,15.95
Kaja Fudge It (100 g),tabaco-liar,nacional,15.95
Kaja Ginguzu (100 g),tabaco-liar,nacional,15.95
Kaja Green & Hairy (100 g),tabaco-liar,nacional,15.95
Kaja Guavera (100 g),tabaco-liar,nacional,15.95
Kaja Her Pleasure (100 g),tabaco-liar,nacional,15.95
Kaja Jmpricot (100 g),tabaco-liar,nacional,15.95
Kaja Kernamel (100 g),tabaco-liar,nacional,15.95
Kaja La Passion (100 g),tabaco-liar,nacional,15.95
Kaja Love Anda (100 g),tabaco-liar,nacional,15.95
Kaja LTP (100 g),tabaco-liar,nacional,15.95
Kaja Manssi (100 g),tabaco-liar,nacional,15.95
Kaja Melow (100 g),tabaco-liar,nacional,15.95
Kaja Mndarling (100 g),tabaco-liar,nacional,15.95
Kaja Mon Blanc (100 g),tabaco-liar,nacional,15.95
Kaja Monday Morning (100 g),tabaco-liar,nacional,15.95
Kaja Nilla (100 g),tabaco-liar,nacional,15.95
Kaja Pistana (100 g),tabaco-liar,nacional,15.95
Kaja Pompei (100 g),tabaco-liar,nacional,15.95
Kaja Prdise (100 g),tabaco-liar,nacional,15.95
Kaja Rari (100 g),tabaco-liar,nacional,15.95
Kaja Sorbae (100 g),tabaco-liar,nacional,15.95
Kaja Spooky (100 g),tabaco-liar,nacional,15.95
Kaja Stwi (100 g),tabaco-liar,nacional,15.95
Kaja Sunkissed (100 g),tabaco-liar,nacional,15.95
Kalout Big Bear (50 g),tabaco-liar,nacional,2.95
Kalout Blue Kiss (50 g),tabaco-liar,nacional,2.95
Kalout FML (50 g),tabaco-liar,nacional,2.95
Kalout Freedom (50 g),tabaco-liar,nacional,2.95
Kalout Go Black (50 g),tabaco-liar,nacional,2.95
Kalout Green X (50 g),tabaco-liar,nacional,2.95
Kalout Ice Age (50 g),tabaco-liar,nacional,2.95
Kalout Pearchill (50 g),tabaco-liar,nacional,2.95
Karelia I (spacer pack) (20),cigarrillos,nacional,4.8
Karelia I (spacer pack) (20) CM,cigarrillos,nacional,2.9
Karelia L (spacer pack) (20),cigarrillos,nacional,4.8
Karelia L (spacer pack) (20) CM,cigarrillos,nacional,2.9
Karelia M (spacer pack) (20),cigarrillos,nacional,4.8
Karelia M (spacer pack) (20) CM,cigarrillos,nacional,2.9
Karelia S (spacer pack) (20),cigarrillos,nacional,4.8
Karelia S (spacer pack) (20) CM,cigarrillos,nacional,2.9
Karelia Slims,otros,nacional,4.2
Karelia Slims Blue,otros,nacional,4.2
Karelia Slims Blue CM,otros,nacional,2.6
Karelia Slims CM,otros,nacional,2.6
Karelia Slims Crem Color,otros,nacional,4.2
Karelia Slims Crem Color CM,otros,nacional,2.6
Karelia Slims Mentol,otros,nacional,4.2
Karelia Slims Mentol CM,otros,nacional,2.6
KASTEELHEER Kasteelheer (El envase de 10),otros,nacional,2.4
"Kendal Gold By Gawith, Hoggarth & Co (50 g)",tabaco-liar,nacional,20.8
"Kendal Mixed By Gawith, Hoggarth & Co (50 g)",tabaco-liar,nacional,20.8
Kentucky Bird (50 g),tabaco-liar,nacional,7.2
Kentucky Bird (50 g) CM,tabaco-liar,nacional,6.8
KENTUCKY Fire Cured Flying Pig (12),cigarrillos,nacional,15.5
KENTUCKY Kentucky Fire Cured Delfinas (18),cigarrillos,nacional,4.4
Keops Original Blend (100 g),tabaco-liar,nacional,7.6
Keops Pipe Tobacco American Blend (50 g),tabaco-liar,nacional,3.5
Ketama Tabaco Natural 100% Sin Aditivos (18 g),tabaco-liar,nacional,2.2
Ketama Tabaco Natural 100% Sin Aditivos (20 g),tabaco-liar,nacional,3.3
Ketama Tabaco Natural 100% Sin Aditivos (20 g) CM,tabaco-liar,nacional,1.4
Ketama Tabaco Natural 100% Sin Aditivos (25 g),tabaco-liar,nacional,3
Ketama Tabaco Natural 100% Sin Aditivos (25 g) CM,tabaco-liar,nacional,1.6
King Blue,otros,nacional,4.6
King Blue (25),cigarrillos,nacional,5.5
King Blue 100's,otros,nacional,4.7
KING EDWARD Imperial (5),otros,nacional,1.16
KING EDWARD Imperial (5) CM,otros,nacional,1.04
KING EDWARD Imperial (50),cigarrillos,nacional,1.15
KING EDWARD Imperial (50) CM,cigarrillos,nacional,1.04
KING EDWARD Invincible (5),otros,nacional,1.39
KING EDWARD Invincible (5) CM,otros,nacional,1.15
KING EDWARD Tip,otros,nacional,0.59
KING EDWARD Tip Cigarrillo (5) CM,cigarrillos,nacional,0.5
King Gold (20),cigarrillos,nacional,4.6
King Gold 100's (20),cigarrillos,nacional,4.7
King Red,otros,nacional,4.6
King Red (25),cigarrillos,nacional,5.6
King Red 100's,otros,nacional,4.7
King Red 100's CM,otros,nacional,2.5
King Red CM,otros,nacional,2.5
King Silver (20),cigarrillos,nacional,4.6
King Silver 100's (20),cigarrillos,nacional,4.7
King Storm (20),cigarrillos,nacional,5
King Storm (20) CM,cigarrillos,nacional,2.3
King Storm 100's (20),cigarrillos,nacional,5
King Storm 100's (20) CM,cigarrillos,nacional,2.4
Kingston Red (10 g),tabaco-liar,nacional,1
Kingston Red (100 g),tabaco-liar,nacional,7.9
Kingston Red Pipa (55 g),tabaco-pipa,nacional,3.95
Kingston Rubio (150 g),tabaco-liar,nacional,25.5
Kingston Special Edition (100 g),tabaco-liar,nacional,7
Kingstreet (19 g),tabaco-liar,nacional,1.65
Kingstreet (19 g) CM,tabaco-liar,nacional,1.65
Kingstreet (95 g),tabaco-liar,nacional,7.9
Kingstreet (95 g) CM,tabaco-liar,nacional,7.9
Kiowa (80 g),tabaco-liar,nacional,3.2
KIOWA Alianzas (25),cigarrillos,nacional,1.15
KIOWA Alianzas tubo (24),cigarrillos,nacional,1.4
Kiowa American Blend (45 g),tabaco-liar,nacional,6.9
Kiowa American Blend (60 g),tabaco-liar,nacional,9.2
Kiowa American Blend (70 g),tabaco-liar,nacional,8.35
KIOWA Bastones (El envase de 4),otros,nacional,1.8
KIOWA Bravos (25),cigarrillos,nacional,1.2
KIOWA Brevas (50),cigarrillos,nacional,0.42
KIOWA Encuentros (25),cigarrillos,nacional,2.2
KIOWA Esplendidos (10),cigarrillos,nacional,1.4
KIOWA Espléndidos (25),cigarrillos,nacional,1.4
KIOWA Expositor Tripa Corta EXP70 (El envase de 70),otros,nacional,79
KIOWA Flautas (36),cigarrillos,nacional,1
KIOWA Flechas (10),cigarrillos,nacional,0.9
KIOWA Flechas (25),cigarrillos,nacional,0.75
KIOWA Laguitos (El envase de 10),otros,nacional,2.4
KIOWA Lanzas (10),cigarrillos,nacional,1.2
KIOWA Lanzas (25),cigarrillos,nacional,1.3
KIOWA Leyendas (25),cigarrillos,nacional,2.6
KIOWA Lunas (25),cigarrillos,nacional,1.65
Kiowa Natural (30 g),tabaco-liar,nacional,1.1
KIOWA Nimbos (10),cigarrillos,nacional,0.9
KIOWA Nimbos (25),cigarrillos,nacional,0.7
KIOWA Palmeros Autenticos (25),cigarrillos,nacional,0.36
KIOWA Palmeros Auténticos -Señoritas (50),cigarrillos,nacional,0.2
Kiowa Pipe's Tobacco Classic Mixture (80 g),tabaco-liar,nacional,6.7
KIOWA Robustos (10),cigarrillos,nacional,1.2
Kismet 01-Black Violet (200 g),tabaco-liar,nacional,21.3
Kismet 01-Black Violet (50 g),tabaco-liar,nacional,5.55
Kismet 02-Black & Soft Red (200 g),tabaco-liar,nacional,21.3
Kismet 02-Black & Soft Red (50 g),tabaco-liar,nacional,5.55
Kismet 11-Funny Black (200 g),tabaco-liar,nacional,21.3
Kismet 11-Funny Black (50 g),tabaco-liar,nacional,5.55
Kismet 12-Black Beach (200 g),tabaco-liar,nacional,21.3
Kismet 12-Black Beach (50 g),tabaco-liar,nacional,5.55
Kismet 15-Black Angel (50 g),tabaco-liar,nacional,5.55
Kismet 17-Good Friend (200 g),tabaco-liar,nacional,21.3
Kismet 17-Good Friend (50 g),tabaco-liar,nacional,5.55
Kismet 21-Black Rose (200 g),tabaco-liar,nacional,21.3
Kismet 21-Black Rose (50 g),tabaco-liar,nacional,5.55
Kismet 22-Black Wood (200 g),tabaco-liar,nacional,21.3
Kismet 22-Black Wood (50 g),tabaco-liar,nacional,5.55
Kismet 26-Black Maïa (200 g),tabaco-liar,nacional,21.3
Kismet 26-Black Maïa (50 g),tabaco-liar,nacional,5.55
Kismet 27-Black & Greenlight (200 g),tabaco-liar,nacional,21.3
Kismet 27-Black & Greenlight (50 g),tabaco-liar,nacional,5.55
Kismet 33-Black Bella (200 g),tabaco-liar,nacional,21.3
Kismet 33-Black Bella (50 g),tabaco-liar,nacional,5.55
Kismet 42-Black Maroon (200 g),tabaco-liar,nacional,21.3
Kismet 42-Black Maroon (50 g),tabaco-liar,nacional,5.55
Kismet 44-Black Kimi (200 g),tabaco-liar,nacional,21.3
Kismet 44-Black Kimi (50 g),tabaco-liar,nacional,5.55
KOLUMBUS Azul Piramide (25),cigarrillos,nacional,7.9
KOLUMBUS Azul Piramide (8),otros,nacional,8.1
KOLUMBUS Azul Robustito (25),cigarrillos,nacional,7.2
KOLUMBUS Azul Robustito (8),otros,nacional,7.4
KOLUMBUS Azul Robusto (25),cigarrillos,nacional,7.4
KOLUMBUS Azul Robusto (8),otros,nacional,7.6
KOLUMBUS Negro Piramide (25),cigarrillos,nacional,8.3
KOLUMBUS Negro Piramide (8),otros,nacional,8.5
KOLUMBUS Negro Robustito (25),cigarrillos,nacional,7.6
KOLUMBUS Negro Robustito (8),otros,nacional,7.8
KOLUMBUS Negro Robusto (25),cigarrillos,nacional,7.8
KOLUMBUS Negro Robusto (8),otros,nacional,8
KOLUMBUS Rojo Piramide (25),cigarrillos,nacional,8.1
KOLUMBUS Rojo Piramide (8),otros,nacional,8.3
KOLUMBUS Rojo Robustito (25),cigarrillos,nacional,7.4
KOLUMBUS Rojo Robustito (8),otros,nacional,7.6
KOLUMBUS Rojo Robusto (25),cigarrillos,nacional,7.6
KOLUMBUS Rojo Robusto (8),otros,nacional,7.8
KOLUMBUS SLB Selección Piramide (El envase de 3),otros,nacional,26.4
Kooliche (200 g),tabaco-liar,nacional,11
Kooliche (200 g) CM,tabaco-liar,nacional,8.95
Kopp Caribbean Blue Bellamy (50 g),tabaco-liar,nacional,17.5
Kopp Caribbean Blue Drake (50 g),tabaco-liar,nacional,17.5
Kopp Caribbean Blue Graham (50 g),tabaco-liar,nacional,17.5
Kopp Caribbean Blue Rakham (50 g),tabaco-liar,nacional,17.5
KRAKEN Fanáticos 7 x 70 (8),otros,nacional,5.4
KRAKEN Lunáticos 8 x 80 (7),otros,nacional,6.1
KRAKEN Míticos 4 1/2 x 70 (8),otros,nacional,4.9
KRISTOFF  Short Robusto (20),cigarrillos,nacional,8
KRISTOFF  Sumatra Corona (20),cigarrillos,nacional,7.9
KRISTOFF  Sumatra Robusto Elite Cuban Taste (20),cigarrillos,nacional,8.3
KRISTOFF  Sumatra Short Robusto (20),cigarrillos,nacional,7.95
KRISTOFF Corojo Limitada Robusto Elite Cuban Taste (20),cigarrillos,nacional,8.1
KRISTOFF Kristania 5.5x60 (20),cigarrillos,nacional,6.95
KRISTOFF Kristania 7x70 (20),cigarrillos,nacional,8.95
KRISTOFF Kristoff 685 Woodlawn Perfecto Glen Case Series (10),cigarrillos,nacional,9.95
KRISTOFF Kristoff 685 Woodlawn Perfecto Glen Case Series M(10),cigarrillos,nacional,9.95
KRISTOFF Kristoff Classic Matador C (20),cigarrillos,nacional,8.5
KRISTOFF Kristoff Corojo Limitada Lancero C (20),cigarrillos,nacional,7.95
KRISTOFF Kristoff Corojo Limitada Lancero Elite Cuban Taste (20),cigarrillos,nacional,7.95
KRISTOFF Kristoff Corojo Limitada Robusto C (20),cigarrillos,nacional,7.95
KRISTOFF Kristoff Corojo Limitada Robusto M (20),cigarrillos,nacional,8.75
KRISTOFF Kristoff GC Signature Series Robusto (20),cigarrillos,nacional,7.95
KRISTOFF Kristoff GC Signature Series Robusto M (20),cigarrillos,nacional,8.95
KRISTOFF Kristoff Kristania 5.5 X 60 M (20),cigarrillos,nacional,6.95
KRISTOFF Kristoff Kristania 7 X 70 M (20),cigarrillos,nacional,8.95
KRISTOFF Kristoff San Andres Robusto M (20),cigarrillos,nacional,7.75
KRISTOFF Kristoff Vengeance Perfecto M (10),cigarrillos,nacional,8.95
KRISTOFF Kristoff Vengeance Perfecto M (20),cigarrillos,nacional,8.95
KRISTOFF Ligero Maduro Robusto (20),cigarrillos,nacional,8.95
KRISTOFF Pistoff Robusto (10),cigarrillos,nacional,8.5
KRISTOFF Robusto (20),cigarrillos,nacional,8.5
KRISTOFF San Andres Robusto (20),cigarrillos,nacional,7.95
KRISTOFF Torpedo (20),cigarrillos,nacional,8.65
KRISTOFF Vengeance Perfecto (10),cigarrillos,nacional,9.25
KRISTOFF Vengeance Robusto (10),cigarrillos,nacional,7.95
Kroos Classic Amber (20),cigarrillos,nacional,3.9
Kuanzhai Classic Collection (20),cigarrillos,nacional,3.9
Kuanzhai Green Collection (20),cigarrillos,nacional,3.9
Kuanzhai Orangered Collection (20),cigarrillos,nacional,3.9
Kuanzhai Purple Collection (20),cigarrillos,nacional,3.9
Kuanzhai Red Collection (20),cigarrillos,nacional,3.9
L&B (50 g),tabaco-liar,nacional,14.75
L&B 5x50 G (50 g),tabaco-liar,nacional,14.25
L&B Blue Fusion (20),cigarrillos,nacional,6.75
L&B Blue KS,otros,nacional,7.15
L&B Blue SKS  (20),cigarrillos,nacional,7.15
L&M Blue Blando,otros,nacional,5.75
L&M Blue Label Duro,otros,nacional,5.85
L&M Blue Label Duro CM,otros,nacional,4
L&M First Cut,otros,nacional,5.55
L&M First Cut 100´s,otros,nacional,5.25
L&M Red Label 100s,otros,nacional,5
L&M Red Label Duro,otros,nacional,5.2
L&M Red Label Duro CM,otros,nacional,4
LA AURORA 100 AÑOS Robusto (25),cigarrillos,nacional,7.9
LA AURORA 107 Corona (21),cigarrillos,nacional,5.34
LA AURORA 107 Gran (21),cigarrillos,nacional,7.25
LA AURORA 107 Humidor Special Edition Toro (El envase de 30),otros,nacional,130
LA AURORA 107 Maduro Belicoso (21),cigarrillos,nacional,4.7
LA AURORA 107 Nicaragua Robusto (20),cigarrillos,nacional,6.85
LA AURORA 107 Nicaragua Toro (20),cigarrillos,nacional,7.65
LA AURORA 107 Serie Aniversario Gran (21),cigarrillos,nacional,4.8
LA AURORA 107 Serie Aniversario Lancero  (21),cigarrillos,nacional,3.5
LA AURORA 107 Serie Aniversario Salomón (21),cigarrillos,nacional,6.2
LA AURORA 107 Toro (21),cigarrillos,nacional,6.3
LA AURORA 115 Aniversario Ed. Limitada Gran Toro (30),cigarrillos,nacional,13.2
LA AURORA 115 Aniversario Robusto (20),cigarrillos,nacional,13
LA AURORA 115 Aniversario Toro (20),cigarrillos,nacional,13.8
LA AURORA 115 ED Humidor Toro (el envase de 30),otros,nacional,411
LA AURORA 1495 15 Minutes Break Display (5),otros,nacional,3.05
LA AURORA 1495 ROBUSTO BRAZIL (25),cigarrillos,nacional,5.4
LA AURORA 1495 Series Connoisseur Selection (100),otros,nacional,5.4
LA AURORA 1495 Series Connoisseur Selection Petaca (5),otros,nacional,5.4
LA AURORA 1495 Sumo Short Robusto (25),cigarrillos,nacional,7
LA AURORA 1903 Edition doble figurado Cameroon Platinum (8),otros,nacional,13
LA AURORA 1903 Edition doble figurado Connecticut Shapphire (8),otros,nacional,13
LA AURORA 1903 Edition doble figurado Corojo Gold (8),otros,nacional,13
LA AURORA 1903 Edition doble figurado Ecuador Emerald (8),otros,nacional,13
LA AURORA 1903 EDITION Doble Figurado Emerald (8),otros,nacional,20.4
LA AURORA 1903 EDITION Doble Figurado Gold (8),otros,nacional,20.4
LA AURORA 1903 Edition doble figurado Maduro Ruby (8),otros,nacional,13
LA AURORA 1903 EDITION Doble Figurado Platinum (8),otros,nacional,20.4
LA AURORA 1903 EDITION Doble Figurado Ruby (8),otros,nacional,20.4
LA AURORA 1903 EDITION Doble Figurado Shapphire (8),otros,nacional,20.4
LA AURORA 1903 Edition Doble Figurado Treasure Box (el envase de 6),otros,nacional,123
LA AURORA 1985 Maduro Gran Toro (20),cigarrillos,nacional,6.7
LA AURORA 1985 Maduro Robusto (20),cigarrillos,nacional,5.95
LA AURORA ADN Dominicano Gran Toro (20),cigarrillos,nacional,9.2
LA AURORA ADN Dominicano Robusto (20),cigarrillos,nacional,7.6
LA AURORA Belicoso (25),cigarrillos,nacional,4.5
LA AURORA Belicoso CM,otros,nacional,4.33
LA AURORA Cameroon 1903 Robusto (20),cigarrillos,nacional,5.85
LA AURORA Cameroon 1903 Sublimes Tubos (20),cigarrillos,nacional,5.6
LA AURORA Cameroon Sumo Short Robusto Original (20),cigarrillos,nacional,5.6
LA AURORA Cetros (5),otros,nacional,2.7
LA AURORA Connecticut 1987 Robusto (20),cigarrillos,nacional,5.85
LA AURORA Corojo 1962 Robusto (20),cigarrillos,nacional,5.85
LA AURORA Doble Corona (25),cigarrillos,nacional,3.5
LA AURORA Hords D'Aged Toro (15),cigarrillos,nacional,14
LA AURORA Hors D'Aged Toro 2018 (15),cigarrillos,nacional,14
LA AURORA La Aurora 100 Años Tribute Le Belicoso (10),cigarrillos,nacional,36
LA AURORA La Aurora 107 Connecticut 1987 Robusto (5),otros,nacional,5.85
LA AURORA La Aurora 107 Ecuador Belicoso (20),cigarrillos,nacional,8
LA AURORA La Aurora 107 Ecuador Gran Toro (20),cigarrillos,nacional,7.75
LA AURORA La Aurora 107 Ecuador Robusto (20),cigarrillos,nacional,6.5
LA AURORA La Aurora 107 Ecuador Sumo Short Robusto (20),cigarrillos,nacional,5.75
LA AURORA La Aurora 107 Ecuador Sumo Short Robusto (5),otros,nacional,5.75
LA AURORA La Aurora 107 Ecuador Toro (20),cigarrillos,nacional,7.35
LA AURORA La Aurora 107 Ecuador Zeppelin (20),cigarrillos,nacional,6.65
LA AURORA La Aurora 107 Nicaragua Belicoso (20),cigarrillos,nacional,7.95
LA AURORA La Aurora 107 Nicaragua Sumo Short Robusto (20),cigarrillos,nacional,6.25
LA AURORA La Aurora 107 Nicaragua Sumo Short Robusto (5),otros,nacional,6.25
LA AURORA La Aurora 107 Nicaragua Training Kit (El envase de 5),otros,nacional,42
LA AURORA La Aurora 107 Nicaragua Zeppelin (20),cigarrillos,nacional,7
LA AURORA La Aurora 107 USA Maduro Robusto (20),cigarrillos,nacional,6.45
LA AURORA La Aurora 107 Usa Maduro Sumo Short Robusto (5),otros,nacional,5.85
LA AURORA La Aurora 120 Aniversario Churchill (20),cigarrillos,nacional,10.2
LA AURORA La Aurora 120 Aniversario Ed. Lim. Lancero (15),cigarrillos,nacional,18.5
LA AURORA La Aurora 120 Aniversario Robusto (20),cigarrillos,nacional,9.3
LA AURORA La Aurora 120 Aniversario Toro (20),cigarrillos,nacional,9.9
LA AURORA La Aurora 1495 Robusto GB (20),cigarrillos,nacional,7.75
LA AURORA La Aurora 1495 Sumo Toro GB (20),cigarrillos,nacional,8.4
LA AURORA La Aurora Cameroon 1903 Robusto (5),otros,nacional,5.85
LA AURORA La Aurora Corojo 1962 Robusto (5),otros,nacional,5.85
LA AURORA La Aurora Dominicana Robusto (10),cigarrillos,nacional,7.65
LA AURORA La Aurora Dominicana Short Robusto (10),cigarrillos,nacional,7.15
LA AURORA La Aurora Dominicana Toro (10),cigarrillos,nacional,8.1
LA AURORA La Aurora Escogidos Lancero E. L. (15),cigarrillos,nacional,17.2
LA AURORA La Aurora Escogidos Robusto (20),cigarrillos,nacional,7.6
LA AURORA La Aurora Escogidos Short Robusto (20),cigarrillos,nacional,7.3
LA AURORA La Aurora Escogidos Toro (20),cigarrillos,nacional,8
LA AURORA La Aurora Family Creed Fuerte Sol Gran Toro (20),cigarrillos,nacional,10
LA AURORA La Aurora Family Creed Fuerte Sol Robusto (20),cigarrillos,nacional,8
LA AURORA La Aurora Family Creed Fuerte Sol Toro (20),cigarrillos,nacional,9.5
LA AURORA La Aurora Family Reserve Guillermo León Le (15),cigarrillos,nacional,18.2
LA AURORA La Aurora Hors D´age Toro 2022 (15),cigarrillos,nacional,16.7
LA AURORA La Aurora Maduro 1985 Robusto (5),otros,nacional,5.95
LA AURORA Lo Mejor de La Aurora (el envase de 5),otros,nacional,54
LA AURORA Preferidos Gold Edition,otros,nacional,12
LA AURORA Preferidos Maduro Edition,otros,nacional,12
LA AURORA Preferidos Robusto,otros,nacional,7.3
LA AURORA Preferidos Sapphire,otros,nacional,12
LA AURORA Preferidos Treasure Box (El envase de 5),otros,nacional,60
LA AURORA Puro Vintage 2006 Salomón (18),puros,nacional,9.4
LA AURORA Reserva Especial 2008 Belicoso (10),cigarrillos,nacional,16
LA AURORA Rothschild (25),cigarrillos,nacional,2.8
LA BELLEZA Coronas (50),cigarrillos,nacional,0.23
LA CAMPANA Caliqueños (10),cigarrillos,nacional,1
LA CAMPANA Caliqueños (20),cigarrillos,nacional,1
LA CAMPANA Nº 2 (20),cigarrillos,nacional,0.5
LA DALIA D. Julián Mini (el envase de 20),otros,nacional,7.2
LA DALIA D. Julián Mini (el envase de 20) CM,otros,nacional,5.95
LA DALIA D.Julian Nº 1 (25),cigarrillos,nacional,3.08
LA DALIA D.Julian Nº 1 (25) CM,cigarrillos,nacional,2.55
LA DALIA D.Julian Nº 1 (5),otros,nacional,4.4
LA DALIA D.Julian Nº 1 (5) CM,otros,nacional,3.56
LA DALIA D.Julian Nº 3 (25),cigarrillos,nacional,1.8
LA DALIA D.Julian Nº 3 (5),otros,nacional,2.8
LA DALIA D.Julian Nº 3 (5) CM,otros,nacional,2.21
LA DALIA D.Julian Nº 5 (25),cigarrillos,nacional,1.47
LA DALIA D.Julian Nº 5 (25)  CM,cigarrillos,nacional,1.23
LA DALIA D.Julian Nº 5 (5),otros,nacional,2.2
LA DALIA D.Julian Nº 5 (5) CM,otros,nacional,1.8
LA DALIA Reig  7 Cortados (10) CM,cigarrillos,nacional,0.51
LA DALIA Reig 7 Cortados (10),cigarrillos,nacional,0.76
LA DALIA Reig 7 Cortados (10) CM,cigarrillos,nacional,0.62
LA DALIA Reig 7 Cortados Pack (2),otros,nacional,0.55
LA DALIA Reig 7 Minor (10),cigarrillos,nacional,0.55
LA DALIA Reig 7 Minor (10) CM,cigarrillos,nacional,0.45
LA DALIA Reig 7 Minor 2x2 Pack para Máquinas (El envase de cuatro),otros,nacional,1.74
LA DALIA Reig 7 Minor Pack (5),otros,nacional,0.38
LA DALIA Reig 7 Minor Pack (El envase de 2),otros,nacional,1.26
La Devise Deux Blanches (20),cigarrillos,nacional,4.7
La Devise Trois Blondes (20),cigarrillos,nacional,4.7
LA ESTRELLA La Estrella Polar Rothschild (20),cigarrillos,nacional,2.75
LA ESTRELLA La Estrella Solar Gigante (20),cigarrillos,nacional,3.55
LA ESTRELLA La Estrella Solar Robusto (20),cigarrillos,nacional,3.05
LA ESTRELLA POLAR Gigante (20),cigarrillos,nacional,3.55
LA ESTRELLA POLAR Robusto (20),cigarrillos,nacional,3.05
LA FAMA Cristales,otros,nacional,1.5
LA FAMA Especiales Cedro,otros,nacional,1.2
LA FAMA Fama Chicos,otros,nacional,0.13
LA FINCA La Finca No. 10 (10),cigarrillos,nacional,3.8
LA FINCA La Finca No. 3 (10),cigarrillos,nacional,3.1
LA FINCA La Finca No. 5 (10),cigarrillos,nacional,2.9
LA FINCA La Finca No. 7 (10),cigarrillos,nacional,3.3
LA FINCA La Finca No.3 (25),cigarrillos,nacional,3.1
LA FINCA La Finca No.3 (25) CM,cigarrillos,nacional,2.6
LA FINCA No 10 (25),cigarrillos,nacional,3.8
LA FINCA No 10 (25) CM,cigarrillos,nacional,3.2
LA FINCA No 5 (25),cigarrillos,nacional,2.9
LA FINCA No 5 (25) CM,cigarrillos,nacional,2.45
LA FINCA No 7 (25),cigarrillos,nacional,3.3
LA FINCA No 7 (25) CM,cigarrillos,nacional,2.8
LA FLOR DE CANO La Flor de Cano Elegidos (3),otros,nacional,6.7
LA FLOR DE LA ISABELA La Flor de la Isabela Corona (10),cigarrillos,nacional,0.6
LA FLOR DE LA ISABELA La Flor de la Isabela Corona (10) CM,cigarrillos,nacional,0.5
LA FLOR DE LA ISABELA La Flor de la Isabela Corona Celofán (25),cigarrillos,nacional,0.6
LA FLOR DE LA ISABELA La Flor de la Isabela Corona Celofán (25) CM,cigarrillos,nacional,0.5
LA FLOR DE LA ISABELA La Flor de la Isabela Coronitas (25),cigarrillos,nacional,0.4
LA FLOR DE LA ISABELA La Flor de la Isabela Coronitas (25) CM,cigarrillos,nacional,0.35
LA FLOR DE LA ISABELA La Flor de la Isabela Mini (El envase de 10),otros,nacional,2.7
LA FLOR DE LA ISABELA La Flor de la Isabela Mini (El envase de 10) CM,otros,nacional,2.7
LA FLOR DE LOS CARIBES Gran Reserva (La caja de 50),otros,nacional,105
LA FLOR DE LOS CARIBES Gran Reserva (La caja de 50) CM,otros,nacional,92
LA FLOR DE LOS CARIBES Nº 1,otros,nacional,1
LA FLOR DE LOS CARIBES Nº 1 CM,otros,nacional,0.9
LA FLOR DOMINICANA 1994 Aldaba (20),cigarrillos,nacional,11.65
LA FLOR DOMINICANA 1994 Beer Stein (20),cigarrillos,nacional,20.6
LA FLOR DOMINICANA 1994 Jarra E.L. (20),cigarrillos,nacional,18.9
LA FLOR DOMINICANA 1994 Mambo (20),cigarrillos,nacional,10.95
LA FLOR DOMINICANA 1994 Rumba (20),cigarrillos,nacional,10.5
LA FLOR DOMINICANA 1994 Tango (20),cigarrillos,nacional,10.5
LA FLOR DOMINICANA Air Bender Chisel (20),cigarrillos,nacional,11.8
LA FLOR DOMINICANA Air Bender Guerrero (20),cigarrillos,nacional,14.2
LA FLOR DOMINICANA Air Bender Maestro (20),cigarrillos,nacional,9.6
LA FLOR DOMINICANA Air Bender Matatan (20),cigarrillos,nacional,13.5
LA FLOR DOMINICANA Air Bender Poderoso (20),cigarrillos,nacional,9.95
LA FLOR DOMINICANA Air Bender Tubo Poderoso (10),cigarrillos,nacional,13.5
LA FLOR DOMINICANA Air Bender Valiente (20),cigarrillos,nacional,12.2
LA FLOR DOMINICANA Andalusian Bull (10),cigarrillos,nacional,31.9
LA FLOR DOMINICANA Cameroon Cabinet Chisel (20),cigarrillos,nacional,11.8
LA FLOR DOMINICANA Cameroon Cabinet Nº 1 (24),cigarrillos,nacional,9.55
LA FLOR DOMINICANA Cameroon Cabinet Nº 3 (24),cigarrillos,nacional,10.5
LA FLOR DOMINICANA Cameroon Cabinet Nº 4 (24),cigarrillos,nacional,10.8
LA FLOR DOMINICANA Cameroon Cabinet Nº 5 (24),cigarrillos,nacional,8.85
LA FLOR DOMINICANA Capítulo II (10),cigarrillos,nacional,19.5
LA FLOR DOMINICANA Capitulo II (5),otros,nacional,16.5
LA FLOR DOMINICANA Chapter I (5),otros,nacional,16.5
LA FLOR DOMINICANA Chapters I (10),cigarrillos,nacional,18.95
LA FLOR DOMINICANA Chisel Selection (5),otros,nacional,16.25
LA FLOR DOMINICANA Colorado Oscuro Nº 2 L.E. (50),cigarrillos,nacional,13.95
LA FLOR DOMINICANA Colorado Oscuro Nº 3 (50),cigarrillos,nacional,9.15
LA FLOR DOMINICANA Colorado Oscuro Nº 4 (50),cigarrillos,nacional,14.7
LA FLOR DOMINICANA Colorado Oscuro Nº 5 (50),cigarrillos,nacional,12.05
LA FLOR DOMINICANA Conga (20),cigarrillos,nacional,9.55
LA FLOR DOMINICANA Coronado Corona Especial (18),cigarrillos,nacional,9.65
LA FLOR DOMINICANA Coronado Corona Gorda (18),cigarrillos,nacional,12.05
LA FLOR DOMINICANA Coronado Doble Corona (18),cigarrillos,nacional,10.75
LA FLOR DOMINICANA Coronado Doble Toro (18),cigarrillos,nacional,11.05
LA FLOR DOMINICANA Coronado Toro (18),cigarrillos,nacional,10.65
LA FLOR DOMINICANA DL Digger Maduro (20),cigarrillos,nacional,18.6
LA FLOR DOMINICANA DL Digger Natural (20),cigarrillos,nacional,14.2
LA FLOR DOMINICANA DL Lancero (20),cigarrillos,nacional,11.95
LA FLOR DOMINICANA DL Tubo Corona (10),cigarrillos,nacional,10.6
LA FLOR DOMINICANA DL-452 Maduro (20),cigarrillos,nacional,8.95
LA FLOR DOMINICANA DL-452 Natural (20),cigarrillos,nacional,8.95
LA FLOR DOMINICANA DL-654 Maduro (20),cigarrillos,nacional,10.6
LA FLOR DOMINICANA DL-654 Natural (20),cigarrillos,nacional,10.6
LA FLOR DOMINICANA DL-660 (20),cigarrillos,nacional,12.5
LA FLOR DOMINICANA DL-660 Maduro (20),cigarrillos,nacional,12.5
LA FLOR DOMINICANA DL-854 (20),cigarrillos,nacional,11.1
LA FLOR DOMINICANA Doble Ligero 600 Natural (20),cigarrillos,nacional,13.5
LA FLOR DOMINICANA Doble Ligero 700 Natural (20),cigarrillos,nacional,14.9
LA FLOR DOMINICANA Doble Ligero Chisel (20),cigarrillos,nacional,15.2
LA FLOR DOMINICANA Doble Ligero Chiselito (20),cigarrillos,nacional,8.6
LA FLOR DOMINICANA Double Ligero Robusto Tubo (10),cigarrillos,nacional,15.95
LA FLOR DOMINICANA Double Press (10),cigarrillos,nacional,11.2
LA FLOR DOMINICANA Double Press Box (20),cigarrillos,nacional,15
LA FLOR DOMINICANA Gran maduro 5 (25),cigarrillos,nacional,10.65
LA FLOR DOMINICANA Gran Maduro Nº 6 (25),cigarrillos,nacional,10.55
LA FLOR DOMINICANA L Granu (100),otros,nacional,16.6
LA FLOR DOMINICANA L-200 Cabinet Oscuro (24),cigarrillos,nacional,8
LA FLOR DOMINICANA L-400 (24),cigarrillos,nacional,10.35
LA FLOR DOMINICANA L-400 Cabinet Oscuro (24),cigarrillos,nacional,10.45
LA FLOR DOMINICANA L-500 (24),cigarrillos,nacional,11.65
LA FLOR DOMINICANA La Flor Dominicana Solis (20),cigarrillos,nacional,22.2
LA FLOR DOMINICANA La Nox (10),cigarrillos,nacional,22.2
LA FLOR DOMINICANA La Nox (20),cigarrillos,nacional,22.2
LA FLOR DOMINICANA La Volcada (10),cigarrillos,nacional,19.9
LA FLOR DOMINICANA La Volcada (20),cigarrillos,nacional,21.5
LA FLOR DOMINICANA LG Americano (24),cigarrillos,nacional,12.1
LA FLOR DOMINICANA LG Chisel Puro (24),puros,nacional,17.95
LA FLOR DOMINICANA LG Cubano 2015 (10),cigarrillos,nacional,11.5
LA FLOR DOMINICANA LG Cubano 2015 (24),cigarrillos,nacional,16.5
LA FLOR DOMINICANA LG Lusitano (24),cigarrillos,nacional,13.45
LA FLOR DOMINICANA LG Oriental (24),cigarrillos,nacional,11.25
LA FLOR DOMINICANA Liger Lancero Natural (20),cigarrillos,nacional,14.2
LA FLOR DOMINICANA Ligero 250 Oscuro Natural (24),cigarrillos,nacional,10.9
LA FLOR DOMINICANA Ligero 500 Oscuro Natural (24),cigarrillos,nacional,14.95
LA FLOR DOMINICANA Ligero 707 (10),cigarrillos,nacional,20.5
LA FLOR DOMINICANA Ligero L Granu (20),cigarrillos,nacional,16.6
LA FLOR DOMINICANA Ligero L-300 (24),cigarrillos,nacional,9.1
LA FLOR DOMINICANA Ligero Tubo 250 (10),cigarrillos,nacional,14.95
LA FLOR DOMINICANA Lito Gomez Small Batch (105),otros,nacional,40
LA FLOR DOMINICANA Mysterio Ligero Natural (5),otros,nacional,24.8
LA FLOR DOMINICANA Oro Nº 6 Natural (5),otros,nacional,16.7
LA FLOR DOMINICANA Oro Tubo Chisel (5),otros,nacional,25.9
LA FLOR DOMINICANA Oro Tubo Nº 6 Maduro (5),otros,nacional,25.9
LA FLOR DOMINICANA Reserva Especial EL Jocko Maduro (24),cigarrillos,nacional,12.7
LA FLOR DOMINICANA Reserva Especial EL Jocko Natural (24),cigarrillos,nacional,12.7
LA FLOR DOMINICANA Reserva Especial Gran Robusto (24),cigarrillos,nacional,14.8
LA FLOR DOMINICANA Reserva Especial Toro (24),cigarrillos,nacional,14.8
LA FLOR DOMINICANA Robusto Selection (5),otros,nacional,14.4
LA FLOR DOMINICANA Salomon (10),cigarrillos,nacional,24
LA FLOR DOMINICANA Salomón Unico (10),cigarrillos,nacional,49.95
LA FLOR DOMINICANA Suave Alcalde (25),cigarrillos,nacional,9.25
LA FLOR DOMINICANA Suave Gobernador (25),cigarrillos,nacional,12.15
LA FLOR DOMINICANA Suave Insurrectos (25),cigarrillos,nacional,9.95
LA FLOR DOMINICANA Suave Maceo (25),cigarrillos,nacional,9.95
LA FLOR DOMINICANA Suave Mambises (25),cigarrillos,nacional,10.35
LA FLOR DOMINICANA Suave Máximo (25),cigarrillos,nacional,10.55
LA FLOR DOMINICANA Torpedito Ligero (40),cigarrillos,nacional,8.9
LA FLOR DOMINICANA Tubo Insurrecto (10),cigarrillos,nacional,14.9
LA FLOR DOMINICANA Tubo Maceo (10),cigarrillos,nacional,14.9
LA FLOR DOMINICANA Tubo Matatan (10),cigarrillos,nacional,9.95
LA FLOR DOMINICANA Tubos L-100 (10),cigarrillos,nacional,10.3
LA GALERA 85th Aniversario Toro 52x6 (20),cigarrillos,nacional,18.2
LA GALERA Connecticut Robusto Chaveta 50x5 1/8 (20),cigarrillos,nacional,8.7
LA GALERA Connecticut Short Gordo Pilon 60x5 1/4 (20),cigarrillos,nacional,10.7
LA GALERA Connecticut Tubos El Lector 52x5 7/8 (15),cigarrillos,nacional,12.1
LA GALERA Exclusive Sampler (el envase de 10),otros,nacional,100
LA GALERA Imperial Jade Chiquito Perfecto 40x52x4 (5),otros,nacional,9
LA GALERA Imperial Jade Corona 44x5 1/2 (BXS 20),otros,nacional,9.7
LA GALERA Imperial Jade Robusto 50x5 1/8 (BXS 20),otros,nacional,10.7
LA GALERA La Galera Anemoi Anemoi 52x6 3/8 (20),cigarrillos,nacional,15.9
LA GALERA La Galera Anemoi Eurus 48x5 1/2 (20),cigarrillos,nacional,12.5
LA GALERA La Galera Anemoi Notus 56x5 (20),cigarrillos,nacional,13.4
LA GALERA La Galera Anemoi Zephyrus 60x6 (20),cigarrillos,nacional,14.8
LA GALERA La Galera Box Pressed Robusto Chaveta (21),cigarrillos,nacional,10.5
LA GALERA La Galera Box Pressed Toro el Lector (21),cigarrillos,nacional,11.9
LA GALERA La Galera Corojo Perilla 38x7 1/4 (20),cigarrillos,nacional,10.7
LA GALERA La Galera Corojo Robusto Chaveta 50x5 1/8 (21),cigarrillos,nacional,9.2
LA GALERA La Galera Corojo Short Gordo Pilon 60x5 1/4 (21),cigarrillos,nacional,13.2
LA GALERA La Galera Corojo Toro El Lector 54X6 (21),cigarrillos,nacional,10.15
LA GALERA La Galera Fresh Pack Chaveta Mixto (El envase de 5),otros,nacional,50
LA GALERA La Galera Happy Holliday Sampler (El envase de 20),otros,nacional,22
LA GALERA La Galera Tins Box Pressed 1936 Half Corona 46x3 5/8 (5),otros,nacional,5.8
LA GALERA La Galera Tins Corojo Half Corona 46x3 5/8 (5),otros,nacional,5
LA GALERA Maduro Churchill 50x7 1/4 (20),cigarrillos,nacional,11.7
LA GALERA Maduro Pegador 46x6 (20),cigarrillos,nacional,9.2
LA GALERA Maduro Robusto Chaveta 50x5 (20),cigarrillos,nacional,9.7
LA GALERA Maduro Short Robusto Vitola 50x3 1/4 (20),cigarrillos,nacional,6.7
LA GALERA Maduro Toro el Lector 54x6 (20),cigarrillos,nacional,11.4
LA GALERA Maduro Torpedo Cortador 52x6 1/4 (20),cigarrillos,nacional,10.8
LA GALERA Tins Connecticut Half Corona 46x3  5/8 (5),otros,nacional,5.8
LA GALERA Tins Maduro Half Corona 46x3 5/8 (5),otros,nacional,5.8
LA GLORIA CUBANA D Nº 5 (10),cigarrillos,nacional,20.6
LA GLORIA CUBANA La Gloria Cubana Glorias LCDH (20),cigarrillos,nacional,43.5
LA GLORIA CUBANA La Gloria Cubana Turquinos (10),cigarrillos,nacional,19.2
LA GLORIA CUBANA Medaille D'Or Nº 4 (25),cigarrillos,nacional,10.8
LA GLORIA CUBANA Medaille D'Or Nº 4 (25) CM,cigarrillos,nacional,9.15
LA GRAN FABRICA DREW ESTATE Gordito Brazilian Maduro (24),cigarrillos,nacional,5.95
LA GRAN FABRICA DREW ESTATE Gordito Cuban Corojo (24),cigarrillos,nacional,5.95
LA GRAN FABRICA DREW ESTATE Robusto Brazilian Maduro (24),cigarrillos,nacional,4.95
LA GRAN FABRICA DREW ESTATE Robusto Cuban Corojo (24),cigarrillos,nacional,4.95
LA GRAN FABRICA DREW ESTATE Short Gordito Brazilian Maduro (24),cigarrillos,nacional,4.8
LA GRAN FABRICA DREW ESTATE Short Gordito Cuban Corojo (24),cigarrillos,nacional,4.8
LA LEY Cañonazo (21),cigarrillos,nacional,14
LA LEY Mareva (21),cigarrillos,nacional,9.2
LA LEY Robusto (21),cigarrillos,nacional,12.8
LA LIBERTAD La Libertad Corona 5 3/4 X 43 (20),cigarrillos,nacional,7.3
LA LIBERTAD La Libertad Gran Toro 6X54 (20),cigarrillos,nacional,9.8
LA LIBERTAD La Libertad Robusto 5X52 (20),cigarrillos,nacional,8.5
La Oveja Negra (25 g),tabaco-liar,nacional,1.9
La Oveja Negra (40 g),tabaco-liar,nacional,3
La Oveja Negra (70 g),tabaco-liar,nacional,5.1
La Oveja Negra Brown (100 g),tabaco-liar,nacional,6.9
La Oveja Negra Brown (20 g),tabaco-liar,nacional,1.55
LA PAZ C.C. Wilde Cigarillos (El Envase de 50),puros,nacional,15.4
LA PAZ C.C. Wilde Cigarillos (El Envase de 50) CM,puros,nacional,13.5
LA PAZ C.C. Wilde Cigarros (El Envase de 50),cigarrillos,nacional,26.3
LA PAZ C.C. Wilde Cigarros (El Envase de 50) CM,cigarrillos,nacional,22.08
LA PAZ Corona,otros,nacional,1.32
LA PAZ Corona CM,otros,nacional,1.12
LA PAZ Corona Especial,otros,nacional,1.64
LA PAZ Corona Especial CM,otros,nacional,1.41
LA PAZ Corona Superior,otros,nacional,2.4
LA PAZ Corona Superior CM,otros,nacional,2.03
LA PAZ Gran Cigarillos (El envase de 5),puros,nacional,1.7
LA PAZ Gran Corona (25),cigarrillos,nacional,2.5
LA PAZ Gran Corona (25) CM,cigarrillos,nacional,2.07
LA PAZ Gran Corona (3),otros,nacional,2.5
LA PAZ Gran Corona (3) CM,otros,nacional,2.07
LA PAZ Gran Reserva Dorada (25),cigarrillos,nacional,2.7
LA PAZ Gran Reserva Dorada (25) CM,cigarrillos,nacional,2.25
LA PAZ Gran Reserva Platinum (25),cigarrillos,nacional,2.7
LA PAZ Gran Reserva Platinum (25)  CM,cigarrillos,nacional,2.25
LA PAZ Medios (El envase de 10),otros,nacional,4.2
LA PAZ Medios (El envase de 10) CM,otros,nacional,3.45
LA PAZ Mini Cigarillos (El envase de 20),puros,nacional,5
LA PAZ Mini Wilde (El envase de 50),otros,nacional,10.5
LA PAZ Mini Wilde Aroma (El Envase de 20),otros,nacional,5.7
LA PAZ Mini Wilde Aroma (El Envase de 20) CM,otros,nacional,5.4
LA PAZ Mini Wilde Blue (El Envase de 20),otros,nacional,5.7
LA PAZ Mini Wilde Blue (El Envase de 20) CM,otros,nacional,5.2
LA PAZ Mini Wilde Cigarillos (20),puros,nacional,0.39
LA PAZ Mini Wilde Cigarillos (20) CM,puros,nacional,0.37
LA PAZ Mini Wilde Primeros (El envase de 5),otros,nacional,1.7
LA PAZ Mini Wilde Primeros (El envase de 5) CM,otros,nacional,1.35
La Paz Ryo Original (26 g),tabaco-liar,nacional,4.9
La Paz Ryo Virginia (26 g),tabaco-liar,nacional,4.9
LA PAZ Wilde Cigarillos (El Envase de 20),puros,nacional,9.1
LA PAZ Wilde Cigarillos (El Envase de 20) CM,puros,nacional,8.7
LA PAZ Wilde Cigarillos (El Envase de 50),puros,nacional,15.5
LA PAZ Wilde Cigarillos (El Envase de 50) CM,puros,nacional,13.6
LA PAZ Wilde cigarillos Edicion limitada 2013 ( El envase de 20),puros,nacional,6.1
LA PAZ Wilde Cigarro (El Envase de 5),cigarrillos,nacional,3
LA PAZ Wilde Cigarro (El Envase de 5) CM,cigarrillos,nacional,2.8
LA PAZ Wilde Cigarros (El Envase de 20),cigarrillos,nacional,13.7
LA PAZ Wilde Cigarros (El Envase de 20) CM,cigarrillos,nacional,13.3
LA PAZ Wilde Corona (El Envase de 5),otros,nacional,3.9
LA PAZ Wilde Corona (El Envase de 5) CM,otros,nacional,3.4
LA PAZ Wilde Miniaturas (El Envase de 20),otros,nacional,6.7
LA PAZ Wilde Miniaturas (El Envase de 20) CM,otros,nacional,6.3
LA PERLA DE LUZÓN La Perla De Luzón Coronas (20),cigarrillos,nacional,0.65
LA PERLA DE LUZÓN La Perla De Luzón Robustos (20),cigarrillos,nacional,0.7
LA PERLA DE LUZÓN La Perla De Luzón Señoritas (20),cigarrillos,nacional,0.65
LA PRIMERA Corona (20),cigarrillos,nacional,2.9
LA PRIMERA Perla (20),cigarrillos,nacional,2
LA PRIMERA Robusto (20),cigarrillos,nacional,3.8
LA PRIMERA Short Robusto (20),cigarrillos,nacional,3.3
LA PRIMOROSA Brindis (25),cigarrillos,nacional,1.35
LA PRIMOROSA Coronas Extra (25),cigarrillos,nacional,0.9
LA PRIMOROSA Cristales Cedros (20),cigarrillos,nacional,1.5
LA PRIMOROSA Cristales Cedros CM,otros,nacional,1.24
LA PRIMOROSA La Primorosa Coronitas (25),cigarrillos,nacional,0.42
LA PRIMOROSA La Primorosa Isleños (25),cigarrillos,nacional,0.45
LA PRIMOROSA Presidentes (10),cigarrillos,nacional,1.7
LA PRIMOROSA Presidentes CM,otros,nacional,1.2
LA PRIMOROSA Soles,otros,nacional,0.31
LA PRIMOROSA Soles CM,otros,nacional,0.24
LA REGENTA La Regenta 1921 Robusto (10),cigarrillos,nacional,8
LA REGENTA La Regenta Centenario (10),cigarrillos,nacional,9
LA REGENTA La Regenta Gran Toro (El envase de 10),otros,nacional,90
LA REGENTA La Regenta Gran Toro 1921 (10),cigarrillos,nacional,9
LA REGENTA La Regenta Half Corona (El envase de 10),otros,nacional,75
LA REGENTA La Regenta Half Corona 1921 (10),cigarrillos,nacional,7.5
LA REGENTA La Regenta Pirámide Añejo (El envase de 10),otros,nacional,120
LA REGENTA La Regenta Pirámide Añejo 1921 (10),cigarrillos,nacional,12
LA REGENTA La Regenta Robusto (25),cigarrillos,nacional,7
LA REGENTA La Regenta Robusto (El envase de 10),otros,nacional,80
LA REGENTA La Regenta Trompeta (10),cigarrillos,nacional,11
LA RICA HOJA Brevas,otros,nacional,0.42
LA RICA HOJA Brevas CM,otros,nacional,0.39
LA RICA HOJA Coronas nº 2,otros,nacional,0.55
LA RICA HOJA Coronas nº 2 CM,otros,nacional,0.52
LA RICA HOJA Elegantes Extra,otros,nacional,0.48
LA RICA HOJA Majestuosos,otros,nacional,1.5
LA RICA HOJA Yaguas Finas,otros,nacional,0.42
LA RICA HOJA Yaguas Finas CM,otros,nacional,0.39
LA ROSA DE SAN DIEGO La Rosa de San Diego Connecticut Robusto C (21),cigarrillos,nacional,6.5
LA ROSA DE SAN DIEGO La Rosa de San Diego Natural Gigante (10),cigarrillos,nacional,9.9
LA ROSA DE SAN DIEGO La Rosa de San Diego Natural Inmenso (21),cigarrillos,nacional,7.9
LA ROSA DE SAN DIEGO La Rosa de San Diego Natural Picoso (21),cigarrillos,nacional,7.4
LA ROSA DE SAN DIEGO La Rosa de San Diego Natural Robusto (21),cigarrillos,nacional,6.5
LA ROSA DE SAN DIEGO La Rosa de San Diego San Andres Maduro Gigante (10),cigarrillos,nacional,9.9
LA ROSA DE SAN DIEGO La Rosa de San Diego San Andres Maduro Inmenso (21),cigarrillos,nacional,7.9
LA ROSA DE SAN DIEGO La Rosa de San Diego San Andres Maduro Petit Bouquet (10),cigarrillos,nacional,7.9
LA ROSA DE SAN DIEGO La Rosa de San Diego San Andres Maduro Presidente (10),cigarrillos,nacional,8.9
LA ROSA DE SAN DIEGO La Rosa de San Diego San Andres Maduro Robusto (21),cigarrillos,nacional,6.5
LA TRAVIATA Divino by Cao (24),cigarrillos,nacional,3.6
LA TRAVIATA Favorito by Cao (24),cigarrillos,nacional,3.9
LA TRAVIATA Luminoso by Cao (30),cigarrillos,nacional,3.1
LA TRAVIATA Ninfas by Cao (El envase de 5),otros,nacional,10
La Tribu 150 Gr. XXL (150 g),tabaco-liar,nacional,11.1
La Tribu Exclusive Mixture (100 g),tabaco-liar,nacional,7.6
La Tribu Exclusive Mixture (20 g),tabaco-liar,nacional,1.7
La Tribu Exclusive Mixture (50 g),tabaco-liar,nacional,3.9
Lambert & Butler GLide Tec,otros,nacional,4.8
Lambert & Butler Gold,otros,nacional,7.75
Lambert & Butler KS,otros,nacional,7.75
Latino Heritage,otros,nacional,4.8
Latino Heritage Natural,otros,nacional,3.95
Latino Heritage Rubio,otros,nacional,3.95
Layalina 1001 Nights (50 g),tabaco-liar,nacional,3
Layalina 1001 Nights (50 g) CM,tabaco-liar,nacional,2.65
Layalina Apple Mania (50 g) CM,tabaco-liar,nacional,2.65
Layalina Blackberry(50 g),tabaco-liar,nacional,3
Layalina Blackberry(50 g) CM,tabaco-liar,nacional,2.65
Layalina Blueberry Melon (50 g),tabaco-liar,nacional,3
Layalina Blueberry Melon (50 g) CM,tabaco-liar,nacional,2.65
Layalina Breeze (50 g),tabaco-liar,nacional,3
Layalina Cherry Cola (50 g),tabaco-liar,nacional,3
Layalina Cherry Cola (50 g) CM,tabaco-liar,nacional,2.65
Layalina Double Apple (50 g),tabaco-liar,nacional,3
Layalina Double Apple (50 g) CM,tabaco-liar,nacional,2.65
Layalina Enab (50 g),tabaco-liar,nacional,3
Layalina Flamenco (50 g),tabaco-liar,nacional,3
Layalina Florida (50 g),tabaco-liar,nacional,3
Layalina Florida (50 g) CM,tabaco-liar,nacional,2.65
Layalina Grape (50 g) CM,tabaco-liar,nacional,2.65
Layalina Gum (50 g),tabaco-liar,nacional,3
Layalina Gum (50 g) CM,tabaco-liar,nacional,2.65
Layalina Gum Cinnamon (50 g),tabaco-liar,nacional,3
Layalina Gum Cinnamon (50 g) CM,tabaco-liar,nacional,2.65
Layalina Kiwi Strawberry (50 g),tabaco-liar,nacional,3
Layalina Kiwi Strawberry (50 g) CM,tabaco-liar,nacional,2.65
Layalina Lemon Mint (50 g),tabaco-liar,nacional,3
Layalina Lemon Mint (50 g) CM,tabaco-liar,nacional,2.65
Layalina Mango (50 g) CM,tabaco-liar,nacional,2.65
Layalina Mania (50 g),tabaco-liar,nacional,3
Layalina Mint (50 g) CM,tabaco-liar,nacional,2.65
Layalina Ocean Heaven (50 g),tabaco-liar,nacional,3
Layalina Ocean Heaven (50 g) CM,tabaco-liar,nacional,2.65
Layalina Passion Melon (50 g),tabaco-liar,nacional,3
Layalina Passion Melon (50 g) CM,tabaco-liar,nacional,2.65
Layalina Peach (50 g),tabaco-liar,nacional,3
Layalina Peach (50 g) CM,tabaco-liar,nacional,2.65
Layalina Raspberry Lemon (50 g),tabaco-liar,nacional,3
Layalina Raspberry Lemon (50 g) CM,tabaco-liar,nacional,2.65
Layalina Strawberry (50 g),tabaco-liar,nacional,3
Layalina Strawberry (50 g) CM,tabaco-liar,nacional,2.65
Layalina Watermelon (50 g),tabaco-liar,nacional,3
Layalina Watermelon (50 g) CM,tabaco-liar,nacional,2.65
Le Baron (100 g),tabaco-liar,nacional,6.9
Le Baron (150 g),tabaco-liar,nacional,10.5
LEON JIMENES  Limited Edition Robusto (25),cigarrillos,nacional,5.2
LEON JIMENES Belicoso (25),cigarrillos,nacional,4
LEON JIMENES Belicoso CM,otros,nacional,5.41
LEON JIMENES CONNECTICUT Nº 3 (5),otros,nacional,3.4
LEON JIMENES CONNECTICUT Rothschild (25),cigarrillos,nacional,3.2
LEON JIMENES León Jimenes Connecticut Nº 5 (25),cigarrillos,nacional,4.5
LEON JIMENES León Jimenes Connecticut Robusto (25),cigarrillos,nacional,5.7
LEON JIMENES León Jimenes Prestige Robusto Tubos (10),cigarrillos,nacional,7.2
LEON JIMENES Petit Coretto (10),cigarrillos,nacional,0.7
LEON JIMENES Petit Macchiato (10),cigarrillos,nacional,0.7
LEON JIMENES Prestige Churchill (20),cigarrillos,nacional,6
LEPANTO Nº 3 (25),cigarrillos,nacional,1.7
Liados American Blend (25 g),tabaco-liar,nacional,3.9
Liados American Blend (70 g),tabaco-liar,nacional,10.9
Liados American Blend Corte Fino (65 g),tabaco-liar,nacional,10
Liados Natural (25 g),tabaco-liar,nacional,3.9
LIGA PRIVADA Liga Privada 10 Selección de Mercado Robusto C (10),cigarrillos,nacional,23.5
LIGA PRIVADA Liga Privada 10 Selección de Mercado Toro C (10),cigarrillos,nacional,24.5
LIGA PRIVADA Liga Privada nº 9 Coronets (10),cigarrillos,nacional,2.75
LIGA PRIVADA Liga Privada No 9 Robusto (24),cigarrillos,nacional,22
LIGA PRIVADA Liga Privada T52 Coronets (10),cigarrillos,nacional,2.75
LIGA PRIVADA Liga Privada T-52 Robusto (24),cigarrillos,nacional,22
LIGA PRIVADA Liga Privada Unico Nasty Fritas (25),cigarrillos,nacional,8.55
LIGA PRIVADA Liga Privada Unico Nasty Fritas (50),cigarrillos,nacional,8.3
LIGA PRIVADA Liga Privada Unico Serie  UF-13 (12),cigarrillos,nacional,28
LIGA PRIVADA Liga Privada Unico Serie Feral Flying Pig (10),cigarrillos,nacional,30.5
LIGA PRIVADA Liga Privada Unico Serie L-40 (15),cigarrillos,nacional,20.4
LIGA PRIVADA Liga Privada Unico Velvet Rat (10),cigarrillos,nacional,23.6
LIGA PRIVADA Nº 9 Flying Pig (12),cigarrillos,nacional,24.6
LIGA PRIVADA T-52 Flying Pig (12),cigarrillos,nacional,24.6
Lince Tabaco de Pipa (50 g),tabaco-pipa,nacional,4
Lince Tabaco de pipa bolsa (50 g),tabaco-pipa,nacional,4
Lince Tabaco de pipa bolsa (80 g),tabaco-pipa,nacional,6.4
LOBO Lobo American Blend (El envase de 20),otros,nacional,2.75
Look Out Holland Classic (40 g),tabaco-liar,nacional,8
Löwenprise (10 g),tabaco-liar,nacional,2.5
Löwenprise (10 g) CM,tabaco-liar,nacional,2
Luckies Red (20),cigarrillos,nacional,4.85
Luckies Red (40),cigarrillos,nacional,9
Luckies Red 100s,otros,nacional,4.85
Luckies Red 23,otros,nacional,5.5
Lucky Strike Balanced For Glo (20),cigarrillos,nacional,3.5
Lucky Strike Blue,otros,nacional,5.85
Lucky Strike Compact Amber,otros,nacional,5.6
LUCKY STRIKE Crisp cigarritos (el envase de 20),cigarrillos,nacional,4.5
Lucky Strike Eclipse (20),cigarrillos,nacional,5.6
Lucky Strike Eclipse 21 Edicion Limitada  (21),cigarrillos,nacional,5.6
Lucky Strike entubar (84 g),tabaco-liar,nacional,19.9
Lucky Strike Gold For Glo (20),cigarrillos,nacional,4
Lucky Strike Liar y Entubar (30 g),tabaco-liar,nacional,6.8
Lucky Strike Original Tobacco,otros,nacional,5.75
Lucky Strike para liar (30 g),tabaco-liar,nacional,7
Lucky Strike Patterson 100s,otros,nacional,4.65
Lucky Strike Patterson 23 Limited,otros,nacional,5.25
Lucky Strike Red,otros,nacional,5.85
Lucky Strike Red 100's,otros,nacional,5.35
Lucky Strike Red Blando,otros,nacional,5.75
Lucky Strike Red CM,otros,nacional,3.75
Lucky Strike Red XL 40 s,otros,nacional,10.5
Lucky Strike Rich For Glo (20),cigarrillos,nacional,4
Lucky Strike Sea Breeze (20),cigarrillos,nacional,4.85
Lucky Strike Silver Bay,otros,nacional,5.75
Lucky Strike Tabaco de Volumen (53 g),tabaco-liar,nacional,12
Lucky Strike Twist (20),cigarrillos,nacional,5.6
Lucky Strike Twist For Glo (20),cigarrillos,nacional,4
Lucky Strike XL (23),cigarrillos,nacional,6.15
Lucky Strike XL (28),cigarrillos,nacional,7.6
Lucky Strike XL Tabaco de Volumen (88 g),tabaco-liar,nacional,20.4
LUIS MARTINEZ Robusto (25),cigarrillos,nacional,2.25
LUIS MARTINEZ Robusto Crystal Tubo (20),cigarrillos,nacional,3.75
LUIS MARTINEZ Tres Petit (El envase de 6),otros,nacional,10
Mac Baren 7 Seas Essential Virginia Blend (40 g),tabaco-liar,nacional,2.9
Mac Baren 7 Seas Gold Blend (40 g),tabaco-liar,nacional,4.1
Mac Baren 7 Seas Original Blend (20 g),tabaco-liar,nacional,2
Mac Baren 7 Seas Original Blend (40 g),tabaco-liar,nacional,3.6
Mac Baren 7 Seas Regular Blend (40 g),tabaco-liar,nacional,4.1
Mac Baren 7 Seas Royal Blend (40 g),tabaco-liar,nacional,4.1
Mac Baren Absolute Choice (40 g),tabaco-liar,nacional,7.5
Mac Baren Barista Choice #09 (30 g),tabaco-liar,nacional,5.3
Mac Baren Cherry Choice (40 g) CM,tabaco-liar,nacional,3.75
Mac Baren Classic Choice #02 (30 g),tabaco-liar,nacional,5.5
Mac Baren Classic Loose Cut (100 g),tabaco-liar,nacional,17.8
Mac Baren Classic Loose Cut (50 g),tabaco-liar,nacional,8.1
Mac Baren Classic Loose Cut (50 g) CM,tabaco-liar,nacional,4.75
Mac Baren Cube Premium Pipe Tobacco Gold (40 g),tabaco-liar,nacional,5.2
Mac Baren Cube Premium Pipe Tobacco Silver (40 g),tabaco-liar,nacional,5.2
Mac Baren Dark Choice #16 (30g),tabaco-liar,nacional,5.5
Mac Baren Golden Ambrosia (50 g),tabaco-liar,nacional,8.3
Mac Baren Golden Ambrosia (50 g) CM,tabaco-liar,nacional,4.75
Mac Baren HH Vintage Latakia (100 g),tabaco-liar,nacional,17.8
Mac Baren Mixture (100 g),tabaco-liar,nacional,18.5
Mac Baren Mixture (50 g),tabaco-liar,nacional,8
Mac Baren Mixture (50 g) CM,tabaco-liar,nacional,4.75
Mac Baren Mixture Edición Limitada (50 g),tabaco-liar,nacional,6.5
Mac Baren Mixture Flake (50 g),tabaco-liar,nacional,6
Mac Baren Mixture Moderm (50 g),tabaco-liar,nacional,5.5
Mac Baren Mixture Moderm (50 g) CM,tabaco-liar,nacional,3.75
Mac Baren Original Choice #01 (30 g),tabaco-liar,nacional,5.3
Mac Baren Original Choice (100 g),tabaco-liar,nacional,18.2
Mac Baren Original Choice (40 g),tabaco-liar,nacional,7.8
Mac Baren Original Choice (40 g) CM,tabaco-liar,nacional,4.75
Mac Baren Red Ambrosia (50 g),tabaco-liar,nacional,8
Mac Baren Red Ambrosia (50 g) CM,tabaco-liar,nacional,3.75
Mac Baren Royal Twist (100 g),tabaco-liar,nacional,25.5
Mac Baren Seven Seas Blue Blend (40 g),tabaco-liar,nacional,2.8
Mac Baren Seven Seas Blue Blend (70 g),tabaco-liar,nacional,6
Mac Baren Seven Seas Bright Blend (40 g),tabaco-liar,nacional,3.6
Mac Baren Seven Seas Bright Blend (70 g),tabaco-liar,nacional,6
Mac Baren Seven Seas Original Blend (70 g),tabaco-liar,nacional,6
Mac Baren Supreme Choice (40 g),tabaco-liar,nacional,7.5
Mac Baren Vanilla Choice Premium Rolling Tobacco (30 g) CM,tabaco-liar,nacional,2.5
Mac Baren Virginia Flake (50 g),tabaco-liar,nacional,10.9
Mac Lintock Black C. (100 g),tabaco-liar,nacional,11
Mac Lintock Black C. (50 g),tabaco-liar,nacional,5.5
Mac Lintock Wild C. (100 g),tabaco-liar,nacional,11
Mac Lintock Wild C. (50 g),tabaco-liar,nacional,5.5
MACANUDO  1968 Gigante (20),cigarrillos,nacional,7.4
MACANUDO  1968 Gigante (20) CM,cigarrillos,nacional,6.45
MACANUDO 1968 Collection Box 48  (El envase de 48),otros,nacional,295.8
MACANUDO 1968 Corona (20),cigarrillos,nacional,4.7
MACANUDO 1968 Corona (20)  CM,cigarrillos,nacional,4.15
MACANUDO 1968 Corona (4),otros,nacional,4.4
MACANUDO 1968 Corona (4) CM,otros,nacional,3.8
MACANUDO 1968 Court  (El envase de 5),otros,nacional,10
MACANUDO 1968 Robusto (20),cigarrillos,nacional,7
MACANUDO 1968 Robusto (20) CM,cigarrillos,nacional,6
MACANUDO 1968 Robusto (4),otros,nacional,6.7
MACANUDO 1968 Robusto (4) CM,otros,nacional,5.8
MACANUDO 1968 Rothschild (4),otros,nacional,4.7
MACANUDO 1968 Rothschild (4) CM,otros,nacional,4.1
MACANUDO 1968 Rotschild (20),cigarrillos,nacional,5
MACANUDO 1968 Rotschild (20) CM,cigarrillos,nacional,4.35
MACANUDO 1968 Titán (20),cigarrillos,nacional,5.4
MACANUDO 1968 Titán (20) CM,cigarrillos,nacional,4.75
MACANUDO Ascots (10),cigarrillos,nacional,1.62
MACANUDO Ascots Maduro (El envase de 10),otros,nacional,11.6
MACANUDO Ascots Maduro (El envase de 10) CM,otros,nacional,10
MACANUDO Benji Menéndez Master Series Majestuoso (20),cigarrillos,nacional,7.1
MACANUDO Benji Menéndez Master Series Majestuoso (3),otros,nacional,7.1
MACANUDO Café Court (El envase de 5),otros,nacional,10
MACANUDO Café Expositor (El Envase de 68),otros,nacional,388.9
MACANUDO Club Mini's (El envase de 20),otros,nacional,7.3
MACANUDO Club Mini's (El envase de 20) CM,otros,nacional,6.45
MACANUDO Doble Corona (10),cigarrillos,nacional,6.8
MACANUDO Doble Corona (10) CM,cigarrillos,nacional,5.9
MACANUDO Hampton Court Café (25),cigarrillos,nacional,4.85
MACANUDO Hampton Court Café (25) CM,cigarrillos,nacional,4.2
MACANUDO Hampton Court Maduro (25),cigarrillos,nacional,4.85
MACANUDO Hampton Court Maduro (25) CM,cigarrillos,nacional,4.2
MACANUDO Inspirado Black Gigante (10),cigarrillos,nacional,7.8
MACANUDO Inspirado Black Gordito (10),cigarrillos,nacional,6.4
MACANUDO Inspirado Gran Yema 9 Humidor (el envase de 9),otros,nacional,80.1
MACANUDO Inspirado Green Robusto (25),cigarrillos,nacional,6.2
MACANUDO Inspirado Green Toro (25),cigarrillos,nacional,6.6
MACANUDO Inspirado Marevas Humipack 1 (20),cigarrillos,nacional,4.5
MACANUDO Inspirado Miniaturas (8),otros,nacional,0.5
MACANUDO Inspirado Minutos (20),cigarrillos,nacional,4.5
MACANUDO Inspirado Puritos (el envase de 8),otros,nacional,6
MACANUDO Inspirado Red Gigante (20),cigarrillos,nacional,7
MACANUDO Inspirado Red Robusto Box Pressed (20),cigarrillos,nacional,6.2
MACANUDO Inspirado White Churchill (20),cigarrillos,nacional,6.3
MACANUDO Inspirado White Robusto (20),cigarrillos,nacional,5.9
MACANUDO Inspirado White Robusto Humipack (20),cigarrillos,nacional,5
MACANUDO Inspirado White Toro (20),cigarrillos,nacional,6.4
MACANUDO London Club Café (25),cigarrillos,nacional,3.1
MACANUDO London Club Café (25) CM,cigarrillos,nacional,2.75
MACANUDO London Club Maduro (25),cigarrillos,nacional,3.1
MACANUDO London Club Maduro (25) CM,cigarrillos,nacional,2.75
MACANUDO Lord's (25),cigarrillos,nacional,4.55
MACANUDO Lord's (25) CM,cigarrillos,nacional,4
MACANUDO M by Macanudo Dark Corona (20),cigarrillos,nacional,5.5
MACANUDO M by Macanudo Dark Toro (20),cigarrillos,nacional,5.7
MACANUDO M By Macanudo Dark Toro Freshpack  2 x 6 (2),otros,nacional,6
MACANUDO Macanudo Connecticut Ascots (10),cigarrillos,nacional,1.52
MACANUDO Macanudo Connecticut Ascots (10) CM,cigarrillos,nacional,1.5
MACANUDO Macanudo Emissary France Perfecto (16),cigarrillos,nacional,12.9
MACANUDO Macanudo Emissary France Robusto (16),cigarrillos,nacional,10.9
MACANUDO Macanudo Emissary Perfecto (16),cigarrillos,nacional,12.9
MACANUDO Macanudo Emissary Robusto (16),cigarrillos,nacional,10.9
MACANUDO Macanudo Estate Reserve Oak Barrel Churchill (10),cigarrillos,nacional,12
MACANUDO Macanudo Inspirado Black Robusto (20),cigarrillos,nacional,6.6
MACANUDO Macanudo Inspirado Black Toro (20),cigarrillos,nacional,7.1
MACANUDO Macanudo Inspirado Jamao (20),cigarrillos,nacional,12
MACANUDO Macanudo Inspirado Limited Edition 2022 (10),cigarrillos,nacional,10
MACANUDO Macanudo Inspirado line-up Freshpack (El envase de 5),otros,nacional,30
MACANUDO Macanudo Inspirado Orange Gigante (20),cigarrillos,nacional,6.5
MACANUDO Macanudo Inspirado Orange Lancero (20),cigarrillos,nacional,6.4
MACANUDO Macanudo Inspirado Orange Robusto (20),cigarrillos,nacional,5.9
MACANUDO Macanudo Inspirado Red Toro (20),cigarrillos,nacional,6.4
MACANUDO Macanudo Inspirado Robusto Sampler (El envase de 5),otros,nacional,27.2
MACANUDO Macanudo Inspirado Tercio Aged Toro (10),cigarrillos,nacional,11
MACANUDO Macanudo Inspirado Whit Short Corona (5),otros,nacional,4.8
MACANUDO Macanudo Inspirado White Robusto alu tube (10),cigarrillos,nacional,7.5
MACANUDO Macanudo Inspirado White Robusto Freshpack 3 x 6 (3),otros,nacional,6.25
MACANUDO Macanudo Inspirado White Rothschild (20),cigarrillos,nacional,5.5
MACANUDO Macanudo Silencio Los Rios Toro Metal Square Tube (20),cigarrillos,nacional,16.5
MACANUDO Macanudo Vintage 2013 Maduro Toro Grande (20),cigarrillos,nacional,15
MACANUDO Macanudo Year of the Rabbit 10 ES (10),cigarrillos,nacional,15
MACANUDO Maduro Diplomat (25),cigarrillos,nacional,6.55
MACANUDO Maduro Diplomat (25) CM,cigarrillos,nacional,5.7
MACANUDO Maduro Hyde Park Robusto (25),cigarrillos,nacional,6.55
MACANUDO Maduro Hyde Park Robusto (25) CM,cigarrillos,nacional,5.7
MACANUDO Nº 4 (25),cigarrillos,nacional,4.25
MACANUDO Nº 4 (25) CM,cigarrillos,nacional,3.7
MACANUDO Pirámides (25),cigarrillos,nacional,6.8
MACANUDO Pirámides (25) CM,cigarrillos,nacional,5.9
MACANUDO Robusto (25),cigarrillos,nacional,6.55
MACANUDO Robusto (25) CM,cigarrillos,nacional,5.7
MACANUDO Vintage Cabinet Selection 2000 (20),cigarrillos,nacional,15
MACARENA Doble Corona,otros,nacional,1.6
MACARENA Doble Corona CM,otros,nacional,1.5
MACARENA Doble Corona Mazo,otros,nacional,1.4
MACARENA Lonsdale CM,otros,nacional,1.1
MACARENA Robusto,otros,nacional,1.4
MACARENA Robusto CM,otros,nacional,1.3
MACARENA Robusto Mazo,otros,nacional,1.2
MACARENA Toro,otros,nacional,1.5
MACARENA Toro CM,otros,nacional,1.4
MACARENA Toro Mazo,otros,nacional,1.3
Macbaren 7 Seas Essential Virginia Blend (70 g),tabaco-liar,nacional,5
MACOBA Cigarrito Filter Vanilla (El Envase de 20),cigarrillos,nacional,3.95
MACOBA Cigarrito Finest Vanilla (El envase de 20),cigarrillos,nacional,3.5
Maddox Negro Cigar Tobacco (25 g),tabaco-liar,nacional,3.45
Maddox Negro Cigar Tobacco (70 g),tabaco-liar,nacional,9.7
Maddox Rubio Cigar Tobacco (25 g),tabaco-liar,nacional,3.45
Maddox Rubio Cigar Tobacco (70 g),tabaco-liar,nacional,9.7
Maddox2 Blue (20),cigarrillos,nacional,4.5
Maddox2 Red (20),cigarrillos,nacional,4.5
Maddox2 Silver (20),cigarrillos,nacional,4.5
Mademoiselle La Bleue SSL (20),cigarrillos,nacional,4.6
Mademoiselle La Fresh SSL (20),cigarrillos,nacional,4.6
Mademoiselle La Plus SSL (20),cigarrillos,nacional,4.6
Mademoiselle La Rose SSL (20),cigarrillos,nacional,4.6
Makla Africaine Bentchikou (20 g),tabaco-liar,nacional,1.2
Makla Africaine Bentchikou (25 g) CM,tabaco-liar,nacional,1.4
Makla Bouhlel Bentchicou Rouge (20 g),tabaco-liar,nacional,1.7
Makla Bouhlel Bentchicou Rouge (20 g) CM,tabaco-liar,nacional,1.5
Makla Bouhlel Bentchikou (30 g),tabaco-liar,nacional,1.4
Makla Bouhlel Bentchikou (30 g) CM,tabaco-liar,nacional,1.3
Makla El Kantara (20 g),tabaco-liar,nacional,1.6
Makla El Kantara (20 g) CM,tabaco-liar,nacional,1.5
Makla Ifrikia (20 g),tabaco-liar,nacional,1.85
Makla Ifrikia (20 g) CM,tabaco-liar,nacional,1.65
Makla Platinium (20 g),tabaco-liar,nacional,1.2
Makla Shems (15 g),tabaco-liar,nacional,1
Makla Shems (15 g) CM,tabaco-liar,nacional,0.85
Mala Vida Amber (15 g),tabaco-liar,nacional,1.3
Mala Vida Amber (150 g),tabaco-liar,nacional,11.5
Mala Vida Brown (100 g),tabaco-liar,nacional,7.95
Mala Vida Brown (20 g),tabaco-liar,nacional,1.7
Mala Vida Green (20 g),tabaco-liar,nacional,1.8
Mala Vida Red (30 g),tabaco-liar,nacional,2.5
Mala Vida Red (60 g),tabaco-liar,nacional,5
Mala Vida Shisha blubrry mnt (50 g),tabaco-liar,nacional,2.95
Mala Vida Shisha chrry mnt (50 g),tabaco-liar,nacional,2.95
Mala Vida Shisha ornge mnt (50 g),tabaco-liar,nacional,2.95
Mala Vida Shisha pna clada (50 g),tabaco-liar,nacional,2.95
Mala Vida Shisha swet mlon (50 g),tabaco-liar,nacional,2.95
Mala Vida Shisha vanlla cinamn (50 g),tabaco-liar,nacional,2.95
Mala Vida Shisha wtermlon mnt (50 g),tabaco-liar,nacional,2.95
Mammut Yelow Smoke (50 g),tabaco-liar,nacional,3
Mammut Yelow Smoke (50 g) CM,tabaco-liar,nacional,2.15
Manitou Extra Fine Green (20),cigarrillos,nacional,4.5
Manitou Fine Cut Virginia Gold (100 g),tabaco-liar,nacional,19
Manitou Fine Cut Virginia Gold (100 g) CM,tabaco-liar,nacional,9.6
Manitou Fine Green (20),cigarrillos,nacional,5.2
Manitou Green (50 g),tabaco-liar,nacional,10.2
Manitou Nativo Blend Nº 8 Red (20),cigarrillos,nacional,4.8
Manitou Nativo Blend Nº5 Blue (20),cigarrillos,nacional,4.8
Manitou Nativo Nº 5 Blue (30 g),tabaco-liar,nacional,5.9
Manitou Nativo Nº 8 Red (30 g),tabaco-liar,nacional,5.9
Manitou Virginia Fine Green (30 g),tabaco-liar,nacional,6.5
Manitou Virginia Fine Green (30 g) CM,tabaco-liar,nacional,3.5
Manitou Virginia Gold (20),cigarrillos,nacional,5
Manitou Virginia Gold (30 g),tabaco-liar,nacional,5.9
Manitou Virginia Gold (30 g) CM,tabaco-liar,nacional,3.85
Manitou Virginia Gold (50 g),tabaco-liar,nacional,9.7
Manitou Virginia Gold CM,otros,nacional,2.05
Manitou Virginia Green (100 g),tabaco-liar,nacional,21
Manitou Virginia Green (20),cigarrillos,nacional,5.2
Manitou Virginia Green (30 g),tabaco-liar,nacional,6.5
Manitou Virginia Green (30 g) CM,tabaco-liar,nacional,4.6
Manitou Virginia Original 20,otros,nacional,4.5
Manitou Virginia Pink (100 g),tabaco-liar,nacional,19
Manitou Virginia Pink (20),cigarrillos,nacional,5
Manitou Virginia Pink (30 g),tabaco-liar,nacional,5.9
Manitou Virginia Pink (30 g) CM,tabaco-liar,nacional,3
Manitou Virginia Pink (50 g),tabaco-liar,nacional,9.7
Manitou Virginia Pink CM,otros,nacional,2.05
Manitou Virginia Sky (20),cigarrillos,nacional,5
Manitou Virginia Sky (30 g),tabaco-liar,nacional,5.9
Manitou Virginia Sky (30 g) CM,tabaco-liar,nacional,3
Manitou Virginia Sky CM,otros,nacional,2.05
Manitou Virginia White (30 g),tabaco-liar,nacional,6.3
Marif Chm (50 g),tabaco-liar,nacional,2.95
Marif Cm (50 g),tabaco-liar,nacional,2.95
Marif Daem (50 g),tabaco-liar,nacional,2.95
Marif Double A (50 g),tabaco-liar,nacional,2.95
Marif G (50 g),tabaco-liar,nacional,2.95
Marif Gb (50 g),tabaco-liar,nacional,2.95
Marif Mg (50 g),tabaco-liar,nacional,2.95
Marif Mixed F (50 g),tabaco-liar,nacional,2.95
Marif Om (50 g),tabaco-liar,nacional,2.95
Marif Wm (50 g),tabaco-liar,nacional,2.95
Marif Wmc (50 g),tabaco-liar,nacional,2.95
Mark 1 American Blend (20),cigarrillos,nacional,4.7
Mark 1 American Blend (20) CM,cigarrillos,nacional,2.6
Mark 1 American Blend 25,otros,nacional,5.7
Mark 1 American Blend 25 CM,otros,nacional,3.2
Mark 1 Break,otros,nacional,5
Mark 1 Deluxe 100's C (20),cigarrillos,nacional,4.7
Mark 1 Deluxe C (20),cigarrillos,nacional,4.7
Mark 1 Golden 100's (20),cigarrillos,nacional,4.7
Mark 1 Golden Blend (20),cigarrillos,nacional,4.7
Mark 1 Golden Blend (20) CM,cigarrillos,nacional,2.6
Mark 1 Negro (20),cigarrillos,nacional,4.7
Mark 1 Negro (20) CM,cigarrillos,nacional,2.6
Mark 1 Red 100's (20),cigarrillos,nacional,4.6
Mark 1 Red 100's (20) CM,cigarrillos,nacional,2.6
Mark -1 Volume Tobacco (20 g),tabaco-liar,nacional,3.4
Mark 1 White & Silver (20),cigarrillos,nacional,4.7
Mark 1 White & Silver (20) CM,cigarrillos,nacional,2.6
Mark Adams N.1 VT Rubio (400 g),tabaco-liar,nacional,66.5
Mark Adams Nº 1 American Blend (100 g),tabaco-liar,nacional,4
Mark Adams nº 1 Gold (90 g),tabaco-liar,nacional,4
Mark Adams Nº 1 Halfzware (100 g),tabaco-liar,nacional,4
Mark-1 Volume Tobacco Stand Up (100 g),tabaco-liar,nacional,15.95
Marlboro Crafted 100s Box 20,otros,nacional,5.25
Marlboro Crafted 23,otros,nacional,5.75
Marlboro Crafted 35,otros,nacional,8.7
Marlboro Crafted Arctic (20),cigarrillos,nacional,5.5
Marlboro Crafted Blando (20),cigarrillos,nacional,4.85
Marlboro Crafted KSB (20),cigarrillos,nacional,5.1
Marlboro Crafted KSB (20) CM,cigarrillos,nacional,3.5
Marlboro Crafted Selection (30 g),tabaco-liar,nacional,6.8
Marlboro Crafted Selection (65 g),tabaco-liar,nacional,15.15
Marlboro Crafted Selection 90G Doble Compartimento (90 g),tabaco-liar,nacional,20.9
Marlboro Gold 100'S,otros,nacional,6
Marlboro Gold Duro,otros,nacional,6.25
Marlboro Gold Duro CM,otros,nacional,4.4
Marlboro Gold Original Tubing & Rolling (30 g),tabaco-liar,nacional,7.1
Marlboro Gold Rolling and Tubing (70 g),tabaco-liar,nacional,16.4
Marlboro Pocket Pack (Corto),otros,nacional,6
Marlboro Red (35),cigarrillos,nacional,10
Marlboro Red 100'S,otros,nacional,6
Marlboro Red 40s,otros,nacional,11.7
Marlboro Red Blando,otros,nacional,6.25
Marlboro Red Blando CM,otros,nacional,4.4
Marlboro Red Duro,otros,nacional,6.25
Marlboro Red Duro CM,otros,nacional,4.4
Marlboro Red KS 22,otros,nacional,6.7
Marlboro Red Rolling & Tubing (70 g),tabaco-liar,nacional,16.4
Marlboro Red Tubing & Rolling (30 g),tabaco-liar,nacional,7.1
Marlboro Touch Azul,otros,nacional,6
MARQUES DE LA PALMA Viuditas25,otros,nacional,0.5
MARQUES DE LA PALMA Viuditas25 CM,otros,nacional,0.4
Master Cut Pipa (80 g),tabaco-pipa,nacional,6.25
Master Cut Pipa Bolsa (64 g),tabaco-pipa,nacional,4.9
MATACAN Robusto,otros,nacional,1.7
MATILDE Oscura Corona (20),cigarrillos,nacional,8.5
MATILDE Oscura Grande (20),cigarrillos,nacional,9.95
MATILDE Oscura Robusto (20),cigarrillos,nacional,8.95
MATILDE Oscura Toro Bravo (20),cigarrillos,nacional,9.5
MATILDE Renacer Corona (20),cigarrillos,nacional,8.5
MATILDE Renacer Grande (20),cigarrillos,nacional,9.95
MATILDE Renacer Robusto (20),cigarrillos,nacional,8.95
MATILDE Renacer Toro Bravo (20),cigarrillos,nacional,9.5
MATILDE Serena Corona (20),cigarrillos,nacional,7.5
MATILDE Serena Grande (20),cigarrillos,nacional,8.95
MATILDE Serena Robusto (20),cigarrillos,nacional,7.95
MATILDE Serena Toro Bravo (20),cigarrillos,nacional,8.5
Matrix (40 g),tabaco-liar,nacional,4.6
MATRIX Cigarritos (El envase de 20),cigarrillos,nacional,1.3
Matrix Lata Fine Cut (200 g),tabaco-liar,nacional,29.95
Maya Original (30 g) IP,tabaco-liar,nacional,5.65
Maya Original PF,otros,nacional,5.2
Maya Virginia (30 g) IP,tabaco-liar,nacional,5.65
Mayfair Fine,otros,nacional,4.45
Mayfair King Size,otros,nacional,7.4
Mayfair Sky Blue,otros,nacional,7.15
Mayfair Sky Blue 20s (20) Duty Free,cigarrillos,nacional,7.4
Mayfair Superkings,otros,nacional,7.4
Mayflower (50 g) CM,tabaco-liar,nacional,3.6
Mazaya French Tobacco Molasses Bahraini App (200 g),tabaco-liar,nacional,10
Mazaya French Tobacco Molasses Bahraini App (200 g) CM,tabaco-liar,nacional,6
Mazaya French Tobacco Molasses Blu Aloha (50 g),tabaco-liar,nacional,2.5
Mazaya French Tobacco Molasses Blu Aloha (50 g) CM,tabaco-liar,nacional,1.5
Mazaya French Tobacco Molasses Blu Sun (50 g),tabaco-liar,nacional,2.5
Mazaya French Tobacco Molasses Blu Sun (50 g) CM,tabaco-liar,nacional,1.5
Mazaya French Tobacco Molasses Blueberry & Mint (50 g),tabaco-liar,nacional,2.5
Mazaya French Tobacco Molasses Blueberry & Mint (50 g) CM,tabaco-liar,nacional,1.5
Mazaya French Tobacco Molasses Blueberry & Orange (50 g),tabaco-liar,nacional,2.5
Mazaya French Tobacco Molasses Blueberry & Orange (50 g) CM,tabaco-liar,nacional,1.5
Mazaya French Tobacco Molasses Blueberry Exotica (50 g),tabaco-liar,nacional,2.5
Mazaya French Tobacco Molasses Blueberry Exotica (50 g) CM,tabaco-liar,nacional,1.5
Mazaya French Tobacco Molasses Electric Dream (50 g),tabaco-liar,nacional,2.5
Mazaya French Tobacco Molasses Electric Dream (50 g) CM,tabaco-liar,nacional,1.5
Mazaya French Tobacco Molasses Exotic Blu (200 g),tabaco-liar,nacional,10
Mazaya French Tobacco Molasses Exotic Blu (200 g) CM,tabaco-liar,nacional,6
Mazaya French Tobacco Molasses Exotic Bunch (50 g),tabaco-liar,nacional,2.5
Mazaya French Tobacco Molasses Exotic Bunch (50 g) CM,tabaco-liar,nacional,1.5
Mazaya French Tobacco Molasses Fuzzy Bang (50 g),tabaco-liar,nacional,2.5
Mazaya French Tobacco Molasses Fuzzy Bang (50 g) CM,tabaco-liar,nacional,1.5
Mazaya French Tobacco Molasses Fuzzy BreeZ (50 g),tabaco-liar,nacional,2.5
Mazaya French Tobacco Molasses Fuzzy BreeZ (50 g) CM,tabaco-liar,nacional,1.5
Mazaya French Tobacco Molasses Fuzzy Swirl (50 g),tabaco-liar,nacional,2.5
Mazaya French Tobacco Molasses Fuzzy Swirl (50 g) CM,tabaco-liar,nacional,1.5
Mazaya French Tobacco Molasses Grape & Berry (50 g),tabaco-liar,nacional,2.5
Mazaya French Tobacco Molasses Grape & Berry (50 g) CM,tabaco-liar,nacional,1.5
Mazaya French Tobacco Molasses Lemon & Mint (50 g),tabaco-liar,nacional,2.5
Mazaya French Tobacco Molasses Lemon & Mint (50 g) CM,tabaco-liar,nacional,1.5
Mazaya French Tobacco Molasses LOLzy (50 g),tabaco-liar,nacional,2.5
Mazaya French Tobacco Molasses LOLzy (50 g) CM,tabaco-liar,nacional,1.5
Mazaya French Tobacco Molasses Melon (250 g),tabaco-liar,nacional,12
Mazaya French Tobacco Molasses Mint (1000 g),tabaco-liar,nacional,46
Mazaya French Tobacco Molasses Mint (1000 g) CM,tabaco-liar,nacional,26
Mazaya French Tobacco Molasses Mystic Slice (50 g),tabaco-liar,nacional,2.5
Mazaya French Tobacco Molasses Mystic Slice (50 g) CM,tabaco-liar,nacional,1.5
Mazaya French Tobacco Molasses Orange (50 g),tabaco-liar,nacional,2.5
Mazaya French Tobacco Molasses Orange (50 g) CM,tabaco-liar,nacional,1.5
Mazaya French Tobacco Molasses Pineapple & Mint  (50 g),tabaco-liar,nacional,2.5
Mazaya French Tobacco Molasses Pineapple & Mint  (50 g) CM,tabaco-liar,nacional,1.5
Mazaya French Tobacco Molasses Rainblow (50 g),tabaco-liar,nacional,2.5
Mazaya French Tobacco Molasses Rainblow (50 g) CM,tabaco-liar,nacional,1.5
Mazaya French Tobacco Molasses Tropicano (50 g),tabaco-liar,nacional,2.5
Mazaya French Tobacco Molasses Two Apple (50 g),tabaco-liar,nacional,2.5
Mazaya French Tobacco Molasses Two Apple (50 g) CM,tabaco-liar,nacional,1.5
"MC Brown (4,6)",otros,nacional,4
"MC Brown (4,6) CM",otros,nacional,3.3
"MC Cosmic Gold (3,8 g)",otros,nacional,3.6
"MC Cosmic Red (3,8 g)",otros,nacional,3.6
"MC Gold (4,6 g)",otros,nacional,4
"MC Gold (4,6 g) CM",otros,nacional,3.3
MC Gold Dispositivo (46 g),tabaco-liar,nacional,40
"MC Green Intense (4,6 g)",otros,nacional,4
"MC Green Intense (4,6 g) CM",otros,nacional,3.3
"MC Orange (4,6)",otros,nacional,4
"MC Orange (4,6) CM",otros,nacional,3.3
"MC Red (4,6 g)",otros,nacional,4
"MC Red (4,6 g) CM",otros,nacional,3.3
MC Red Dispositivo (46 g),tabaco-liar,nacional,40
"MC Violet (4,6 g)",otros,nacional,4
"MC Violet (4,6 g) CM",otros,nacional,3.3
McChrystal's Original & Genuine Snuff (4 g),tabaco-liar,nacional,1
McChrystal's Original & Genuine Snuff (4 g) CM,tabaco-liar,nacional,0.65
McChrystal's Original & Genuine Snuff Glacier (4 g),tabaco-liar,nacional,1
McChrystal's Original & Genuine Snuff Olde English (4 g),tabaco-liar,nacional,1
McChrystal's Original & Genuine Snuff Sunset (4 g),tabaco-liar,nacional,1
Mcconnell Black Parrot Special Cut (100 g),tabaco-liar,nacional,28
Mcconnell Boutique Blend (50 g),tabaco-liar,nacional,16.2
Mcconnell Covent Garden (50 g),tabaco-liar,nacional,16.2
Mcconnell Glen Piper (100 g),tabaco-liar,nacional,28
Mcconnell Highgate (50 g),tabaco-liar,nacional,19.8
Mcconnell Latakia Flake (50 g),tabaco-liar,nacional,18
Mcconnell Marylebone (50 g),tabaco-liar,nacional,16.2
Mcconnell Oriental (100 g),tabaco-liar,nacional,26
Mcconnell Pure 100% Cuba (50 g),tabaco-liar,nacional,16.2
Mcconnell Pure Latakia (50 g),tabaco-liar,nacional,18
Mcconnell Pure Perique (50 g),tabaco-liar,nacional,18
Mcconnell Pure Virginia (50 g),tabaco-liar,nacional,16.2
Mcconnell Red Virginia (100 g),tabaco-liar,nacional,28
Mcconnell Scottish Ck (100 g),tabaco-liar,nacional,28
Mecánicos Extra Filtro,otros,nacional,4.8
MEERAPFEL Meerapfel Churchill 7x47  (25),cigarrillos,nacional,55.8
MEERAPFEL Meerapfel Doble Robusto 5 3/4x52 (10),cigarrillos,nacional,99.2
MEERAPFEL Meerapfel La Estancia 52 (10),cigarrillos,nacional,34.9
MEERAPFEL Meerapfel La Estancia 56 (10),cigarrillos,nacional,38
MEERAPFEL Meerapfel La Estancia 60 (10),cigarrillos,nacional,39.8
MEERAPFEL Meerapfel Meir Pyramid 6 1/8 X 52 (25),cigarrillos,nacional,65.1
MEERAPFEL Meerapfel Meir Robusto 4 7/8 X 50 (25),cigarrillos,nacional,49.6
MERCATOR Fiesta (El Envase de 10),otros,nacional,2.1
MERCATOR Fiesta Naturel (El Envase de 10),otros,nacional,2.2
MERCATOR Mini (El Envase de 10),otros,nacional,2
MERCATOR Mini Mellow (El Envase de 10),otros,nacional,2
MERCATOR Primera Selección (El Envase de 10),otros,nacional,2.1
MINI DAVIDOFF Cigar 20*5 C Kubr Pack PW (El envase de 20),puros,nacional,9.8
MINI DAVIDOFF Cigar 20*5 P Kubr Pack PW (20),puros,nacional,0.55
MINI DAVIDOFF Cigar Silver (El envase de 20),puros,nacional,15.2
MINI DAVIDOFF Cigarillos Gold (10),puros,nacional,0.67
MINI DAVIDOFF Cigarillos Gold (El envase de 10),puros,nacional,7.6
MINI DAVIDOFF Cigarritos Limited Edition (el envase de 10),cigarrillos,nacional,8
MINI DAVIDOFF Davidoff Gold (El envase de 20),otros,nacional,15.2
MINI DAVIDOFF Davidoff Gold (El envase de 20) CM,otros,nacional,12.74
MINI DAVIDOFF L.E. Lanzamiento (El envase de 50),otros,nacional,7.5
MINI DAVIDOFF Mini Davidoff (El envase de 50),otros,nacional,38
MINI DAVIDOFF Mix (el envase de 360),otros,nacional,170
MINI DAVIDOFF Nicaragua (El envase de 20),otros,nacional,12.4
MINI DAVIDOFF Nicaragua (El envase de 5),otros,nacional,3.1
MINI DAVIDOFF Platinum (El envase de 10),otros,nacional,6.15
MINI DAVIDOFF Platinum (El envase de 20),otros,nacional,12.5
MIRO Capa Negra Lonsdale (20),cigarrillos,nacional,3
MIRO Capa Negra Momentos (20),cigarrillos,nacional,3.2
MIRO Capa Negra Toros (20),cigarrillos,nacional,5
MIRO Gold Series 3 Toros (3),otros,nacional,3.95
MIRO Gordos (20),cigarrillos,nacional,4.5
MIRO Mini Torpedo (15),cigarrillos,nacional,3
MIRO Perlas (24),cigarrillos,nacional,2.2
MIRO Robusto (20),cigarrillos,nacional,4.5
MIRO Robusto Mazo (25),cigarrillos,nacional,0.6
MIRO Short Robusto (15),cigarrillos,nacional,3.95
MIRO Toros (20),cigarrillos,nacional,4
Missisipi (70 g),tabaco-liar,nacional,5.75
Missisipi Brown (100 g),tabaco-liar,nacional,6.4
Missisipi Brown Bolsa (100 g),tabaco-liar,nacional,7.7
Missisipi Original (20 g),tabaco-liar,nacional,1.7
Missisipi Original (35 g),tabaco-liar,nacional,2.6
Missisipi Virginia (35 g),tabaco-liar,nacional,3
Missisipi Virginia (70 g),tabaco-liar,nacional,5
MITHOLOGY Arpía Robusto (20),cigarrillos,nacional,13
MITHOLOGY Arpía Toro (20),cigarrillos,nacional,14
MITHOLOGY Satiro Robusto (20),cigarrillos,nacional,13
MITHOLOGY Satiro Toro (20),cigarrillos,nacional,14
Moe's Blue Beast (50 g),tabaco-liar,nacional,4.4
Moe's Blue Beast (50 g) CM,tabaco-liar,nacional,3.2
Moe's Pink King (50 g),tabaco-liar,nacional,4.4
Moe's Pink King (50 g) CM,tabaco-liar,nacional,3.2
MOGADOR Sweets (El Envase de 20),otros,nacional,2.1
MONSEÑOR DE LA ROMANA Nº 4 (20),cigarrillos,nacional,1.5
MONTE NEGRO 15 Minutos (10),cigarrillos,nacional,1.4
MONTE NEGRO 3 Coronas (3),otros,nacional,1.1
MONTE NEGRO 3 Panetelas (3),otros,nacional,0.95
MONTE NEGRO Anticrisis (50),cigarrillos,nacional,0.35
MONTE NEGRO Brevas Especiales (25),cigarrillos,nacional,0.55
MONTE NEGRO Brevas Especiales (25) CM,cigarrillos,nacional,0.5
MONTE NEGRO Bucaneros (El envase de 10),otros,nacional,3
MONTE NEGRO Bucaneros (El envase de 10) CM,otros,nacional,2
MONTE NEGRO Bucaneros Cuba (El envase de 10),otros,nacional,3
MONTE NEGRO Bucaneros Cuba Blend (El envase de 10) CM,otros,nacional,2
MONTE NEGRO Bucaneros Mini (10),cigarrillos,nacional,0.2
MONTE NEGRO Bucaneros Mini (10) CM,cigarrillos,nacional,0.15
MONTE NEGRO Coronas (25),cigarrillos,nacional,0.55
MONTE NEGRO Coronas 48 Humidor (48),cigarrillos,nacional,1.7
MONTE NEGRO Coronas 48 Humidor (48) CM,cigarrillos,nacional,0.8
MONTE NEGRO Coronitas (25),cigarrillos,nacional,0.34
MONTE NEGRO Coronitas (25) CM,cigarrillos,nacional,0.3
MONTE NEGRO Corsarios (El envase de 10),otros,nacional,2.9
MONTE NEGRO Corsarios (El envase de 10) CM,otros,nacional,2.7
MONTE NEGRO Cristales Número 3 (24),cigarrillos,nacional,2.35
MONTE NEGRO Especiales Mazo (25),cigarrillos,nacional,1.8
MONTE NEGRO Gordo (10),cigarrillos,nacional,2.1
MONTE NEGRO Magnum (10),cigarrillos,nacional,1.9
MONTE NEGRO Mini Torpedo (10),cigarrillos,nacional,1.5
MONTE NEGRO Minis (El Envase de 10),otros,nacional,2
MONTE NEGRO Monte Negro Enorme (5),otros,nacional,2.2
MONTE NEGRO Panetelas (25),cigarrillos,nacional,1.4
MONTE NEGRO Panetelas 80 Humidor (80),cigarrillos,nacional,0.95
MONTE NEGRO Panetelas 80 Humidor (80) CM,cigarrillos,nacional,0.75
MONTE NEGRO Petit Robusto (10),cigarrillos,nacional,1.5
MONTE NEGRO Piratas (el envase de 10),otros,nacional,2.9
MONTE NEGRO Piratas (el envase de 10) CM,otros,nacional,2.7
MONTE NEGRO Piratas (el envase de 5),otros,nacional,1.4
MONTE NEGRO Piratas (el envase de 5) CM,otros,nacional,1.1
MONTE NEGRO Robusto Cuban Seeds (5),otros,nacional,2
MONTE NEGRO Robusto Mazo (25),cigarrillos,nacional,1.9
MONTE NEGRO Robusto Nicaragua (5),otros,nacional,2
MONTE NEGRO Robusto Republica Dominicana (5),otros,nacional,2
MONTE NEGRO Robustos (25),cigarrillos,nacional,0.55
MONTE NEGRO Serie Oro (24),cigarrillos,nacional,2.4
MONTE NEGRO Serie Oro CM,otros,nacional,1.65
MONTE NEGRO Serie Oro Edición Especial (24),cigarrillos,nacional,2.3
MONTE NEGRO Serie Oro Edición Especial Limitada,otros,nacional,1.95
MONTE NEGRO Serie Oro Edición Especial Limitada CM,otros,nacional,1.65
MONTE NEGRO Sublimes (24),cigarrillos,nacional,1.9
MONTE NEGRO Sublimes 2 (24),cigarrillos,nacional,2.5
MONTE NEGRO Toro (10),cigarrillos,nacional,2
MONTE NEGRO Torpedos Mazo (25),cigarrillos,nacional,2
MONTE NEGRO Volcano (10),cigarrillos,nacional,0.25
MONTE NEGRO Volcano (10) CM,cigarrillos,nacional,0.2
MONTEALTO Cristal (20),cigarrillos,nacional,2.95
MONTEALTO Presidente (10),cigarrillos,nacional,6.5
MONTEALTO Robustos (25),cigarrillos,nacional,2.94
MONTECRISTO Club (El envase de 10),otros,nacional,8
MONTECRISTO Club (El envase de 10) CM,otros,nacional,6.75
MONTECRISTO Club (El envase de 20),otros,nacional,15.6
MONTECRISTO Club (El envase de 20) CM,otros,nacional,13.15
MONTECRISTO Colección Vintage Montecristo Nº 1 (19),cigarrillos,nacional,25.8
MONTECRISTO Dantes (10) el 2016,cigarrillos,nacional,67
MONTECRISTO Double Edmundo (10),cigarrillos,nacional,25.8
MONTECRISTO Double Edmundo (10) CM,cigarrillos,nacional,21.8
MONTECRISTO Double Edmundo (25),cigarrillos,nacional,25.8
MONTECRISTO Double Edmundo (25) CM,cigarrillos,nacional,21.8
MONTECRISTO Double Edmundo (3),otros,nacional,25.8
MONTECRISTO Double Edmundo (3) CM,otros,nacional,21.8
MONTECRISTO Edmundo (25),cigarrillos,nacional,25.7
MONTECRISTO Edmundo (25) CM,cigarrillos,nacional,21.75
MONTECRISTO Edmundo (3),otros,nacional,25.7
MONTECRISTO Edmundo (3) CM,otros,nacional,21.75
MONTECRISTO Especial (25),cigarrillos,nacional,25.4
MONTECRISTO Especial (25) CM,cigarrillos,nacional,21.5
MONTECRISTO Especial Nº 2 (25),cigarrillos,nacional,18.9
MONTECRISTO Especial Nº 2 (25) CM,cigarrillos,nacional,16
MONTECRISTO Gran Pirámides Libro (20),cigarrillos,nacional,356.9
MONTECRISTO Joyitas (25),cigarrillos,nacional,9
MONTECRISTO Joyitas (25) CM,cigarrillos,nacional,7.65
MONTECRISTO Linea 1935 Dumas (20),cigarrillos,nacional,52
MONTECRISTO Linea 1935 Leyenda (20),cigarrillos,nacional,75.5
MONTECRISTO Linea 1935 Maltes (20),cigarrillos,nacional,66
MONTECRISTO Media Corona (el envase de 5),otros,nacional,41
MONTECRISTO Medias Coronas (25),cigarrillos,nacional,7.9
MONTECRISTO Medias Coronas (25) CM,cigarrillos,nacional,6.7
MONTECRISTO Mini (El envase de 10),otros,nacional,6.3
MONTECRISTO Mini (El envase de 10) CM,otros,nacional,5.3
MONTECRISTO Mini (El envase de 20),otros,nacional,12.4
MONTECRISTO Mini (El envase de 20) CM,otros,nacional,10.5
MONTECRISTO Mini (El envase de 50),otros,nacional,30.5
MONTECRISTO Mini (El envase de 50) CM,otros,nacional,25.75
MONTECRISTO Mini Blue (El envase de 20),otros,nacional,4.9
MONTECRISTO Mini Blue (El envase de 20) CM,otros,nacional,4.15
MONTECRISTO Mini Red (El envase de 20),otros,nacional,4.9
MONTECRISTO Mini Red (El envase de 20) CM,otros,nacional,4.15
MONTECRISTO Montecristo A (5),otros,nacional,65
MONTECRISTO Montecristo A (5) CM,otros,nacional,54.95
MONTECRISTO Montecristo Carmen 250 Aniversario Real Fábrica de Tabacos de Sevilla (10),cigarrillos,nacional,125
MONTECRISTO Montecristo Carmen 250 Aniversario Real Fábrica de Tabacos de Sevilla (100),otros,nacional,300
MONTECRISTO Montecristo Colección Vintage Montecristo No.4 (19),cigarrillos,nacional,17
MONTECRISTO Montecristo Edmundo - Tauromaquia y Francisco Esplá (10),cigarrillos,nacional,36.1
MONTECRISTO Montecristo Edmundo Reserva Cosecha 2018 (20),cigarrillos,nacional,190.6
MONTECRISTO Montecristo Edmundo Tubo (3),otros,nacional,26.4
MONTECRISTO Montecristo Edmundo Tubo (3) CM,otros,nacional,22.2
MONTECRISTO Montecristo Elba (Premier) E.L. 2025 (El envase de 5),otros,nacional,600
MONTECRISTO Montecristo L'Esprit Le Crepuscule (50),cigarrillos,nacional,588
MONTECRISTO Montecristo Nº 1 (25),cigarrillos,nacional,20.9
MONTECRISTO Montecristo Nº 1 (25) CM,cigarrillos,nacional,17.65
MONTECRISTO Montecristo Nº 2 (10),cigarrillos,nacional,25.8
MONTECRISTO Montecristo Nº 2 (10) CM,cigarrillos,nacional,21.8
MONTECRISTO Montecristo Nº 2 (25),cigarrillos,nacional,25.8
MONTECRISTO Montecristo Nº 2 (25) CM,cigarrillos,nacional,21.8
MONTECRISTO Montecristo Nº 2 (3),otros,nacional,25.8
MONTECRISTO Montecristo Nº 2 (3) CM,otros,nacional,21.8
MONTECRISTO Montecristo Nº 3 (25),cigarrillos,nacional,16.6
MONTECRISTO Montecristo Nº 3 (25) CM,cigarrillos,nacional,14.05
MONTECRISTO Montecristo Nº 3 (5),otros,nacional,16.6
MONTECRISTO Montecristo Nº 3 (5) CM,otros,nacional,14.05
MONTECRISTO Montecristo Nº 4 (10),cigarrillos,nacional,12.7
MONTECRISTO Montecristo Nº 4 (10) CM,cigarrillos,nacional,10.75
MONTECRISTO Montecristo Nº 4 (25),cigarrillos,nacional,12.7
MONTECRISTO Montecristo Nº 4 (25) CM,cigarrillos,nacional,10.75
MONTECRISTO Montecristo Nº 4 (3),otros,nacional,12.7
MONTECRISTO Montecristo Nº 4 (3) CM,otros,nacional,10.75
MONTECRISTO Montecristo Nº 4 (5),otros,nacional,12.7
MONTECRISTO Montecristo Nº 4 (5) CM,otros,nacional,10.75
MONTECRISTO Montecristo Nº 5 (10),cigarrillos,nacional,9.1
MONTECRISTO Montecristo Nº 5 (10) CM,cigarrillos,nacional,7.75
MONTECRISTO Montecristo Nº 5 (25),cigarrillos,nacional,9.1
MONTECRISTO Montecristo Nº 5 (25) CM,cigarrillos,nacional,7.75
MONTECRISTO Montecristo Nº 5 (5),otros,nacional,9.1
MONTECRISTO Montecristo Nº 5 (5) CM,otros,nacional,7.75
MONTECRISTO Montecristo No.2 - Tauromaquia y Mazzantini (10),cigarrillos,nacional,35
MONTECRISTO Montecristo Open Junior 10 Años de Añejamiento (20),cigarrillos,nacional,11.2
MONTECRISTO Montecristo Open Slam (20),cigarrillos,nacional,25.8
MONTECRISTO Montecristo Short (10),cigarrillos,nacional,1.3
MONTECRISTO Montecristo Short (10) CM,cigarrillos,nacional,1.1
MONTECRISTO Montecristo Short 50 Edición Limitada 2021 (El envase de 50),otros,nacional,74
MONTECRISTO Montecristo Short 66 Year of the Rabbit Edición Limitada 2023 (El envase de 66),otros,nacional,105
MONTECRISTO Montecristo Short Year Of The Snake Edición Limitada 2025 (El envase de 66),otros,nacional,120
MONTECRISTO Montecristo Tubos (10),cigarrillos,nacional,19.9
MONTECRISTO Montecristo Tubos (10) CM,cigarrillos,nacional,16.85
MONTECRISTO Montecristo Tubos (25),cigarrillos,nacional,19.9
MONTECRISTO Montecristo Tubos (25) CM,cigarrillos,nacional,16.85
MONTECRISTO Montecristo Wide Edmundo (10),cigarrillos,nacional,26.3
MONTECRISTO Montecristo Wide Edmundo (25),cigarrillos,nacional,26.3
MONTECRISTO Open Eagle Caja (20),cigarrillos,nacional,28.4
MONTECRISTO Open Eagle Caja (20) CM,cigarrillos,nacional,24.05
MONTECRISTO Open Eagle Tubo (3),otros,nacional,29.1
MONTECRISTO Open Eagle Tubo (3) CM,otros,nacional,24.6
MONTECRISTO Open Junior Caja (20),cigarrillos,nacional,9.1
MONTECRISTO Open Junior Caja (20) CM,cigarrillos,nacional,7.75
MONTECRISTO Open Junior Tubo (3),otros,nacional,9.8
MONTECRISTO Open Junior Tubo (3) CM,otros,nacional,8.3
MONTECRISTO Open Master Caja (20),cigarrillos,nacional,22.6
MONTECRISTO Open Master Caja (20) CM,cigarrillos,nacional,19.1
MONTECRISTO Open Master Tubo (3),otros,nacional,23.3
MONTECRISTO Open Master Tubo (3) CM,otros,nacional,19.7
MONTECRISTO Open Regata Caja (20),cigarrillos,nacional,14.6
MONTECRISTO Open Regata Caja (20) CM,cigarrillos,nacional,12.35
MONTECRISTO Open Regata Tubo (3),otros,nacional,15.3
MONTECRISTO Open Regata Tubo (3) CM,otros,nacional,12.95
MONTECRISTO Petit Edmundo (10),cigarrillos,nacional,18.3
MONTECRISTO Petit Edmundo (10) CM,cigarrillos,nacional,15.5
MONTECRISTO Petit Edmundo (25),cigarrillos,nacional,18.3
MONTECRISTO Petit Edmundo (25) CM,cigarrillos,nacional,15.5
MONTECRISTO Petit Edmundo Tubo (3),otros,nacional,19
MONTECRISTO Petit Edmundo Tubo (3) CM,otros,nacional,16.05
MONTECRISTO Petit N.2 T (3),otros,nacional,19
MONTECRISTO Petit N.2 T (3) CM,otros,nacional,16.1
MONTECRISTO Petit Nº 2 (10),cigarrillos,nacional,18.3
MONTECRISTO Petit Nº 2 (10) CM,cigarrillos,nacional,15.5
MONTECRISTO Petit Nº 2 (25),cigarrillos,nacional,18.3
MONTECRISTO Petit Nº 2 (25) CM,cigarrillos,nacional,15.5
MONTECRISTO Petit Nº 2 (3),otros,nacional,18.3
MONTECRISTO Petit Nº 2 (3) CM,otros,nacional,15.5
MONTECRISTO Petit Tubos (25),cigarrillos,nacional,13.4
MONTECRISTO Petit Tubos (25) CM,cigarrillos,nacional,11.35
MONTECRISTO Petit Tubos (3),otros,nacional,13.4
MONTECRISTO Petit Tubos (3) CM,otros,nacional,11.35
MONTECRISTO Petit Tubos (5),otros,nacional,13.4
MONTECRISTO Petit Tubos (5) CM,otros,nacional,11.35
MONTECRISTO Puritos (25),cigarrillos,nacional,1.85
MONTECRISTO Puritos (25) CM,cigarrillos,nacional,1.55
MONTECRISTO Puritos (5),otros,nacional,1.85
MONTECRISTO Puritos (5) CM,otros,nacional,1.55
MONTECRISTO Supremos E.L. 2019 (25),cigarrillos,nacional,97.9
MONTEGO Montego Oro Reserva Robusto (10),cigarrillos,nacional,5.75
MONTEGO Montego Prestigio Robusto (10),cigarrillos,nacional,4.95
MONTEGO Montego Sereno Robusto (10),cigarrillos,nacional,4.5
MONTES Serie 0 Amazonas Doble Toro (20),cigarrillos,nacional,8.8
MONTES Serie 0 Amazonas Doble Toro (5),otros,nacional,8.8
MONTES Serie 0 Danubio Robusto (20),cigarrillos,nacional,7.5
MONTES Serie 0 Danubio Robusto (5),otros,nacional,7.5
MONTES Serie 0 Misisipi Perla (20),cigarrillos,nacional,6.8
MONTES Serie 0 Misisipi Perla (5),otros,nacional,6.8
MONTES Serie 0 Nilo Piramide (20),cigarrillos,nacional,7.9
MONTES Serie 0 Nilo Piramide (5),otros,nacional,7.9
MONTES Serie 0 Rob. Bundle (20),cigarrillos,nacional,1.5
MONTES Serie M1 Doble Toro Aconcagua box (20),cigarrillos,nacional,8
MONTES Serie M1 Doble Toro Aconcagua bundle (20),cigarrillos,nacional,7.2
MONTES Serie M1 Gordito Anapurna box (20),cigarrillos,nacional,7.7
MONTES Serie M1 Gordito Anapurna bundle (20),cigarrillos,nacional,6.9
MONTES Serie M1 Half Corona Fuji box (20),cigarrillos,nacional,5.8
MONTES Serie M1 Half Corona Fuji bundle (20),cigarrillos,nacional,5.2
MONTES Serie M1 Robusto Mont Blanc box (20),cigarrillos,nacional,6.5
MONTES Serie M1 Robusto Mont Blanc bundle (20),cigarrillos,nacional,5.85
MONTES Serie M1 Short Robusto Kilimanjaro box (20),cigarrillos,nacional,6.2
MONTES Serie M1 Short Robusto Kilimanjaro bundle (20),cigarrillos,nacional,5.55
MONTES SERIE N Montes Serie N Panatela Larga Baikal (20),cigarrillos,nacional,8.2
MONTES SERIE N Montes Serie N Panatela Larga Baikal (El envase de 5),otros,nacional,41
MONTES SERIE N Montes Serie N Perfecto Ness (20),cigarrillos,nacional,9.5
MONTES SERIE N Montes Serie N Perfecto Ness (El envase de 5),otros,nacional,47.5
MONTES SERIE N Montes Serie N Petit Corona Titicaca (20),cigarrillos,nacional,7
MONTES SERIE N Montes Serie N Petit Corona Titicaca (El envase de 5),otros,nacional,35
MONTES SERIE N Montes Serie N Robusto Victoria (20),cigarrillos,nacional,8.5
MONTES SERIE N Montes Serie N Robusto Victoria (El envase de 5),otros,nacional,42.5
MONTES SERIE N Montes Serie N.P.C.Bundle (El envase de 20),otros,nacional,34
MONTES SERIE N Montes Serie N.P.L. Bundle (El envase de 20),otros,nacional,39
MONTES SERIE N Montes Serie N.P.N. Bundle (El envase de 20),otros,nacional,50
MONTES SERIE N Montes Serie N.R. Bundle (El envase de 20),otros,nacional,40
MONTOSA Montosa Robusto (20),cigarrillos,nacional,5.6
MONTOSA Montosa Short Robusto (20),cigarrillos,nacional,5.4
MONTOSA Montosa Toro (20),cigarrillos,nacional,5.8
Moon Habana (500 g). Tabaco Pipa,tabaco-pipa,nacional,39
Moon Habana 150 Gr. Big (150 g),tabaco-liar,nacional,11.5
Moon Habana Especial Mixture (20 g),tabaco-liar,nacional,1.8
Moon Habana Exclusive Mixture (20 g),tabaco-liar,nacional,1.8
Moon Habana Luxury (60 g),tabaco-liar,nacional,5.7
Moon Habana New Mixture (70 g),tabaco-liar,nacional,5.9
Moon Habana Tabaco de pipa (100 g),tabaco-pipa,nacional,8.3
Moon Habana Tabaco Pipa (70 g),tabaco-pipa,nacional,5.9
Mr. Shisha 1000K (200 g),tabaco-liar,nacional,17
Mr. Shisha 1000K (200 g) CM,tabaco-liar,nacional,9.8
Mr. Shisha 1000K (50 g),tabaco-liar,nacional,4.85
Mr. Shisha 1000K (50 g) CM,tabaco-liar,nacional,2.7
Mr. Shisha Adan (100 g),tabaco-liar,nacional,7.5
Mr. Shisha Babilonia (200 g),tabaco-liar,nacional,17
Mr. Shisha Babilonia (200 g) CM,tabaco-liar,nacional,9.8
Mr. Shisha Babilonia (50 g),tabaco-liar,nacional,4.85
Mr. Shisha Boss Mode (50 g),tabaco-liar,nacional,4.85
Mr. Shisha Boss Mode (50 g) CM,tabaco-liar,nacional,2.7
Mr. Shisha Camdown (200 g),tabaco-liar,nacional,17
Mr. Shisha Camdown (200 g) CM,tabaco-liar,nacional,9.8
Mr. Shisha Camdown (50 g),tabaco-liar,nacional,4.85
Mr. Shisha Coolio (200 g),tabaco-liar,nacional,17
Mr. Shisha Coolio (200 g) CM,tabaco-liar,nacional,9.8
Mr. Shisha Coolio (50 g),tabaco-liar,nacional,4.85
Mr. Shisha Dosman (200 g),tabaco-liar,nacional,17
Mr. Shisha Dosman (50 g),tabaco-liar,nacional,4.85
Mr. Shisha Ginja Laim (200 g),tabaco-liar,nacional,17
Mr. Shisha Ginja Laim (200 g) CM,tabaco-liar,nacional,9.8
Mr. Shisha Ginja Laim (50 g),tabaco-liar,nacional,4.85
Mr. Shisha Ginja Laim (50 g) CM,tabaco-liar,nacional,2.7
Mr. Shisha Got Dozen (100 g),tabaco-liar,nacional,7.5
Mr. Shisha Got Dozen (50 g),tabaco-liar,nacional,4.85
Mr. Shisha Got Dozen (50 g) CM,tabaco-liar,nacional,2.7
Mr. Shisha Guayna (200 g),tabaco-liar,nacional,17
Mr. Shisha Guayna (200 g) CM,tabaco-liar,nacional,9.8
Mr. Shisha Guayna (50 g),tabaco-liar,nacional,4.85
Mr. Shisha Habana (50 g),tabaco-liar,nacional,4.85
Mr. Shisha Habibi (200 g),tabaco-liar,nacional,17
Mr. Shisha Habibi (50 g),tabaco-liar,nacional,4.85
Mr. Shisha Harlem Frap (200 g),tabaco-liar,nacional,17
Mr. Shisha Harlem Frap (200 g) CM,tabaco-liar,nacional,9.8
Mr. Shisha Harlem Frap (50 g),tabaco-liar,nacional,4.85
Mr. Shisha Haselnat (200 g),tabaco-liar,nacional,17
Mr. Shisha Haselnat (200 g) CM,tabaco-liar,nacional,9.8
Mr. Shisha Haselnat (50 g),tabaco-liar,nacional,4.85
Mr. Shisha Haselnat (50 g) CM,tabaco-liar,nacional,2.7
Mr. Shisha Jheez (200 g),tabaco-liar,nacional,17
Mr. Shisha Jheez (200 g) CM,tabaco-liar,nacional,9.8
Mr. Shisha Jheez (50 g),tabaco-liar,nacional,4.85
Mr. Shisha Lamint Amal (200 g),tabaco-liar,nacional,17
Mr. Shisha Lamint Amal (50 g),tabaco-liar,nacional,4.85
Mr. Shisha Late Night (100 g),tabaco-liar,nacional,7.5
Mr. Shisha Late Night (200 g),tabaco-liar,nacional,17
Mr. Shisha Late Night (50 g),tabaco-liar,nacional,4.85
Mr. Shisha Lxmxn (200 g),tabaco-liar,nacional,17
Mr. Shisha Lxmxn (50 g),tabaco-liar,nacional,4.85
Mr. Shisha Lym (200 g),tabaco-liar,nacional,17
Mr. Shisha Lym (50 g),tabaco-liar,nacional,4.85
Mr. Shisha Malibu (50 g),tabaco-liar,nacional,4.85
Mr. Shisha Melo Crush (200 g),tabaco-liar,nacional,17
Mr. Shisha Melo Crush (200 g) CM,tabaco-liar,nacional,9.8
Mr. Shisha Melo Crush (50 g),tabaco-liar,nacional,4.85
Mr. Shisha Oriental Desert (100 g),tabaco-liar,nacional,7.5
Mr. Shisha Otai (200 g),tabaco-liar,nacional,17
Mr. Shisha Otai (200 g) CM,tabaco-liar,nacional,9.8
Mr. Shisha Otai (50 g),tabaco-liar,nacional,4.85
Mr. Shisha Passion Love (200 g),tabaco-liar,nacional,17
Mr. Shisha Passion Love (50 g),tabaco-liar,nacional,4.85
Mr. Shisha Pomaye (200 g),tabaco-liar,nacional,17
Mr. Shisha Pomaye (200 g) CM,tabaco-liar,nacional,9.8
Mr. Shisha Pomaye (50 g),tabaco-liar,nacional,4.85
Mr. Shisha Pomaye (50 g) CM,tabaco-liar,nacional,2.7
Mr. Shisha Pomaye (950 g),tabaco-liar,nacional,75
Mr. Shisha Rock N Roll (50 g),tabaco-liar,nacional,4.85
Mr. Shisha Scattman (200 g),tabaco-liar,nacional,17
Mr. Shisha Scattman (50 g),tabaco-liar,nacional,4.85
Mr. Shisha Sosiomen (200 g),tabaco-liar,nacional,17
Mr. Shisha Sosiomen (200 g) CM,tabaco-liar,nacional,9.8
Mr. Shisha Sosiomen (50 g),tabaco-liar,nacional,4.85
Mr. Shisha Sosiomen (50 g) CM,tabaco-liar,nacional,2.7
Mr. Shisha Summer Sunset (200 g),tabaco-liar,nacional,17
Mr. Shisha Summer Sunset (50 g),tabaco-liar,nacional,4.85
Mr. Shisha Tropical (50 g),tabaco-liar,nacional,4.85
Musth Aluva (200 g),tabaco-liar,nacional,32.3
Musth Amazonia (125 g),tabaco-liar,nacional,22.6
Musth Amazonia (200 g),tabaco-liar,nacional,32.3
Musth APL Drops (200 g),tabaco-liar,nacional,32.3
Musth Bam Mam (125 g),tabaco-liar,nacional,22.6
Musth Bam Mam (200 g),tabaco-liar,nacional,32.3
Musth Bass Hlls (200 g),tabaco-liar,nacional,32.3
Musth Berri Hols (200 g),tabaco-liar,nacional,32.3
Musth Blvck Bros (125 g),tabaco-liar,nacional,22.6
Musth Blvck Bros (200 g),tabaco-liar,nacional,32.3
Musth Chisi Pi (125 g),tabaco-liar,nacional,22.6
Musth Chry Col (125 g),tabaco-liar,nacional,22.6
Musth Coky (125 g),tabaco-liar,nacional,22.6
Musth Coky (200 g),tabaco-liar,nacional,32.3
Musth Cosmos (125 g),tabaco-liar,nacional,22.6
Musth Cosmos (200 g),tabaco-liar,nacional,32.3
Musth Djumngo (125 g),tabaco-liar,nacional,22.6
Musth Djumngo (200 g),tabaco-liar,nacional,32.3
Musth Eclipse (125 g),tabaco-liar,nacional,22.6
Musth Eclipse (200 g),tabaco-liar,nacional,32.3
Musth Exotic Pum (125 g),tabaco-liar,nacional,22.6
Musth Exotic Pum (200 g),tabaco-liar,nacional,32.3
Musth Gap Fut (125 g),tabaco-liar,nacional,22.6
Musth Gap Fut (200 g),tabaco-liar,nacional,32.3
Musth Kendi Co (125 g),tabaco-liar,nacional,22.6
Musth Kendi Co (200 g),tabaco-liar,nacional,32.3
Musth Koko Dream (125 g),tabaco-liar,nacional,22.6
Musth Koko Dream (200 g),tabaco-liar,nacional,32.3
Musth Milric (125 g),tabaco-liar,nacional,22.6
Musth Milric (200 g),tabaco-liar,nacional,32.3
Musth Morocco (125 g),tabaco-liar,nacional,22.6
Musth Morocco (200 g),tabaco-liar,nacional,32.3
Musth Neptune (125 g),tabaco-liar,nacional,22.6
Musth Neptune (200 g),tabaco-liar,nacional,32.3
Musth Ornj Team (125 g),tabaco-liar,nacional,22.6
Musth Ornj Team (200 g),tabaco-liar,nacional,32.3
Musth Parapap (125 g),tabaco-liar,nacional,22.6
Musth Parapap (200 g),tabaco-liar,nacional,32.3
Musth Pinkman (125 g),tabaco-liar,nacional,22.6
Musth Pinkman (200 g),tabaco-liar,nacional,32.3
Musth Plombir (125 g),tabaco-liar,nacional,22.6
Musth Plombir (200 g),tabaco-liar,nacional,32.3
Musth Proscco (125 g),tabaco-liar,nacional,22.6
Musth Raspi (125 g),tabaco-liar,nacional,22.6
Musth Raspi (200 g),tabaco-liar,nacional,32.3
Musth Rd Ti (125 g),tabaco-liar,nacional,22.6
Musth Rd Ti (200 g),tabaco-liar,nacional,32.3
Musth Red Gape (125 g),tabaco-liar,nacional,22.6
Musth Red Gape (200 g),tabaco-liar,nacional,32.3
Musth Rocketman (125 g),tabaco-liar,nacional,22.6
Musth Rocketman (200 g),tabaco-liar,nacional,32.3
Musth Sea Backtrn Ti (125 g),tabaco-liar,nacional,22.6
Musth Sea Backtrn Ti (200 g),tabaco-liar,nacional,32.3
Musth Space FLV (200 g),tabaco-liar,nacional,32.3
Musth Space Invaders (125 g),tabaco-liar,nacional,22.6
Musth Space Invaders (200 g),tabaco-liar,nacional,32.3
Musth Stellar (200 g),tabaco-liar,nacional,32.3
Musth Straw Lych (200 g),tabaco-liar,nacional,32.3
Musth Straw Lynch (125 g),tabaco-liar,nacional,22.6
Musth Swt Pech (125 g),tabaco-liar,nacional,22.6
Musth Tarxun (125 g),tabaco-liar,nacional,22.6
Musth Unicorn (125 g),tabaco-liar,nacional,22.6
Musth Uranus (200 g),tabaco-liar,nacional,32.3
Musth Violet (125 g),tabaco-liar,nacional,22.6
Musth Violet CO (200 g),tabaco-liar,nacional,32.3
Musth Wet Mel (125 g),tabaco-liar,nacional,22.6
Musth Wet Mel (200 g),tabaco-liar,nacional,32.3
Musth White Sod (125 g),tabaco-liar,nacional,22.6
Musth White Sod (200 g),tabaco-liar,nacional,32.3
Musth Ylkah (125 g),tabaco-liar,nacional,22.6
Musthave Co-La (100 g),tabaco-liar,nacional,11.95
Musthave Cuba (100 g),tabaco-liar,nacional,11.95
Musthave Curant (100 g),tabaco-liar,nacional,11.95
Musthave Mel-Shak (100 g),tabaco-liar,nacional,11.95
Musthave Pynkman (100 g),tabaco-liar,nacional,11.95
Musthave Raspi (100 g),tabaco-liar,nacional,11.95
Musthave Rocketman (100 g),tabaco-liar,nacional,11.95
Musthave Tropic (100 g),tabaco-liar,nacional,11.95
MY FATHER Asorted Bag Toro 6 X 50 (El envase de 5),otros,nacional,75
MY FATHER Don Pepin Azul Invictos 5 x 50 (10),cigarrillos,nacional,8.1
MY FATHER Flor de las Antillas Robusto 5 x 50 (10),cigarrillos,nacional,8.1
MY FATHER My Father Cedro Deluxe Eminentes 5 5/8X46 (23),cigarrillos,nacional,11.2
MY FATHER My Father Don Pepin Azul 20 Aniversario 6 1/2 X 52 (20),cigarrillos,nacional,60
MY FATHER My Father Don Pepin Azul Invictos 5 x 50 (24),cigarrillos,nacional,9.9
MY FATHER My Father Don Pepin Azul Lanceros 7 1/2 X 38 (24),cigarrillos,nacional,10.9
MY FATHER My Father Don Pepin Garcia Exquisitos 5 5/8X46 (24),cigarrillos,nacional,8.9
MY FATHER My Father Don Pepin Garcia Serie VC Invictos 5 X 50 (20),cigarrillos,nacional,13.5
MY FATHER My Father Don Pepin Garcia Series VC Imperiales 6 12 X 52 (20),cigarrillos,nacional,14.5
MY FATHER My Father Don Pepin Garcia Toro Gordo 6X56 (18),cigarrillos,nacional,11.1
MY FATHER My Father Don Pepin Serie JJ Selectos 5X50 (20),cigarrillos,nacional,11
MY FATHER My Father Don Pepin Vintage Corona 5 3/4X48 (20),cigarrillos,nacional,16.8
MY FATHER My Father Don Pepin Vintage Robusto 5X54 (20),cigarrillos,nacional,19
MY FATHER My Father Flor de las Antillas Belicoso 5 1/2 X 52 (20),cigarrillos,nacional,10.8
MY FATHER My Father Flor de las Antillas Maduro Toro 6 X 52 (20),cigarrillos,nacional,14.3
MY FATHER My Father Flor de las Antillas Robusto 5 x 50 (20),cigarrillos,nacional,8.1
MY FATHER My Father Flor de las Antillas Toro 6X52 (20),cigarrillos,nacional,9.9
MY FATHER My Father Flor de las Antillas Toro Grande 6X60 (20),cigarrillos,nacional,12.6
MY FATHER My Father Flor de las Antillas X Aniversario 6 1/2 X 52 (12),cigarrillos,nacional,60
MY FATHER My Father Jaime Garcia Robusto 5 1/4X52 (10),cigarrillos,nacional,8.5
MY FATHER My Father Jaime Garcia Robusto 5 1/4X52 (20),cigarrillos,nacional,8.5
MY FATHER My Father Jaime Garcia Super Gordo 5 3/4 X 66 (20),cigarrillos,nacional,13.7
MY FATHER My Father La Mission 1956 4 3/4 X 52 (18),cigarrillos,nacional,10.4
MY FATHER My Father La Opulencia Petite 4 1/2X48 (10),cigarrillos,nacional,9.8
MY FATHER My Father La Opulencia Petite 4 1/2X48 (20),cigarrillos,nacional,9.8
MY FATHER My Father La Promesa Robusto Grande 5 1/2X54 (10),cigarrillos,nacional,11.4
MY FATHER My Father La Promesa Robusto Grande 5 1/2X54 (20),cigarrillos,nacional,11.4
MY FATHER My Father Latelier Lat-54 5 5/8 X 54 (15),cigarrillos,nacional,11
MY FATHER My Father Nº 1 Robustos 5 1/4 X 52 (23),cigarrillos,nacional,12.6
MY FATHER My Father Nº5 Toro 6X56 (23),cigarrillos,nacional,14.9
MY FATHER My Father Sampler Original Of 5 (El envase de 5),otros,nacional,59
MY FATHER My Father Tatuaje Cojonu 2012 Broad Leaf 6 1/2 X 52 (10),cigarrillos,nacional,14.5
MY FATHER My Father Tatuaje Cojonu 2012 Broad Leaf 6 1/2 X 52 (25),cigarrillos,nacional,14.5
MY FATHER My Father Tatuaje Humidify Pack Black 6 X 50 (El envase de 5),otros,nacional,75
MY FATHER My Father Tatuaje Humidify Pack Red 6 X 50 (El envase de 5),otros,nacional,75
MY FATHER My Father Tatuaje Nuevitas 5x52 (10),cigarrillos,nacional,10.4
MY FATHER My Father Tatuaje RC Nº1 4 3/4 X 52 (10),cigarrillos,nacional,17
MY FATHER My Father Tatuaje RC Nº1 4 3/4 X 52 (20),cigarrillos,nacional,17
MY FATHER My Father Tatuaje RC Nº2 5 5/8 X 54 (10),cigarrillos,nacional,18
MY FATHER My Father Tatuaje RC Nº2 5 5/8 X 54 (20),cigarrillos,nacional,18
MY FATHER My Father Tatuaje RC Nº4 5 1/8 x 42 (10),cigarrillos,nacional,9.9
MY FATHER My Father The Judge Robusto 5 X 60 (23),cigarrillos,nacional,21.6
MY FATHER My Father The Judge Toro 6 X 56 (23),cigarrillos,nacional,21.2
MY FATHER Nº 1 Robusto 5 1/4 x 52 (10),cigarrillos,nacional,11.4
MY FATHER Tatuaje Tattoo Caballero Robusto 5 x 50 (10),cigarrillos,nacional,7.2
Nafha Haila dzd Brown (30 g),tabaco-liar,nacional,1.95
Nafha Haila dzd Green (20 g),tabaco-liar,nacional,1.45
Nakhla Coral Red (50 g),tabaco-liar,nacional,2.7
Nakhla Coral Red (50 g) CM,tabaco-liar,nacional,1.5
Nakhla Double Red (250 g),tabaco-liar,nacional,16.95
Nakhla Double Red (250 g) CM,tabaco-liar,nacional,9.95
Nakhla Double Red (50 g),tabaco-liar,nacional,3.5
Nakhla Double Red (50 g) CM,tabaco-liar,nacional,2.2
Nakhla El Basha Capuchino (50 g),tabaco-liar,nacional,2.6
Nakhla El Basha Capuchino (50 g) CM,tabaco-liar,nacional,1.4
Nakhla El Basha Caramelo (50 g),tabaco-liar,nacional,2.6
Nakhla El Basha Caramelo (50 g) CM,tabaco-liar,nacional,1.4
Nakhla El Nakhla Coco (50 g),tabaco-liar,nacional,2.6
Nakhla El Nakhla Coco (50 g) CM,tabaco-liar,nacional,1.4
Nakhla El Nakhla Cola (50 g),tabaco-liar,nacional,2.6
Nakhla El Nakhla Cola (50 g) CM,tabaco-liar,nacional,1.4
Nakhla El Nakhla Mandarina (50 g),tabaco-liar,nacional,2.6
Nakhla El Nakhla Mandarina (50 g) CM,tabaco-liar,nacional,1.4
Nakhla El Nakhla Melón (250 g),tabaco-liar,nacional,12
Nakhla El Nakhla Melón (50 g),tabaco-liar,nacional,2.6
Nakhla El Nakhla Melón (50 g) CM,tabaco-liar,nacional,1.4
Nakhla El Nakhla Plátano (50 g),tabaco-liar,nacional,2.6
Nakhla El Nakhla Plátano (50 g) CM,tabaco-liar,nacional,1.4
Nakhla El Nakhla Vainilla (50 g),tabaco-liar,nacional,2.6
Nakhla El Nakhla Vainilla (50 g) CM,tabaco-liar,nacional,1.4
Nakhla Fakhfakhina Mango (50 g),tabaco-liar,nacional,2.6
Nakhla Fakhfakhina Mango (50 g) CM,tabaco-liar,nacional,1.4
Nakhla Fakhfakhina Naranja (50 g),tabaco-liar,nacional,2.6
Nakhla Fakhfakhina Naranja (50 g) CM,tabaco-liar,nacional,1.4
Nakhla Grand Green (250 g),tabaco-liar,nacional,16.95
Nakhla Grand Green (250 g) CM,tabaco-liar,nacional,9.95
Nakhla Grand Green (50 g),tabaco-liar,nacional,3.5
Nakhla Grand Green (50 g) CM,tabaco-liar,nacional,2.2
Nakhla Ice Apple (50 g),tabaco-liar,nacional,2.75
Nakhla Ice Apple (50 g) CM,tabaco-liar,nacional,1.75
Nakhla Ice Grape Mint (50 g),tabaco-liar,nacional,2.6
Nakhla Ice Grape Mint (50 g) CM,tabaco-liar,nacional,1.4
Nakhla Ice Raspberry Mint (50 g),tabaco-liar,nacional,2.75
Nakhla Ice Raspberry Mint (50 g) CM,tabaco-liar,nacional,1.75
Nakhla Misty Black (250 g),tabaco-liar,nacional,14.95
Nakhla Misty Black (250 g) CM,tabaco-liar,nacional,10.95
Nakhla Misty Black (50 g),tabaco-liar,nacional,3.5
Nakhla Misty Black (50 g) CM,tabaco-liar,nacional,2.2
Nakhla Mizo Cereza (250 g),tabaco-liar,nacional,13
Nakhla Mizo Cereza (50 g),tabaco-liar,nacional,2.75
Nakhla Mizo Cereza (50 g) CM,tabaco-liar,nacional,1.75
Nakhla Mizo Manzana (250 g),tabaco-liar,nacional,13
Nakhla Mizo Manzana (50 g),tabaco-liar,nacional,2.75
Nakhla Mizo Manzana (50 g) CM,tabaco-liar,nacional,1.75
Nakhla Mizo Melocotón (250 g),tabaco-liar,nacional,13
Nakhla Mizo Melocotón (50 g),tabaco-liar,nacional,2.75
Nakhla Mizo Melocotón (50 g) CM,tabaco-liar,nacional,1.75
Nakhla Mizo Menta (250 g),tabaco-liar,nacional,13
Nakhla Mizo Menta (50 g),tabaco-liar,nacional,2.75
Nakhla Mizo Menta (50 g) CM,tabaco-liar,nacional,1.75
Nakhla Mizo Sandia (50 g),tabaco-liar,nacional,2.75
Nakhla Mizo Sandia (50 g) CM,tabaco-liar,nacional,1.75
Nakhla Mizo Uva (250 g),tabaco-liar,nacional,13
Nakhla Mizo Uva (50 g),tabaco-liar,nacional,2.75
Nakhla Mizo Uva (50 g) CM,tabaco-liar,nacional,1.75
Nakhla Orange Peach (50),cigarrillos,nacional,2.75
Nakhla Orange Peach (50) CM,cigarrillos,nacional,1.75
Nakhla Pearly Indigo (50 g),tabaco-liar,nacional,2.95
Nakhla Pearly Indigo (50 g) CM,tabaco-liar,nacional,1.95
Nakhla Ruby Red (250 g),tabaco-liar,nacional,13.95
Nakhla Ruby Red (250 g) CM,tabaco-liar,nacional,8.5
Nakhla Ruby Red (50 g),tabaco-liar,nacional,2.95
Nakhla Ruby Red (50 g) CM,tabaco-liar,nacional,1.95
Nakhla Sheherazade Canela (50 g),tabaco-liar,nacional,2.6
Nakhla Sheherazade Choco Menta (50 g),tabaco-liar,nacional,2.6
Nakhla Sheherazade Choco Menta (50 g) CM,tabaco-liar,nacional,1.4
Nakhla Sheherazade Margarita (50 g),tabaco-liar,nacional,2.6
Nakhla Sheherazade Margarita (50 g) CM,tabaco-liar,nacional,1.4
Nakhla Shisha on the Beach (50 g),tabaco-liar,nacional,2.75
Nakhla Shisha on the Beach (50 g) CM,tabaco-liar,nacional,1.75
Nakhla Spark Green (250 g),tabaco-liar,nacional,13.95
Nakhla Spark Green (250 g) CM,tabaco-liar,nacional,8.5
Nakhla Sparkly Red (50 g),tabaco-liar,nacional,2.95
Nakhla Sparkly Red (50 g) CM,tabaco-liar,nacional,1.95
Nakhla Tobac Molasses Surt.1 (500 g),tabaco-liar,nacional,26
Nakhla Tobac Molasses Surt.1 (500 g) CM,tabaco-liar,nacional,14
Nakhla Tobacco Fresa (250 g),tabaco-liar,nacional,12
Nakhla Tobacco Frutas (250 g),tabaco-liar,nacional,12
Nakhla Tobacco Frutas (50 g),tabaco-liar,nacional,2.6
Nakhla Tobacco Frutas (50 g) CM,tabaco-liar,nacional,1.4
Nakhla Zaghloul Negro (50 g),tabaco-liar,nacional,2.6
Nakhla Zaghloul Negro (50 g) CM,tabaco-liar,nacional,1.4
Nameless # Black Box (200 g),tabaco-liar,nacional,18.95
Nameless # Black Box (200 g) CM,tabaco-liar,nacional,11.25
Nameless # Black Box (50 g),tabaco-liar,nacional,4.8
Nameless # Black Box (50 g) CM,tabaco-liar,nacional,3.25
Nameless # Black Box Bote (50 g) CM,tabaco-liar,nacional,3.25
Nameless #007 Gold Finger (200 g),tabaco-liar,nacional,18.95
Nameless #007 Gold Finger (50 g),tabaco-liar,nacional,4.8
Nameless #06 Dragon Lady (200g),tabaco-liar,nacional,18.95
Nameless #06 Dragon Lady (200g) CM,tabaco-liar,nacional,11.25
Nameless #07 Ice Ice Baby (200 g) CM,tabaco-liar,nacional,10.5
Nameless #100 Yelow Pei (200 g),tabaco-liar,nacional,18.95
Nameless #100 Yelow Pei (200 g) CM,tabaco-liar,nacional,11.25
Nameless #100 Yelow Pei (50 g),tabaco-liar,nacional,4.8
Nameless #100 Yelow Pei (50 g) CM,tabaco-liar,nacional,3.25
Nameless #105 Red Turtle (200 g),tabaco-liar,nacional,18.95
Nameless #105 Red Turtle (200 g) CM,tabaco-liar,nacional,11.25
Nameless #105 Red Turtle (50 g),tabaco-liar,nacional,4.8
Nameless #105 Red Turtle (50 g) CM,tabaco-liar,nacional,3.25
Nameless #105 Red Turtle Bote (50 g) CM,tabaco-liar,nacional,3.25
Nameless #107 Ice Ice Baby Bote (50 g) CM,tabaco-liar,nacional,3.25
Nameless #107 Winter is Coming (200 g),tabaco-liar,nacional,18.95
Nameless #107 Winter is Coming (200 g) CM,tabaco-liar,nacional,11.25
Nameless #107 Winter is Coming (50 g),tabaco-liar,nacional,4.8
Nameless #107 Winter is Coming (50 g) CM,tabaco-liar,nacional,3.25
Nameless #107 Winter is Coming Bote (50 g) CM,tabaco-liar,nacional,3.25
Nameless #109 Monkey Brain (200 g),tabaco-liar,nacional,18.95
Nameless #109 Monkey Brain (200 g) CM,tabaco-liar,nacional,11.25
Nameless #109 Monkey Brain (50 g),tabaco-liar,nacional,4.8
Nameless #109 Monkey Brain (50 g) CM,tabaco-liar,nacional,3.25
Nameless #109 Monkey Brain Bote (50 g) CM,tabaco-liar,nacional,3.25
Nameless #11 Adam & Eve (200 g),tabaco-liar,nacional,18.95
Nameless #11 Adam & Eve (200 g) CM,tabaco-liar,nacional,11.25
Nameless #11 Adam & Eve (50 g),tabaco-liar,nacional,4.8
Nameless #11 Adam & Eve (50 g) CM,tabaco-liar,nacional,3.25
Nameless #11 Adam & Eve Bote (50 g) CM,tabaco-liar,nacional,3.25
Nameless #115 Californication (200g),tabaco-liar,nacional,18.95
Nameless #115 Californication (200g) CM,tabaco-liar,nacional,11.25
Nameless #115 Californication (50g),tabaco-liar,nacional,4.8
Nameless #115 Californication (50g) CM,tabaco-liar,nacional,3.25
Nameless #115 Californication Bote (50 g) CM,tabaco-liar,nacional,3.25
Nameless #116 Pablo (200g),tabaco-liar,nacional,18.95
Nameless #116 Pablo (200g) CM,tabaco-liar,nacional,11.25
Nameless #116 Pablo (50g),tabaco-liar,nacional,4.8
Nameless #116 Pablo (50g) CM,tabaco-liar,nacional,3.25
Nameless #116 Pablo (995 g),tabaco-liar,nacional,89
Nameless #116 Pablo (995 g) CM,tabaco-liar,nacional,55.95
Nameless #116 Pablo Bote (50 g) CM,tabaco-liar,nacional,3.25
Nameless #121 Boogie Bomb (200 g),tabaco-liar,nacional,18.95
Nameless #121 Boogie Bomb (200 g) CM,tabaco-liar,nacional,11.25
Nameless #121 Boogie Bomb (50 g),tabaco-liar,nacional,4.8
Nameless #121 Boogie Bomb (50 g) CM,tabaco-liar,nacional,3.25
Nameless #121 Boogie Bomb Bote (50 g) CM,tabaco-liar,nacional,3.25
Nameless #13 Ivi (200 g),tabaco-liar,nacional,18.95
Nameless #13 Ivi (50 g),tabaco-liar,nacional,4.8
Nameless #13 Kivick (200 g),tabaco-liar,nacional,18.95
Nameless #13 Kivick (200 g) CM,tabaco-liar,nacional,11.25
Nameless #13 Kivick (50 g),tabaco-liar,nacional,4.8
Nameless #13 Kivick (50 g) CM,tabaco-liar,nacional,3.25
Nameless #15 Grüner Marokkaner (200 g),tabaco-liar,nacional,18.95
Nameless #15 Grüner Marokkaner (200 g) CM,tabaco-liar,nacional,11.25
Nameless #15 Grüner Marokkaner (50 g),tabaco-liar,nacional,4.8
Nameless #15 Grüner Marokkaner (50 g) CM,tabaco-liar,nacional,3.25
Nameless #15 Grüner Marokkaner Bote (50 g) CM,tabaco-liar,nacional,3.25
Nameless #17 Piches (200 g),tabaco-liar,nacional,18.95
Nameless #17 Piches (200 g) CM,tabaco-liar,nacional,11.25
Nameless #17 Piches (50 g),tabaco-liar,nacional,4.8
Nameless #17 Piches (50 g) CM,tabaco-liar,nacional,3.25
Nameless #37 Fresh Nana (200 g) CM,tabaco-liar,nacional,10.5
Nameless #37 Fresh Nana Bote (50 g) CM,tabaco-liar,nacional,3.25
Nameless #40 Black Nana (200 g),tabaco-liar,nacional,18.95
Nameless #40 Black Nana (200 g) CM,tabaco-liar,nacional,11.25
Nameless #40 Black Nana (50g),tabaco-liar,nacional,4.8
Nameless #40 Black Nana (50g) CM,tabaco-liar,nacional,3.25
Nameless #40 Black Nana (955 g),tabaco-liar,nacional,67.9
Nameless #40 Black Nana (955 g) CM,tabaco-liar,nacional,55.95
Nameless #40 Black Nana (995 g),tabaco-liar,nacional,89
Nameless #40 Black Nana (995 g) CM,tabaco-liar,nacional,55.95
Nameless #40 Black Nana Bote (50 g) CM,tabaco-liar,nacional,3.25
Nameless #40 Dark Nana (200 g) CM,tabaco-liar,nacional,10.5
Nameless #43 Nevada (200g),tabaco-liar,nacional,18.95
Nameless #43 Nevada (200g) CM,tabaco-liar,nacional,11.25
Nameless #43 Nevada Bote (50 g) CM,tabaco-liar,nacional,3.25
Nameless #43 Nevadas (50 g),tabaco-liar,nacional,4.8
Nameless #43 Nevadas (50 g) CM,tabaco-liar,nacional,3.25
Nameless #45 Brasil (200g) CM,tabaco-liar,nacional,10.5
Nameless #6 Dragon Lady (50 g),tabaco-liar,nacional,4.8
Nameless #6 Dragon Lady (50 g) CM,tabaco-liar,nacional,3.25
Nameless #711 L' Oasis (200 g),tabaco-liar,nacional,18.95
Nameless #711 L' Oasis (200 g) CM,tabaco-liar,nacional,11.25
Nameless #711 L' Oasis (50 g),tabaco-liar,nacional,4.8
Nameless #711 L' Oasis (50 g) CM,tabaco-liar,nacional,3.25
Nameless #711 L' Oasis Bote (50 g) CM,tabaco-liar,nacional,3.25
Nameless #808 Pina & Lada (200 g),tabaco-liar,nacional,18.95
Nameless #808 Pina & Lada (50 g),tabaco-liar,nacional,4.8
Nameless Dark Nana (200 g),tabaco-liar,nacional,19.5
Nameless Dark Nana (200 g) CM,tabaco-liar,nacional,13
Nameless Dark Nana (50 g),tabaco-liar,nacional,5.65
Nameless Dark Nana (50 g) CM,tabaco-liar,nacional,4.1
Nash Bali (100 g),tabaco-liar,nacional,15.95
Nash Bravo (100 g),tabaco-liar,nacional,15.95
Nash Cold Sun (100 g),tabaco-liar,nacional,15.95
Nash Corazon (100 g),tabaco-liar,nacional,15.95
Nash Green Heart (100 g),tabaco-liar,nacional,15.95
Nash Heaven (100 g),tabaco-liar,nacional,15.95
Nash Hola Carmencita (100 g),tabaco-liar,nacional,15.95
Nash Hola Gargopera (100 g),tabaco-liar,nacional,15.95
Nash Jubilee (100 g),tabaco-liar,nacional,15.95
Nash Skitlzz (100 g),tabaco-liar,nacional,15.95
Nash Sun Capri (100 g),tabaco-liar,nacional,15.95
Nash Tarkun (100 g),tabaco-liar,nacional,15.95
Nash Tuselo (100 g),tabaco-liar,nacional,15.95
Nash Violet Cloud (100 g),tabaco-liar,nacional,15.95
Nativo (30 g),tabaco-liar,nacional,4.6
Nativo 100 G TPD (100 g),tabaco-liar,nacional,6.75
Nativo 100 G TPD (100 g) CM,tabaco-liar,nacional,5.15
Nativo 12 G TPD (12 g),tabaco-liar,nacional,1
Nativo 12 G TPD (12 g) CM,tabaco-liar,nacional,0.75
Nativo 20 G TPD (20 g),tabaco-liar,nacional,1.45
Nativo 20 G TPD (20 g) CM,tabaco-liar,nacional,1.15
Natur (100 g),tabaco-liar,nacional,8
Natural American Spirit Blue Soft Pack,otros,nacional,4.8
Natural American Spirit Organic Blend (25 g),tabaco-liar,nacional,5.25
Natural American Spirit Organic Blend (25 g) CM,tabaco-liar,nacional,3.7
Natural American Spirit Original Blend (20 g),tabaco-liar,nacional,3.95
Natural American Spirit Original Blend (80 g),tabaco-liar,nacional,13.7
Natural American Spirit Original Blend (80 g) CM,tabaco-liar,nacional,10.4
Natural American Spirit Yellow  Soft Pack,otros,nacional,4.8
Naturalmente Seneca Fine,otros,nacional,4
Naturalmente Seneca Full,otros,nacional,4
Neffa Bledi (8 g),tabaco-liar,nacional,1.8
Neffa Bledi (8 g) CM,tabaco-liar,nacional,1.5
Neffa Green (8 g),tabaco-liar,nacional,1
Neffa Green (8 g) CM,tabaco-liar,nacional,1
Neo Angel (50 g),tabaco-liar,nacional,3.2
Neo Arctic Click (20),cigarrillos,nacional,3.5
Neo Azure (20),cigarrillos,nacional,4
Neo Classic Tobacco (20),cigarrillos,nacional,4
Neo Demon (50 g),tabaco-liar,nacional,3.2
Neo Desire (50 g),tabaco-liar,nacional,3.2
Neo Forever (50 g),tabaco-liar,nacional,3.2
Neo Golden Tobacco (20),cigarrillos,nacional,4
Neo Illusion (50 g),tabaco-liar,nacional,3.2
Neo Innocence (50 g),tabaco-liar,nacional,3.2
Neo Red Click (20),cigarrillos,nacional,3.5
Neo Signature Tobacco (20),cigarrillos,nacional,4
Neo Terracotta Tobacco (20),cigarrillos,nacional,4
Neo Tropic Click (20),cigarrillos,nacional,4
Neo Velvet (50 g),tabaco-liar,nacional,3.2
Neo Virgin (50 g),tabaco-liar,nacional,3.2
NEOS Big Pack Mini (El Envase de 20),otros,nacional,3
NEOS CHIWAWA Vanilla (El Envase de 20),otros,nacional,4
NEOS Chocolate Rich Taste (El envase de 10),otros,nacional,1.9
NEOS Chocolate Rich Taste (El envase de 20),otros,nacional,3.9
NEOS Country Cigarillo (el envase de 20),puros,nacional,8.2
NEOS Country Cigarillo (el envase de 20) CM,puros,nacional,5.9
NEOS Country Mini (20),cigarrillos,nacional,0.33
NEOS Country Mini (el envase de 20) CM,otros,nacional,5.35
NEOS Exotic Fine & Classic (El envase de 10),otros,nacional,2.1
NEOS Exotic Red (el envase de 10),otros,nacional,2.3
NEOS Extra Fin (El Envase de 20),otros,nacional,3.4
NEOS Extra Fin (El envase de 20) CM,otros,nacional,2.51
NEOS Feelings Kit (El Envase de 440),otros,nacional,68.2
NEOS Feelings Mango (El Envase de 20),otros,nacional,3.3
NEOS Feelings Mango (El envase de 20) CM,otros,nacional,2.69
NEOS Feelings Vanilla (El Envase de 20),otros,nacional,3.7
NEOS Feelings Vanilla (El Envase de 20) CM,otros,nacional,3.1
NEOS Midi (El Envase de 10),otros,nacional,2
NEOS Mini (El Envase de 20),otros,nacional,3.3
NEOS Mini (El Envase de 20) CM,otros,nacional,3
NEOS Mini (El Envase de 50),otros,nacional,8.3
NEOS Mini (El Envase de 50) CM,otros,nacional,7.45
NEOS Mini Blanc Filter (el envase de 20),otros,nacional,4
NEOS Mini Java (20),cigarrillos,nacional,0.25
NEOS Mini Java (El envase de 20) CM,otros,nacional,4.6
NEOS Mini Java (El envase de 5),otros,nacional,1.4
NEOS Mini Java (el envase de 50),otros,nacional,18
NEOS Mini Java (el envase de 50) CM,otros,nacional,17
NEOS Mini Red (20),cigarrillos,nacional,0.25
NEOS Mini Red (el envase de 20) CM,otros,nacional,4.6
NEOS Mini Red (el envase de 5),otros,nacional,1.4
NEOS Mini Red Filter (20),cigarrillos,nacional,0.25
NEOS Mini Red Filter (El envase de 20) CM,otros,nacional,4.6
NEOS Mini Silverado (el envase de 20),otros,nacional,4.4
NEOS Mini Silverado (el envase de 20) CM,otros,nacional,4.2
NEOS Mystic (El envase de 5),otros,nacional,1.7
NEOS Neos Mini Red Xtra-s Filter (20),cigarrillos,nacional,0.25
NEOS Neos Mini White Filter (20),cigarrillos,nacional,0.25
NEOS Neos Mini White Filter (El envase de 20) CM,otros,nacional,4.6
NEOS Neos Pacific White (10),cigarrillos,nacional,0.28
NEOS Pacific (10),cigarrillos,nacional,0.32
NEOS Pacific (el envase de 10) CM,otros,nacional,3.05
NEOS Pacific (el envase de 50),otros,nacional,16
NEOS Pacific (el envase de 50) CM,otros,nacional,11.3
NEOS Pacific Red (10),cigarrillos,nacional,0.28
NEOS Pacific Red (el envase de 10) CM,otros,nacional,2.25
NEOS Royal (El envase de 10),otros,nacional,1.7
NEOS Set Surtido,otros,nacional,43.5
NEW WORLD Belicoso (20),cigarrillos,nacional,8.1
NEW WORLD Connecticut Corona Gorda (20),cigarrillos,nacional,7.45
NEW WORLD Connecticut Robusto (20),cigarrillos,nacional,7.5
NEW WORLD Connecticut Toro (20),cigarrillos,nacional,7.95
NEW WORLD Mex Ros Almirante (21),cigarrillos,nacional,8
NEW WORLD Mex Ros Gobernante (21),cigarrillos,nacional,8.1
NEW WORLD Mex Ros Virrey (21),cigarrillos,nacional,9
NEWMINSTER Newminster (El envase de 12),otros,nacional,1.5
NEWMINSTER Newminster (El envase de 12) CM,otros,nacional,1
NEWMINSTER Newminster (El envase de 20),otros,nacional,2.8
NEWMINSTER Newminster (El envase de 20) CM,otros,nacional,1.55
NEWMINSTER Newminster Negro (El envase de 20),otros,nacional,2.8
NEWMINSTER Newminster Negro (El envase de 20) CM,otros,nacional,1.55
NEWMINSTER Newminster Negro 100's (El envase de 17),otros,nacional,2.8
NEWMINSTER Red 100 mm (el envase de 17),otros,nacional,2.8
NEWMINSTER Red 100 mm (el envase de 17) CM,otros,nacional,1.5
NEWMINSTER White 100 mm (el envase de 17),otros,nacional,2.8
NEWMINSTER White 100 mm (el envase de 17) CM,otros,nacional,1.5
News,otros,nacional,4.35
News (100 g),tabaco-liar,nacional,21.5
News (200 g),tabaco-liar,nacional,32.5
News (250 g),tabaco-liar,nacional,55.5
News (30 g),tabaco-liar,nacional,5.85
News (50 g),tabaco-liar,nacional,11.9
News (500 g),tabaco-liar,nacional,110
News (80 g),tabaco-liar,nacional,18.15
News Azul Duro,otros,nacional,5.75
News Red (135 g),tabaco-liar,nacional,30.4
News Rojo 30 Duro,otros,nacional,8.4
News Rojo Duro,otros,nacional,5.75
News Selection (20),cigarrillos,nacional,5.75
News&Co Bleu,otros,nacional,5.4
News&Co Fresh (20),cigarrillos,nacional,5.4
News&Co Rouge,otros,nacional,4.85
News&Co Rouge 100s 20,otros,nacional,4.8
News&Co Rouge 21s Limited Edition (21),cigarrillos,nacional,4.85
News&Co Rouge 30,otros,nacional,8.2
NICA RUSTICA ADOBE Nica Rustica Adobe Gordo C25 (25),cigarrillos,nacional,12.9
NICA RUSTICA ADOBE Nica Rustica Adobe Robusto C25 (25),cigarrillos,nacional,9.9
NICA RUSTICA ADOBE Nica Rustica Adobe Toro C25 (25),cigarrillos,nacional,11.5
NICA RUSTICA El Brujito hechos con orgullo por los artesanos de Esteli Toro (25),cigarrillos,nacional,8.5
NICA RUSTICA El Brujito hechos con orgullo por los artesanos de Esteli Toro (50),cigarrillos,nacional,8.5
NICARAGUA Selection Perfectos (25),cigarrillos,nacional,3
NICARAGUA Selection Torpedo (25),cigarrillos,nacional,3
NICARAO Clasico Gordito (20),cigarrillos,nacional,6.95
NICARAO Clasico Robusto (20),cigarrillos,nacional,5.95
NICARAO Classico Julieta (20),cigarrillos,nacional,8.45
NICARAO Classico Piramide (20),cigarrillos,nacional,7.45
NICARAO Especial Doble Toro (21),cigarrillos,nacional,9.95
NICARAO Especial Gordo (21),cigarrillos,nacional,9.3
NICARAO Especial Hermoso (21),cigarrillos,nacional,8.5
NICARAO Especial Petit Salomon (21),cigarrillos,nacional,9.9
NICARAO Especial Torito (14),cigarrillos,nacional,6.95
NICARAO Especial Torito (21),cigarrillos,nacional,7.95
NICARAO Especial Toro (21),cigarrillos,nacional,9.4
NICARAO Exclusivo Don Rafa (20),cigarrillos,nacional,16.5
NICARAO Exclusivo Robusto E4 (20),cigarrillos,nacional,13.5
NICARAO Exclusivo Robusto Ex (20),cigarrillos,nacional,15.5
NICARAO Exclusivo Rodolfo (20),cigarrillos,nacional,17.5
NICARAO Exclusivo Romeo Figurado (20),cigarrillos,nacional,16
NICARAO Furia 3 Pack M3 (el envase de 3),otros,nacional,40
NICARAO Nicarao Clasico Gordito 4 1/8x50 M (20),cigarrillos,nacional,6.9
NICARAO Nicarao Clásico Gordito 4 1/8x50 Mazo M10 (10),cigarrillos,nacional,6.85
NICARAO Nicarao Clasico Minuto 5x42 C (20),cigarrillos,nacional,6.85
NICARAO Nicarao Clasico Minuto 5x42 M (10),cigarrillos,nacional,6.7
NICARAO Nicarao Clasico Minuto 5x42 M (20),cigarrillos,nacional,6.8
NICARAO Nicarao Dh Selection Sampler 5 Robustos C ( El envase de 5),otros,nacional,45
NICARAO Nicarao Especial Gordo 5 x 56 M (10),cigarrillos,nacional,8.95
NICARAO Nicarao Especial Gordo 5 x 56 M (20),cigarrillos,nacional,8.95
NICARAO Nicarao Especial Gordo 5 x 56 M (21),cigarrillos,nacional,8.95
NICARAO Nicarao Especial Torito 4 1/2 x 54 (10),cigarrillos,nacional,7.85
NICARAO Nicarao Especial Torito 4 1/2 x 54 M (20),cigarrillos,nacional,7.9
NICARAO Nicarao Especial Torito 4 1/2 x 54 M (21),cigarrillos,nacional,7.9
NICARAO Nicarao Furia Inanna Reserva 6 x 48 C(10),cigarrillos,nacional,16.95
NICARAO Nicarao Furia Tisiphone 6 1/2 X 58 C (10),cigarrillos,nacional,16.5
NICARAO Nicarao La Preferida 4 x 52 C16 (16),cigarrillos,nacional,12.95
NICARAO Nicarao La Preferida 5 x 52 C16 (16),cigarrillos,nacional,12.5
NICATABACO Blend No 2 Robusto Bundle (20),cigarrillos,nacional,2
NICATABACO Blend No 2 Toro Bundle (20),cigarrillos,nacional,2.2
NICATABACO Blend No 2 Yankee Bundle (20),cigarrillos,nacional,1.95
NICATABACO Nicatabaco Blend No 2 Yankee Bundle (El envase de 5),otros,nacional,12.5
Nicotiana Tabacum (250 g),tabaco-liar,nacional,16.75
Nicotiana Tabacum Green (100 g),tabaco-liar,nacional,7
Nicotiana Tabacum Red (100 g),tabaco-liar,nacional,7
Nicotiana Tabacum Yellow (100 g),tabaco-liar,nacional,7
NIÑAS  Express Tradición y Calidad (El envase de 10),otros,nacional,1.6
NIÑAS  Express Tradición y Calidad (El envase de 10)  CM,otros,nacional,1.5
NIÑAS Mini,otros,nacional,0.23
NIÑAS Plus,otros,nacional,0.21
Nobel (25),cigarrillos,nacional,6.5
Nobel (30 g),tabaco-liar,nacional,7.1
"Nobel 0,1",otros,nacional,6
Nobel 21 (Edicion Limitada),otros,nacional,5.05
Nobel 22 (22),cigarrillos,nacional,6.1
Nobel 23,otros,nacional,6.4
Nobel Absolute,otros,nacional,5.95
Nobel Blando,otros,nacional,5.8
Nobel Duo Air,otros,nacional,4.6
Nobel Duro,otros,nacional,5.95
Nobel Duro CM,otros,nacional,3.9
Nobel Fresh Limited Edition (20),cigarrillos,nacional,5.6
Nobel Intense,otros,nacional,4.4
Nobel KS Box 28,otros,nacional,7.65
Nobel KS Box 40,otros,nacional,10.5
Nobel Lata 70 g liar/entubar (70 g),tabaco-liar,nacional,16.85
NOBEL PETIT Pure Havana Filler (El envase de 20),otros,nacional,7.6
Nobel Plata CM,otros,nacional,1.9
Nobel Slims,otros,nacional,5.85
Nobel SSL (20),cigarrillos,nacional,5
Nobel SSL Fresh (20),cigarrillos,nacional,5
Nobel Style,otros,nacional,5.6
Nobel Triple Filtro,otros,nacional,6
NORDING Toro (20),cigarrillos,nacional,9.95
"Noth Star By Gawith, Hoggarth & Co (50 g)",tabaco-liar,nacional,19.9
NUB Assortment Tubo 4 x 60 (el envase de 15),otros,nacional,88.5
NUB Cameroon 4x60 (24),cigarrillos,nacional,9.5
NUB Cameroon Tubo 4x60 (12),cigarrillos,nacional,8.8
NUB Connecticut Tubo (12),cigarrillos,nacional,10
NUB Connecticut Tubos Refill 4x60 (el envase de 15),otros,nacional,88.5
NUB Display Cameroon 3 1/2x58 (5),otros,nacional,6.8
NUB Maduro Tubos Refill 4x60 (el envase de 15),otros,nacional,88.5
NUB Nub Connecticut 4x60 (24),cigarrillos,nacional,9.5
NUB Nub Maduro 4x60 (24),cigarrillos,nacional,10.5
NUB Nub Sun Grown 4x60 (24),cigarrillos,nacional,10.5
NUB Sun Grown Tubo 4x60 (12),cigarrillos,nacional,11
Nuso Blue (20),cigarrillos,nacional,3
Nuso Blue Device (200),otros,nacional,30
Nuso Brown (20),cigarrillos,nacional,3
Nuso Green (20),cigarrillos,nacional,3
Nuso Ice Storm (20),cigarrillos,nacional,3
Nuso Purple (20),cigarrillos,nacional,3
Nuso Yellow (20),cigarrillos,nacional,3
Nuso Yellow Device (200),otros,nacional,30
OBOE Cañonazo (25),cigarrillos,nacional,1.7
OBOE Doble Corona (25),cigarrillos,nacional,1.8
OBOE Laguito Nº 6 (25),cigarrillos,nacional,1.9
OBOE Mareva (25),cigarrillos,nacional,1.4
OBOE Piramide (25),cigarrillos,nacional,1.7
OBOE Robusto (25),cigarrillos,nacional,1.6
OBOE Sublime (25),cigarrillos,nacional,1.8
Oboe Tabaco de Pipa bolsa (50 g),tabaco-pipa,nacional,4
Oboe Tabaco de Pipa bolsa (80 g),tabaco-pipa,nacional,6.4
Old Holborn 10 x 50 gr,otros,nacional,10.7
OLGANZA Chico,otros,nacional,2.9
OLIVA Humidor Oliva Ed. Ellie Bleu (El envase de 95),otros,nacional,21090
OLIVA Master Blends 5x50 (20),cigarrillos,nacional,14.1
OLIVA Oliva Connecticut Doble Toro 6X60 (10),cigarrillos,nacional,10.2
OLIVA Oliva Connecticut Robusto 5X50 (20),cigarrillos,nacional,8.5
OLIVA Oliva Ed. Limitada 2022 (10),cigarrillos,nacional,21.5
OLIVA Oliva Ed. Limitada 2023 (10),cigarrillos,nacional,20
OLIVA Oliva Ed. Limitada 2024 (10),cigarrillos,nacional,25.5
OLIVA Oliva Mareva Cigar Smoking World Championship 5 1/8 X 42 (10),puros,nacional,14.5
OLIVA Oliva Serie G Doble Robusto 5x54 (25),cigarrillos,nacional,8
OLIVA Oliva Serie G Doble Robusto Mazo 5x54 (el envase de 10),otros,nacional,80
OLIVA Oliva Serie G Especial 3 3/4 x 48 (25),cigarrillos,nacional,6
OLIVA Oliva Serie G Especial 3 3/4 X 48 Mazo (el envase de 10),otros,nacional,60
OLIVA Oliva Serie O Nub Mazo 4x60 (El envase de 10),otros,nacional,85
OLIVA Oliva Serie O Robusto 5x50 (20),cigarrillos,nacional,9
OLIVA Oliva Serie O Robusto 5x50 Mazo (el envase de 10),otros,nacional,90
OLIVA Oliva Serie V 135 aniversario 5 1/2 x 54 (12),cigarrillos,nacional,19
OLIVA Oliva Serie V Ad. Cal. (El envase de 25),otros,nacional,300
OLIVA Oliva Serie V Maduro Especial Doble Robusto 5x54 (10),cigarrillos,nacional,13
OLIVA Oliva Serie V Maduro Especial Doble Toro 6x60 (10),cigarrillos,nacional,15.5
OLIVA Oliva Serie V Melanio Maduro Figurado 6 1/2x52 (10),cigarrillos,nacional,27.5
OLIVA Oliva Serie V Melanio Torpedo Maduro 6 1/2x52 (10),cigarrillos,nacional,19
OLIVA Oliva Serie V No 4 5x43 (24),cigarrillos,nacional,10.5
OLIVA Oliva Serie V Sampler (el envase de 5),otros,nacional,95
OLIVA Oliva Year Of The Snake (10),cigarrillos,nacional,42
OLIVA Serie G Especial 3 3/4x48 (48),cigarrillos,nacional,4
OLIVA Serie G Toro 6x50 (25),cigarrillos,nacional,8.5
OLIVA Serie G Toro Tubo 6x50 (10),cigarrillos,nacional,9
OLIVA Serie O Corona 6x46 (20),cigarrillos,nacional,5.9
OLIVA Serie O Doble Toro 6x60 (10),cigarrillos,nacional,12.5
OLIVA Serie O Doble Toro Maduro 6x60 (10),cigarrillos,nacional,12
OLIVA Serie O Perfecto 5x55 (20),cigarrillos,nacional,7.7
OLIVA Serie O Robusto Maduro 5x50 (20),cigarrillos,nacional,9.15
OLIVA Serie O Robusto Tubo 5x50 (10),cigarrillos,nacional,11
OLIVA Serie V Belicoso 5x54 (24),cigarrillos,nacional,12.5
OLIVA Serie V Churchill Extra 7x52 (24),cigarrillos,nacional,16
OLIVA Serie V Doble Robusto 5X54 (24),cigarrillos,nacional,12.5
OLIVA Serie V Doble Robusto Tubo 5x54 (12),cigarrillos,nacional,13
OLIVA Serie V Doble Toro 6x60 (24),cigarrillos,nacional,15
OLIVA Serie V Especial Figurado 6x60 (24),cigarrillos,nacional,16
OLIVA Serie V Lancero 7 x 38 (24),cigarrillos,nacional,12.5
OLIVA Serie V Lancero 7x38 (36),cigarrillos,nacional,8.2
OLIVA Serie V Melanio Churchill 7x50 (10),cigarrillos,nacional,18
OLIVA Serie V Melanio Doble Toro 6x60 (10),cigarrillos,nacional,22
OLIVA Serie V Melanio Figurado 6 1/2x52 (10),cigarrillos,nacional,23
OLIVA Serie V Melanio Petit Corona 4-1/2x46 (10),cigarrillos,nacional,15
OLIVA Serie V Melanio Robusto 5x52 (10),cigarrillos,nacional,18
OLIVA Serie V Melanio Robusto Edicion Limitada 2018 (10),cigarrillos,nacional,24.5
OLIVA Serie V Melanio Robusto Maduro 5x52 (10),cigarrillos,nacional,19
OLIVA Serie V Melanio Torpedo 6 1/2x52 (10),cigarrillos,nacional,23
OLIVA Serie V Nub ED.L. 4x60 (10),cigarrillos,nacional,10.9
OLIVA Serie V Torpedo 6x56 (24),cigarrillos,nacional,15
Olsen (80 g),tabaco-liar,nacional,5.6
Ome (spacer pack) (20),cigarrillos,nacional,4.8
Ome (spacer pack) (20) CM,cigarrillos,nacional,3
Ome 100'S RC Hollow Filter (20),cigarrillos,nacional,4.8
Ome 100'S RC Hollow Filter (20) CM,cigarrillos,nacional,2.6
Ome Green (spacer pack) (20),cigarrillos,nacional,4.8
Ome Green (spacer pack) (20) CM,cigarrillos,nacional,3
Omè Superslims Menthol,otros,nacional,4.2
Omè Superslims Menthol CM,otros,nacional,2.6
Ome White (spacer pack) (20),cigarrillos,nacional,4.8
Ome White (spacer pack) (20) CM,cigarrillos,nacional,3
Ome White 100'S RC Hollow Filter (20),cigarrillos,nacional,4.8
Ome White 100'S RC Hollow Filter (20) CM,cigarrillos,nacional,2.6
Ome Yellow (spacer pack) (20),cigarrillos,nacional,4.8
Ome Yellow (spacer pack) (20) CM,cigarrillos,nacional,3
ORIENT Orient Cities Series Pyramides Extra Aged 54 x 6 Cairo (20),cigarrillos,nacional,19.5
ORIENT Orient Cities Series Robustos Extra Extra Aged 52 x 5 Ispahan (20),cigarrillos,nacional,18.9
ORIENT Orient Cities Series Short Robustos Extra Aged 50 x 4 Casablanca (20),cigarrillos,nacional,16.9
ORIENT Orient Cities Series Short Salomon Extra Aged 58 x 6 Istanbul (20),cigarrillos,nacional,19.5
ORIENT Orient Cities Series Toro Gordo Extra Aged 60 x 6 Samarcande (20),cigarrillos,nacional,23
Orígenes (30 g),tabaco-liar,nacional,6.9
Orígenes (75 g),tabaco-liar,nacional,13
Origenes con papel Rizla Natura (30 g),tabaco-liar,nacional,4.85
Original Xtreme (100 g),tabaco-liar,nacional,15.5
Original Xtreme (17g),tabaco-liar,nacional,2.65
Os African King (50 g),tabaco-liar,nacional,4.5
Os African King (50 g) CM,tabaco-liar,nacional,3.2
Os African Queen (200 g),tabaco-liar,nacional,17.5
Os African Queen (200 g) CM,tabaco-liar,nacional,12.3
Os African Queen (50 g),tabaco-liar,nacional,4.5
Os African Queen (50 g) CM,tabaco-liar,nacional,3.2
Os Bonnie'n Clyde (50 g),tabaco-liar,nacional,4.5
Os Bonnie'n Clyde (50 g) CM,tabaco-liar,nacional,3.2
Os Casanova (200 g),tabaco-liar,nacional,17.5
Os Disco (200 g),tabaco-liar,nacional,17.5
Os Disco (200 g) CM,tabaco-liar,nacional,12.3
Os Disco (50 g),tabaco-liar,nacional,4.5
Os Disco (50 g) CM,tabaco-liar,nacional,3.2
Os Lucifero (50 g),tabaco-liar,nacional,4.5
Os Lucifero (50 g) CM,tabaco-liar,nacional,3.2
Os Tobacco Bonnie'n Clyde (200 g),tabaco-liar,nacional,17.5
Os Tobacco Bonnie'n Clyde (200 g) CM,tabaco-liar,nacional,12.3
Os Tobacco Casanova (50 g),tabaco-liar,nacional,4.5
Os Tobacco Casanova (50 g) CM,tabaco-liar,nacional,3.2
Os Tobacco Cosanostra (50 g),tabaco-liar,nacional,4.5
Os Tobacco Cosanostra (50 g) CM,tabaco-liar,nacional,3.2
Os Unknown (50 g),tabaco-liar,nacional,4.5
Os Unknown (50 g) CM,tabaco-liar,nacional,3.2
OSCAR VALLADARES Oscar Valladares 2012 Barberpole Toro C (10),cigarrillos,nacional,14.5
OSCAR VALLADARES Oscar Valladares 2012 Corojo Robusto C (20),cigarrillos,nacional,9.95
OSCAR VALLADARES Oscar Valladares 2012 Maduro Toro C (20),cigarrillos,nacional,10.95
OSCAR VALLADARES Oscar Valladares Freshpack Toro M (El envase de 5),otros,nacional,55
OSCAR VALLADARES Oscar Valladares Island Jim Corojo Torpedo C(21),cigarrillos,nacional,16.95
OSCAR VALLADARES Oscar Valladares Island Jim San Andrés Maduro Torpedo C(21),cigarrillos,nacional,16.95
OSCAR VALLADARES Oscar Valladares Leaf By Oscar 10th Anniv Criollo Toro C (20),cigarrillos,nacional,12.95
OSCAR VALLADARES Oscar Valladares Leaf By Oscar 10th Anniversary Toro M (20),cigarrillos,nacional,12.75
OSCAR VALLADARES Oscar Valladares Leaf by Oscar Broadleaf Toro Ed. Limit. C(20),cigarrillos,nacional,19.95
OSCAR VALLADARES Oscar Valladares Leaf By Oscar Corojo Robusto C (20),cigarrillos,nacional,12
OSCAR VALLADARES Oscar Valladares Leaf By Oscar Maduro Toro C (20),cigarrillos,nacional,12.95
OSCAR VALLADARES Oscar Valladares Leaf By Oscar Maduro Toro M (20),cigarrillos,nacional,12.75
OSCAR VALLADARES Oscar Valladares Sampler Collection Toro C (El envase de 12),otros,nacional,195
OSCAR VALLADARES Oscar Valladares The Oscar Maduro 6x52 C (11),cigarrillos,nacional,16.95
OSCAR VALLADARES Oscar Valladares the Oscar Toro 6x52 C(11),cigarrillos,nacional,16.95
OTAOLA Petit Robusto (20),cigarrillos,nacional,1.55
OTAOLA Robusto (20),cigarrillos,nacional,1.65
Overdozz 1St Love (60 g),tabaco-liar,nacional,3.3
Overdozz 1St Love (60 g) CM,tabaco-liar,nacional,2.8
Overdozz 24 Karatine (200 g),tabaco-liar,nacional,14.8
Overdozz 24 Karatine (60 g),tabaco-liar,nacional,3.3
Overdozz 24 Karatine (60 g) CM,tabaco-liar,nacional,2.8
Overdozz 24 Karatine Picadura Shisha Lata (50 g),tabaco-liar,nacional,3.95
Overdozz All Nighter (200 g),tabaco-liar,nacional,14.8
Overdozz All Nighter (200 g) CM,tabaco-liar,nacional,12.65
Overdozz All Nighter (50 g),tabaco-liar,nacional,3.95
Overdozz All Nighter (60 g),tabaco-liar,nacional,3.3
Overdozz All Nighter (60 g) CM,tabaco-liar,nacional,2.8
Overdozz Areejan (200 g),tabaco-liar,nacional,14.8
Overdozz Areejan (200 g) CM,tabaco-liar,nacional,12.65
Overdozz Areejan (50 g),tabaco-liar,nacional,3.95
Overdozz Areejan (60 g),tabaco-liar,nacional,3.3
Overdozz Areejan (60 g) CM,tabaco-liar,nacional,2.8
Overdozz Bad Habit (200 g),tabaco-liar,nacional,14.8
Overdozz Bad Habit (60 g),tabaco-liar,nacional,3.3
Overdozz Bad Habit (60 g) CM,tabaco-liar,nacional,2.8
Overdozz Bad Habit Picadura Shisha Lata (50 g),tabaco-liar,nacional,3.95
Overdozz Banango (200 g),tabaco-liar,nacional,14.8
Overdozz Banango (200 g) CM,tabaco-liar,nacional,12.65
Overdozz Banango (50 g),tabaco-liar,nacional,3.95
Overdozz Banango (60 g),tabaco-liar,nacional,3.3
Overdozz Banango (60 g) CM,tabaco-liar,nacional,2.8
Overdozz Crazy Ex (200 g),tabaco-liar,nacional,14.8
Overdozz Crazy Ex (60 g),tabaco-liar,nacional,3.3
Overdozz Crazy Ex (60 g) CM,tabaco-liar,nacional,2.8
Overdozz Crazy Ex Picadura Shisha Lata (50 g),tabaco-liar,nacional,3.95
Overdozz Dopomine (200 g),tabaco-liar,nacional,14.8
Overdozz Dopomine Picadura Shisha Lata (50 g),tabaco-liar,nacional,3.95
Overdozz Double Trouble (200 g),tabaco-liar,nacional,14.8
Overdozz Double Trouble (60 g),tabaco-liar,nacional,3.3
Overdozz Double Trouble (60 g) CM,tabaco-liar,nacional,2.8
Overdozz Double Trouble Picadura Shisha Lata (50 g),tabaco-liar,nacional,3.95
Overdozz Fresh Green (60 g),tabaco-liar,nacional,3.3
Overdozz Fresh Green (60 g) CM,tabaco-liar,nacional,2.8
Overdozz Fresh Greens (200 g),tabaco-liar,nacional,14.8
Overdozz Fresh Greens Picadura Shisha Lata (50 g),tabaco-liar,nacional,3.95
Overdozz Go For Broke (200 g),tabaco-liar,nacional,14.8
Overdozz Go for Broke (60 g),tabaco-liar,nacional,3.3
Overdozz Go for Broke (60 g) CM,tabaco-liar,nacional,2.8
Overdozz Go For Broke Picadura Shisha Lata (50 g),tabaco-liar,nacional,3.95
Overdozz Green Mist® (50 g),tabaco-liar,nacional,3.95
Overdozz Green Mist® (60 g),tabaco-liar,nacional,3.3
Overdozz Green Mist® (60 g) CM,tabaco-liar,nacional,2.8
Overdozz Heat Wave (200 g),tabaco-liar,nacional,14.8
Overdozz Heat Wave (60 g),tabaco-liar,nacional,3.3
Overdozz Heat Wave (60 g) CM,tabaco-liar,nacional,2.8
Overdozz Heat Wave Picadura Shisha Lata (50 g),tabaco-liar,nacional,3.95
Overdozz Ist Love (200 g),tabaco-liar,nacional,14.8
Overdozz Ist Love (200 g) CM,tabaco-liar,nacional,12.65
Overdozz Ist Love (50 g),tabaco-liar,nacional,3.95
Overdozz Judgment Day (200 g),tabaco-liar,nacional,14.8
Overdozz Judgment Day (60 g),tabaco-liar,nacional,3.3
Overdozz Judgment Day (60 g) CM,tabaco-liar,nacional,2.8
Overdozz Judgment Day Picadura Shisha Lata (50 g),tabaco-liar,nacional,3.95
Overdozz K.O. (200 g),tabaco-liar,nacional,14.8
Overdozz K.O. (200 g) CM,tabaco-liar,nacional,12.65
Overdozz K.O. (50 g),tabaco-liar,nacional,3.95
Overdozz Kaffeine Addikt Picadura Shisha Lata (200 g),tabaco-liar,nacional,12.5
Overdozz Kaffeine Addikt Picadura Shisha Lata (50 g),tabaco-liar,nacional,3.3
Overdozz Kesowawa (200 g),tabaco-liar,nacional,14.8
Overdozz Kesowawa (200 g) CM,tabaco-liar,nacional,12.65
Overdozz Kesowawa (50 g),tabaco-liar,nacional,3.95
Overdozz Kesowawa (60 g),tabaco-liar,nacional,3.3
Overdozz Kesowawa (60 g) CM,tabaco-liar,nacional,2.8
Overdozz Kooliche (50 g),tabaco-liar,nacional,3.95
Overdozz Kooliche (60 g),tabaco-liar,nacional,3.3
Overdozz Kooliche (60 g) CM,tabaco-liar,nacional,2.8
Overdozz Love Bug (200 g),tabaco-liar,nacional,14.8
Overdozz Love Bug (60 g),tabaco-liar,nacional,3.3
Overdozz Love Bug (60 g) CM,tabaco-liar,nacional,2.8
Overdozz Love Bug Picadura Shisha Lata (50 g),tabaco-liar,nacional,3.95
Overdozz Lusidream (60 g),tabaco-liar,nacional,3.3
Overdozz Lusidream (60 g) CM,tabaco-liar,nacional,2.8
Overdozz Lusidrem (200 g),tabaco-liar,nacional,14.8
Overdozz Lusidrem Picadura Shisha Lata (50 g),tabaco-liar,nacional,3.95
Overdozz Mad Spiral (200 g),tabaco-liar,nacional,14.8
Overdozz Mad Spiral (200 g) CM,tabaco-liar,nacional,12.65
Overdozz Mad Spiral (50 g),tabaco-liar,nacional,3.95
Overdozz One Night Stand (200 g),tabaco-liar,nacional,14.8
Overdozz One Night Stand (60 g),tabaco-liar,nacional,3.3
Overdozz One Night Stand (60 g) CM,tabaco-liar,nacional,2.8
Overdozz One Night Stand Picadura Shisha Lata (50 g),tabaco-liar,nacional,3.95
Overdozz Perta On The Rocks (200g),tabaco-liar,nacional,14.8
Overdozz Perta On The Rocks (50g),tabaco-liar,nacional,3.95
Overdozz Pombom (200 g),tabaco-liar,nacional,14.8
Overdozz Pombom (200 g) CM,tabaco-liar,nacional,12.65
Overdozz Pombom (50 g),tabaco-liar,nacional,3.95
Overdozz Pombom (50 g) CM,tabaco-liar,nacional,3.45
Overdozz Psych Out (200 g),tabaco-liar,nacional,14.8
Overdozz Psych Out (60 g),tabaco-liar,nacional,3.3
Overdozz Psych Out (60 g) CM,tabaco-liar,nacional,2.8
Overdozz Psych Out Picadura Shisha Lata (50 g),tabaco-liar,nacional,3.95
Overdozz Rachillo (200 g),tabaco-liar,nacional,14.8
Overdozz Rachillo (200 g) CM,tabaco-liar,nacional,12.65
Overdozz Rachillo (50 g),tabaco-liar,nacional,3.95
Overdozz Rachillo (60 g),tabaco-liar,nacional,3.3
Overdozz Rachillo (60 g) CM,tabaco-liar,nacional,2.8
Overdozz Sex With an Ex (200 g),tabaco-liar,nacional,14.8
Overdozz Sex With an Ex (50 g),tabaco-liar,nacional,3.95
Overdozz Sex With an Ex (60 g),tabaco-liar,nacional,3.3
Overdozz Sex With an Ex (60 g) CM,tabaco-liar,nacional,2.8
Overdozz Summer Fling (200 g),tabaco-liar,nacional,14.8
Overdozz Summer Fling (60 g),tabaco-liar,nacional,3.3
Overdozz Summer Fling (60 g) CM,tabaco-liar,nacional,2.8
Overdozz Summer Fling Picadura Shisha Lata (50 g),tabaco-liar,nacional,3.95
Overdozz Tease Um (200 g),tabaco-liar,nacional,14.8
Overdozz Tease Um (200 g) CM,tabaco-liar,nacional,12.65
Overdozz Tease Um (50 g),tabaco-liar,nacional,3.95
Overdozz Tease Um (50 g) CM,tabaco-liar,nacional,3.45
Overdozz Tranquilyser (200 g),tabaco-liar,nacional,14.8
Overdozz Tranquilyser (200 g) CM,tabaco-liar,nacional,12.65
Overdozz Tranquilyser Picadura Shisha Lata (200 g),tabaco-liar,nacional,12.5
Overdozz Tranquilyser Picadura Shisha Lata (50 g),tabaco-liar,nacional,3.95
Overdozz Wild Night Out (200 g),tabaco-liar,nacional,14.8
Overdozz Wild Night Out (60 g),tabaco-liar,nacional,3.3
Overdozz Wild Night Out (60 g) CM,tabaco-liar,nacional,2.8
Overdozz Wild Night Out Picadura Shisha Lata (50 g),tabaco-liar,nacional,3.95
Overdozz Zero Gravity (200 g),tabaco-liar,nacional,14.8
Overdozz Zero Gravity (60 g),tabaco-liar,nacional,3.3
Overdozz Zero Gravity (60 g) CM,tabaco-liar,nacional,2.8
Overdozz Zero Gravity Picadura Shisha Lata (50 g),tabaco-liar,nacional,3.95
PADRINO Maduro Serie 1 Cañonazo (25),cigarrillos,nacional,14.9
PADRINO Maduro Serie 1 Half Corona (25),cigarrillos,nacional,5.85
PADRINO Maduro Serie 1 Robusto (25),cigarrillos,nacional,11.95
PADRINO Maduro Serie 1 Short Robusto (25),cigarrillos,nacional,9.9
PADRÓN Padron 1926 80th Maduro (8),otros,nacional,42
PADRÓN Padron 1926 80th Natural (8),otros,nacional,42
PADRÓN Padron 20 Damaso No. 15 (20),cigarrillos,nacional,20
PADRÓN Padron 2000 X 26 Maduro (26),cigarrillos,nacional,11.9
PADRÓN Padron 2000 x 26 Natural (26),cigarrillos,nacional,11.9
PADRÓN Padron 3000 X 26 Maduro (26),cigarrillos,nacional,12.9
PADRÓN Padron 3000 x 26 Natural (26),cigarrillos,nacional,12.9
PADRÓN Padron 5000 X 26 Maduro (26),cigarrillos,nacional,14.5
PADRÓN Padron 5000 x 26 Natural (26),cigarrillos,nacional,14.5
PADRÓN Padron 7000 X 26 Maduro (26),cigarrillos,nacional,16.6
PADRÓN Padron 7000 x 26 Natural (26),cigarrillos,nacional,16.6
PADRÓN Padron Family Res. 45 Maduro (10),cigarrillos,nacional,36
PADRÓN Padron Family Res. 45 Natural (10),cigarrillos,nacional,36
PADRÓN Padron Nº 6 Maduro 1926 (10),cigarrillos,nacional,24.2
PADRÓN Padron No. 2 Maduro 1926 (10),cigarrillos,nacional,29.7
PADRÓN Padron No. 2 Natural 1926 (10),cigarrillos,nacional,29.7
PADRÓN Padron No. 6 Natural 1926 (10),cigarrillos,nacional,24.2
PADRÓN Padron No. 9 Maduro 1926 (10),cigarrillos,nacional,32.7
PADRÓN Padron No. 9 Natural 1926 (10),cigarrillos,nacional,32.7
PADRÓN Padron Serie 1964 Exclusivo Maduro (15),cigarrillos,nacional,21.7
PADRÓN Padron Serie 1964 Exclusivo Natural (15),cigarrillos,nacional,21.7
PADRÓN Padron Serie 1964 Hermoso Maduro (15),cigarrillos,nacional,22.3
PADRÓN Padron Serie 1964 Hermoso Natural (15),cigarrillos,nacional,22.3
PADRÓN Padron Serie 1964 Principe Maduro (15),cigarrillos,nacional,18.7
PADRÓN Padron Serie 1964 Principe Natural (15),cigarrillos,nacional,18.7
Pall Mall International Red,otros,nacional,6.45
PALL MALL Pall Mall Red Capa Natural (el envase de 18),otros,nacional,3.5
Pall Mall Puerto Rico,otros,nacional,5.85
Pall Mall Puerto Rico CM,otros,nacional,2
PALL MALL Red Capa Natural (el envase de 10),otros,nacional,1.6
Pall Mall Roll New Orleans Sun Ripened Tobacco (200 g),tabaco-liar,nacional,48
PALMERITOS Brevas (50),cigarrillos,nacional,0.6
PALMERITOS Palmeritos Coronas (10),cigarrillos,nacional,0.6
PALMERITOS Palmeritos Coronas (25),cigarrillos,nacional,0.6
PALMERITOS Palmeritos Coronas Celofán (25),cigarrillos,nacional,0.6
PALMERITOS Palmeritos Coronas Tubos (20),cigarrillos,nacional,1.2
PALMERITOS Señoritas (25),cigarrillos,nacional,0.4
PANTER Blue (El Envase de 20),otros,nacional,5.5
PANTER Desert (El envase de 20),otros,nacional,4.7
PANTER Desert (El envase de 20)   CM,otros,nacional,3.9
PANTER Mignon De Luxe (El Envase de 20),otros,nacional,5.5
PANTER Mignon De Luxe (El Envase de 20) CM,otros,nacional,4.7
PANTER Mignon Luxe (20),cigarrillos,nacional,0.27
PANTER Mignon Red (El Envase de 20),otros,nacional,5.5
PANTER Mini Bleu (20),cigarrillos,nacional,0.28
PANTER Mini Bleu (El envase de 20) CM,otros,nacional,5.1
PANTER Mini Filter Bleu (20),cigarrillos,nacional,0.28
PANTER Mini Filter Bleu (el envase de 20) CM,otros,nacional,5.1
PANTER Mini Filter Red (20),cigarrillos,nacional,0.28
PANTER Mini Filter Red (El envase de 20) CM,otros,nacional,5.1
PANTER Mini Filter Vanilla (5),otros,nacional,0.2
PANTER Mini Original (20),cigarrillos,nacional,0.28
PANTER Mini Original (El envase de 20) CM,otros,nacional,5.1
PANTER Mini Red (20),cigarrillos,nacional,0.28
PANTER Mini Red (El envase de 20) CM,otros,nacional,5.1
PANTER Panter Mini Filter Green (el envase de 20),otros,nacional,5.3
PANTER Panter Mini Filter Green (el envase de 20) CM,otros,nacional,4.9
PANTER Panter Mini Filter Swirl (20),cigarrillos,nacional,0.28
PANTER Panter Mini Filter Swirl (el envase de 20) CM,otros,nacional,5.1
PANTER Panter Pocket Blue (20),cigarrillos,nacional,0.2
PANTER Panter Pocket Blue (20) CM,cigarrillos,nacional,0.18
PANTER Panter Pocket Filter Green (10),cigarrillos,nacional,0.22
PANTER Panter Pocket Filter Green (10) CM,cigarrillos,nacional,0.17
PANTER Panter Pocket Filter Swirl Bronze (10),cigarrillos,nacional,0.22
PANTER Panter Pocket Filter Swirl Bronze (10) CM,cigarrillos,nacional,0.17
PANTER Panter Pocket Filter Swirl Red (10),cigarrillos,nacional,0.22
PANTER Panter Pocket Filter Swirl Red (10) CM,cigarrillos,nacional,0.17
PANTER Panter Pocket Red (20),cigarrillos,nacional,0.2
PANTER Panter Pocket Red (20) CM,cigarrillos,nacional,0.18
PANTER Small (El Envase de 20),otros,nacional,5.5
PANTER Vitesse De Luxe (El Envase de 10),otros,nacional,2.9
PANTER Vitesse De Luxe (El Envase de 10) CM,otros,nacional,2.5
Paramount (30 g),tabaco-liar,nacional,5.65
Paramount Red Box 20s,otros,nacional,4.85
Paramount SKS (20),cigarrillos,nacional,4.7
PARTAGAS Añejados Coronas Gordas (25),cigarrillos,nacional,26.8
PARTAGAS Añejados Coronas Gordas (25) CM,cigarrillos,nacional,22.65
PARTAGAS Capitols (5),otros,nacional,11.9
PARTAGAS Club (El envase de 10),otros,nacional,6.1
PARTAGAS Club (El envase de 10) CM,otros,nacional,5.15
PARTAGAS Maduro Nº 1 (25),cigarrillos,nacional,23
PARTAGAS Maduro Nº 1 (25) CM,cigarrillos,nacional,19.45
PARTAGAS Maduro nº 2 (25),cigarrillos,nacional,23.2
PARTAGAS Maduro nº 3 (25),cigarrillos,nacional,24.5
PARTAGAS Mini (El envase de 10),otros,nacional,5
PARTAGAS Mini (El envase de 10) CM,otros,nacional,4.2
PARTAGAS Partagas Aliados LCDH (20),cigarrillos,nacional,59.8
PARTAGAS Partagás Cedros Año Chino (18),cigarrillos,nacional,64
PARTAGAS Partagás Club 20 (El envase de 20),otros,nacional,12.2
PARTAGAS Partagas Legados (25),cigarrillos,nacional,67
PARTAGAS Partagás Línea Maestra Colección (El envase de 3),otros,nacional,305
PARTAGAS Partagas Lusitanias (10),cigarrillos,nacional,32.2
PARTAGAS Partagás Maestro Línea Maestra (20),cigarrillos,nacional,68
PARTAGAS Partagás Origen Línea Maestra (20),cigarrillos,nacional,60
PARTAGAS Partagás Rito Línea Maestra (20),cigarrillos,nacional,75.5
PARTAGAS Partagas Royales TR.EL (20),cigarrillos,nacional,52
PARTAGAS Partagás Serie E No. 2 - Tauromaquia Y Pedro Romero (10),cigarrillos,nacional,38.2
PARTAGAS Partagas Serie E No. 2 Gran Reserva Cosecha 2015 (15),cigarrillos,nacional,252.4
PARTAGAS Partagas Tropicales (50),cigarrillos,nacional,238
PARTAGAS Serie Club (El envase de 20),otros,nacional,13.2
PARTAGAS Serie Club (El envase de 20) CM,otros,nacional,11.15
PARTAGAS Serie E N 2 T (3),otros,nacional,27.5
PARTAGAS Serie E N 2 T (3) CM,otros,nacional,23.25
PARTAGAS Serie Mini (El envase de 20),otros,nacional,10.7
PARTAGAS Serie Mini (El envase de 20) CM,otros,nacional,9.05
PARTAGAS Serie P Nº 2 Serie Sevilla (el envase de 21),otros,nacional,577.5
PARTAGAS Serie P Nº 2 Tauromaquia (10),cigarrillos,nacional,28.9
PARTAGAS Serie Puritos (5),otros,nacional,1.55
PARTAGAS Serie Puritos (5) CM,otros,nacional,1.3
PARTAGAS Series No. 1 EL 2017 (25),cigarrillos,nacional,72.1
PATRIA American Blend (El envase de 20),otros,nacional,2.65
PATRIA American Blend (El envase de 20) CM,otros,nacional,1.7
PDR 1878 Capa Madura Toro 6x52 (20),cigarrillos,nacional,6.2
PDR 1878 Capa Oscura DBL Magnum 6x60 (20),cigarrillos,nacional,6.95
PDR 1878 Capa Oscura Robusto 5x52 (20),cigarrillos,nacional,5.9
PDR 1878 Capa Sungrown (20),cigarrillos,nacional,5.9
PDR Assortment Robusto (5),otros,nacional,35
PDR Assortment Robusto (el envase de 5),otros,nacional,32
PDR LA ALTERNATIVA Triple B Petit Gordo (20),cigarrillos,nacional,2.8
PDR LA ALTERNATIVA Triple B Petit Gordo M (10),cigarrillos,nacional,2.95
PDR LA ALTERNATIVA Triple B Robusto (20),cigarrillos,nacional,2.7
PDR LA ALTERNATIVA Triple B Robusto M (10),cigarrillos,nacional,2.95
PDR LA ALTERNATIVA Triple B Short Robusto (20),cigarrillos,nacional,2.2
PDR LA ALTERNATIVA Triple B Short Robusto M (10),cigarrillos,nacional,2.5
PDR LA ALTERNATIVA Triple B Wide Toro (20),cigarrillos,nacional,3
PDR LA ALTERNATIVA Triple B Wide Toro M (10),cigarrillos,nacional,3.5
PDR Members Only Exclusive Habano Robusto M20 (20),cigarrillos,nacional,1
PDR Members Only Exclusive Habano Toro M20 (20),cigarrillos,nacional,1.1
PDR PDR 1878 Edic. Santiago Sungrown DBL Magnum C (20),cigarrillos,nacional,8.5
PDR PDR 1878 Edicion Santiago Maduro Robusto C (20),cigarrillos,nacional,6.95
PDR PDR 1878 Edicion Santiago Sungrown Robusto C (20),cigarrillos,nacional,6.95
PDR PDR Fresh Pack Sampler 5 Robustos 5 Pack M( El envase de 5),otros,nacional,40
PEÑAMIL CLASICO Coronas,otros,nacional,1.95
PEÑAMIL CLASICO Coronitas en Cedro,otros,nacional,1.65
PEÑAMIL CLASICO Lonsdales,otros,nacional,1.86
PEÑAMIL CLASICO Panetelas Especiales,otros,nacional,1.77
PEÑAMIL CLASICO Petit Coronas,otros,nacional,1.85
PEÑAMIL CLASICO Pirámides,otros,nacional,3
PEÑAMIL CLASICO Robustos,otros,nacional,2.45
PEÑAMIL CLASICO Tubos,otros,nacional,3
PEÑAMIL Gran Corona,otros,nacional,1.95
PEÑAMIL Gran Corona CM,otros,nacional,1.65
PEÑAMIL Gran Reserva (20),cigarrillos,nacional,2.7
PEÑAMIL Oro N.17 (4),otros,nacional,2.35
PEÑAMIL Oro N.25 (25),cigarrillos,nacional,2.6
PEÑAMIL Oro N.25 (4),otros,nacional,2.6
PEÑAMIL Oro N.6 (4),otros,nacional,2.1
PEÑAMIL Oro Nº 25 (25) CM,cigarrillos,nacional,2.2
PEÑAMIL Oro Perla 25 Rd,otros,nacional,1.7
PEÑAMIL ORO Pirámide 25 RD,otros,nacional,3.6
PEÑAMIL Oro Robusto 25 Rd,otros,nacional,3.1
PEÑAMIL Plata Cigarritos,cigarrillos,nacional,0.19
PEÑAMIL Plata Cortados,otros,nacional,0.24
PEÑAMIL Plata Nº 2,otros,nacional,1.14
PEÑAMIL Plata Nº 3,otros,nacional,0.8
PEÑAMIL Reserva (20),cigarrillos,nacional,2.4
PEÑAMIL Tres Coronas,otros,nacional,1.77
PERDOMO 10Th Anniversary Maduro Box pressed (25),cigarrillos,nacional,12.4
PERDOMO 10Th Anniversary Sun Grown Box Pressed (25),cigarrillos,nacional,12.4
PERDOMO 20th Anniversary Robusto Maduro 5 x 56 (24),cigarrillos,nacional,12.9
PERDOMO 20th Anniversary Robusto Sungrown 5 x 56 (24),cigarrillos,nacional,9.9
PERDOMO Factory Tour Maduro 5x52 (24),cigarrillos,nacional,9.7
PERDOMO Factory Tour SunGrown 5x52 (24),cigarrillos,nacional,9.7
PERDOMO Grand Cru Grand Epicure Connecticut 6x54 (24),cigarrillos,nacional,10
PERDOMO Grand Cru Grand Epicure Double Maduro 6x54 (24),cigarrillos,nacional,10
PERDOMO Grand Cru Grand Epicure Sungrown  6x54 (24),cigarrillos,nacional,10
PERDOMO Grand Cru Grand Robusto Double Maduro 5x60 (24),cigarrillos,nacional,9.6
PERDOMO Grand Cru Grand Robusto Sungrown  5x60 (24),cigarrillos,nacional,9.6
PERDOMO Lot 23 Gordito Natural 4 1/2 x 60 (24),cigarrillos,nacional,9.8
PERDOMO Lot 23 Robusto Connecticut 5x50 (24),cigarrillos,nacional,6.9
PERDOMO Lot 23 Robusto Maduro 5x50 (24),cigarrillos,nacional,6.9
PERDOMO Lot 23 Robusto Natural 5x50 (24),cigarrillos,nacional,9.5
PERDOMO Lot 23 Toro Connecticut 6x54 (24),cigarrillos,nacional,7.7
PERDOMO Lot 23 Toro Maduro 6x54 (24),cigarrillos,nacional,7.7
PERDOMO Lot 23 Toro Natural 6 x 50 (24),cigarrillos,nacional,10
PERDOMO Lot 23 Toro Natural 6x54 (24),cigarrillos,nacional,7.7
PERDOMO Minis lata Connecticut (el envase de 20),otros,nacional,11.9
PERDOMO Minis lata Maduro (el envase de 20),otros,nacional,11.9
PERDOMO Minis lata Sungrown (el envase de 20),otros,nacional,11.9
PERDOMO Perdomo 10th Anniversary Connecticut Epicure (25),cigarrillos,nacional,13.9
PERDOMO Perdomo 10th Anniversary Connecticut Robusto (25),cigarrillos,nacional,12.4
PERDOMO Perdomo 10th Anniversary Maduro Epicure (25),cigarrillos,nacional,13.9
PERDOMO Perdomo 10th Anniversary Sun Grown Epicure (25),cigarrillos,nacional,13.9
PERDOMO Perdomo Connoissuer Collection Award (El envase de 12),otros,nacional,200
PERDOMO Perdomo Connoissuer Collection Connecticut (El envase de 12),otros,nacional,200
PERDOMO Perdomo Connoissuer Collection Maduro (El envase de 12),otros,nacional,200
PERDOMO Perdomo Connoissuer Collection Sun Grown (El envase de 12),otros,nacional,200
PERDOMO Perdomo Inmenso Maduro  5X70 (El envase de 16),otros,nacional,12.9
PERDOMO Perdomo Inmenso Maduro 5X70 (16),cigarrillos,nacional,13.4
PERDOMO Perdomo Inmenso Rosado 5X70 ( El envase de 16),otros,nacional,12.9
PERDOMO Perdomo Inmenso Rosado 5X70 (16),cigarrillos,nacional,13.4
PERDOMO Perdomo Nicaragua Epicure Connecticut (24),cigarrillos,nacional,15.6
PERDOMO Perdomo Nicaragua Epicure Maduro (24),cigarrillos,nacional,15.6
PERDOMO Perdomo Nicaragua Epicure Sun Grown (24),cigarrillos,nacional,15.6
PERDOMO Perdomo Nicaragua Robusto Connecticut (24),cigarrillos,nacional,14.4
PERDOMO Perdomo Nicaragua Robusto Maduro (24),cigarrillos,nacional,14.4
PERDOMO Perdomo Nicaragua Robusto Sun Grown (24),cigarrillos,nacional,14.4
PERDOMO Reserve Epicure Connecticut 6x54 (25),cigarrillos,nacional,9.6
PERDOMO Reserve Epicure Noir 6x54 (25),cigarrillos,nacional,9.6
PERDOMO Reserve Epicure Sungrown 6x54 (25),cigarrillos,nacional,9.6
PERDOMO Reserve Robusto Connecticut 5x54 (25),cigarrillos,nacional,8.8
PERDOMO Reserve Robusto Noir 5x54 (25),cigarrillos,nacional,8.8
PERDOMO Reserve Robusto Sungrown 5x54 (25),cigarrillos,nacional,9.1
PERDOMO Special Craft Series Epicure Amber 6x54 (24),cigarrillos,nacional,9.5
PERDOMO Special Craft Series Epicure Pilsner 6x54 (24),cigarrillos,nacional,9.5
PERDOMO Special Craft Series Epicure Stout 6x54 (24),cigarrillos,nacional,9.5
PERDOMO Travel Humidor Connecticut 6x54 (el envase de 4),otros,nacional,59.6
PERDOMO Travel Humidor Maduro 6x54 (el envase de 4),otros,nacional,59.6
PERDOMO Travel Humidor Sungrown 6x54 (el envase de 4),otros,nacional,59.6
PERLA DE CALVANO Perla de Calvano Robusto (10),cigarrillos,nacional,1.8
PERLA DE CALVANO Perla de Calvano Short Robusto (10),cigarrillos,nacional,1.6
PERLA DE CALVANO Perla de Calvano Toro (10),cigarrillos,nacional,2
PERLA DEL MAR Perla del Mar Shade Robusto 4 3/4 X 52 (25),cigarrillos,nacional,8.9
PERLA DEL MAR Perla del Mar Shade Short Robusto 3 3/4 X 56 (28),cigarrillos,nacional,8.2
PERLA DEL MAR Perla del Mar Shade Toro 6 1/4 X 54 (25),cigarrillos,nacional,10
PERLA DEL MAR Perla L Maduro (25),cigarrillos,nacional,4
PERLA DEL MAR Perla M Maduro (25),cigarrillos,nacional,4
PERLA DEL MAR Perla P (28),cigarrillos,nacional,3.8
Peter Clark Classic Black Mixture Pipe's Tobacco (100 g),tabaco-liar,nacional,7.8
Peter Stuyvesant Blue,otros,nacional,6.25
Peter Stuyvesant Red,otros,nacional,6.25
Peter Stuyvesant Silver,otros,nacional,6.25
Peterson 1865 Mixture (100 g),tabaco-liar,nacional,20
Peterson 1865 Mixture (100 g) CM,tabaco-liar,nacional,19.6
Peterson Connoisseurs Choice (50 g),tabaco-liar,nacional,9.25
Peterson Early Morning (50 g),tabaco-liar,nacional,13
Peterson Early Morning (50 g) CM,tabaco-liar,nacional,12.6
Peterson Founder's Choice (100 g),tabaco-liar,nacional,15.75
Peterson Founder's Choice (100 g) CM,tabaco-liar,nacional,15.35
Peterson Gold Blend (50 g),tabaco-liar,nacional,9.25
Peterson Holiday Season (100 g),tabaco-liar,nacional,18
Peterson Irish Oak (50 g),tabaco-liar,nacional,9.25
Peterson Irish Whiskey (50 g),tabaco-liar,nacional,9.25
Peterson Luxe Mixture  (50 g),tabaco-liar,nacional,11.25
Peterson My Mixture 965 (50 g),tabaco-liar,nacional,13
Peterson My Mixture 965 (50 g) CM,tabaco-liar,nacional,12.6
Peterson Nightcap (50 g),tabaco-liar,nacional,13
Peterson Nightcap (50 g) CM,tabaco-liar,nacional,12.6
Peterson Old Dublin (50 g),tabaco-liar,nacional,11.8
Peterson Old Dublin (50 g) CM,tabaco-liar,nacional,9.9
Peterson Perfect Plug  (50 g),tabaco-liar,nacional,9.25
Peterson Sherlock Holmes (50 g),tabaco-liar,nacional,12.3
Peterson Sherlock Holmes (50 g) CM,tabaco-liar,nacional,11.9
Peterson Special 2014 Reserve (100 g),tabaco-liar,nacional,18
Peterson St. Patrick's Day (50 g),tabaco-liar,nacional,9.25
Peterson Standard Mixture (50 g),tabaco-liar,nacional,13
Peterson Standard Mixture (50 g) CM,tabaco-liar,nacional,12.6
Peterson Summertime (100 g),tabaco-liar,nacional,18
Peterson Sunset Breeze (50 g),tabaco-liar,nacional,9.25
Peterson Sweet Killarney (50 g),tabaco-liar,nacional,9.25
Peterson University Flake (50 g),tabaco-liar,nacional,11.25
Philip Morris Filter King,otros,nacional,6.1
Philip Morris Filter King (30 g),tabaco-liar,nacional,7.1
Philip Morris Filter Kings Largo (20),cigarrillos,nacional,5.9
Picadura Selecta (40 g),tabaco-liar,nacional,9.8
PICADUROS Bahía,otros,nacional,0.22
PICADUROS Cigarillos,puros,nacional,0.17
PIPERS Club Classic Cigar (10),puros,nacional,0.17
PIPERS Club Gold Cigar (10),puros,nacional,0.17
PIPERS Club Red Cigar (10),puros,nacional,0.17
PLACERES  Reserva Elegantes (20),cigarrillos,nacional,3
PLACERES  Reserva Majestuosos (30),cigarrillos,nacional,2.5
PLACERES  Reserva Mini Toppers (20),cigarrillos,nacional,3.7
PLACERES  Reserva Selección (4x5) (El envase de 4),otros,nacional,16
PLACERES  Reserva Stars (20),cigarrillos,nacional,3.75
PLACERES Albores (25),cigarrillos,nacional,2.4
PLACERES Auténticos (50),cigarrillos,nacional,2.8
PLACERES Cigarrito con filtro American Blend (El envase de 17),cigarrillos,nacional,2.3
PLACERES Clásicos (25),cigarrillos,nacional,2.4
PLACERES Clásicos Serie Oro (25),cigarrillos,nacional,2.1
PLACERES Colosos 5x3 (15),cigarrillos,nacional,3.5
PLACERES Divinos (10),cigarrillos,nacional,1.15
PLACERES Divinos (50),cigarrillos,nacional,1.15
PLACERES Esp. Robustos Mazo (3x10),otros,nacional,1.75
PLACERES Especiales Robusto M (10),cigarrillos,nacional,1.9
PLACERES Expositor Inmensos-Divinos-Exquisitos (El envase de 17),otros,nacional,146.25
PLACERES Expositor Placeres Nicaragua (el envase de 80),otros,nacional,117
PLACERES Exquisitos (50),cigarrillos,nacional,1.1
PLACERES Exquisitos Estuche (10),cigarrillos,nacional,1.1
PLACERES Hermosos (25),cigarrillos,nacional,1.65
PLACERES Hermosos M (10),cigarrillos,nacional,1.9
PLACERES Hermosos Mazo (3x10),otros,nacional,1.75
PLACERES Inmensos (35),cigarrillos,nacional,1.35
PLACERES Maduros nº 3 (10),cigarrillos,nacional,1.7
PLACERES Maduros nº 3 M (10),cigarrillos,nacional,1.8
PLACERES Maduros nº 4 (10),cigarrillos,nacional,1.4
PLACERES Maduros nº 4 M (10),cigarrillos,nacional,1.5
PLACERES Maduros nº 5 (10),cigarrillos,nacional,1.2
PLACERES Maduros nº 5 M (10),cigarrillos,nacional,1.2
PLACERES Maduros nº 6 (10),cigarrillos,nacional,1.4
PLACERES Maduros nº 6 M (10),cigarrillos,nacional,1.4
PLACERES Mini Robustos M (10),cigarrillos,nacional,1.5
PLACERES Mini Robustos Mazo (3x10),otros,nacional,1.4
PLACERES Mini Torpedos M (10),cigarrillos,nacional,1.5
PLACERES Mini Torpedos Mazo (3x10),otros,nacional,1.4
PLACERES Minutos (10X5),otros,nacional,1
PLACERES Minutos M (10),cigarrillos,nacional,1
PLACERES Momentos (10),cigarrillos,nacional,1.7
PLACERES Naturales (25),cigarrillos,nacional,0.75
PLACERES Naturales M (10),cigarrillos,nacional,1.5
PLACERES Naturales Mazo (3x10),otros,nacional,1.4
PLACERES Nicaragua Especiales Robusto M (10),cigarrillos,nacional,1.9
PLACERES Nicaragua Especiales Robusto M (10) CM,cigarrillos,nacional,1.5
PLACERES Nicaragua Mini Robustos M (10),cigarrillos,nacional,1.5
PLACERES Nicaragua Mini Robustos M (10) CM,cigarrillos,nacional,1.15
PLACERES Nicaragua Mini Torpedos M (10),cigarrillos,nacional,1.5
PLACERES Nicaragua Mini Torpedos M (10) CM,cigarrillos,nacional,1.15
PLACERES Nicaragua Perlitas M (10),cigarrillos,nacional,1.3
PLACERES Nicaragua Perlitas M (10) CM,cigarrillos,nacional,0.95
PLACERES Nicaragua Torpedos M (10),cigarrillos,nacional,2.1
PLACERES Nicaragua Torpedos M (10) CM,cigarrillos,nacional,1.65
PLACERES Panetelas M (10),cigarrillos,nacional,1.15
PLACERES Panetelas Mazo (3x10),otros,nacional,1.15
PLACERES Perlitas (10),cigarrillos,nacional,1.3
PLACERES Perlitas Estuche (10x5),otros,nacional,1
PLACERES Reserva Marevas  E.(4x5),otros,nacional,2
PLACERES Reserva Marevas (20),cigarrillos,nacional,2
PLACERES Reserva Marevas Estuche (4),otros,nacional,1.75
PLACERES Reserva Mini  Toppers (3x5),otros,nacional,3.7
PLACERES Reserva Prensado Belicosos (20),cigarrillos,nacional,5
PLACERES Reserva Prensado Colosos (20),cigarrillos,nacional,5.5
PLACERES Reserva Prensado Estrellas (20),cigarrillos,nacional,4.6
PLACERES Reserva Prensado Marevas (20),cigarrillos,nacional,3.9
PLACERES Reserva Prensado Toro Grande (20),cigarrillos,nacional,6
PLACERES Reserva Stars (3x5),otros,nacional,3
PLACERES Selección Tripa Corta (El envase de 110),otros,nacional,151
PLACERES Selectos (10),cigarrillos,nacional,1.1
PLACERES Selectos Estuche (5),otros,nacional,1
PLACERES Serie Roja 3Tentaciones (el envase de 3),otros,nacional,5.5
PLACERES Serie Roja Lata Humidor Grandes (25),cigarrillos,nacional,2.3
PLACERES Serie Roja Lata Humidor Robustos (25),cigarrillos,nacional,1.9
PLACERES Serie Roja Petit Placeres (El envase de 10),otros,nacional,2.5
PLACERES Serie Roja Puritos (El envase de 10),otros,nacional,2.75
PLACERES Serie Roja Short Corona (El envase de 5),otros,nacional,2.5
PLACERES Sublimes (50),cigarrillos,nacional,3.1
PLACERES Superiores (25),cigarrillos,nacional,2.1
PLACERES Torpedos M (10),cigarrillos,nacional,2.1
PLACERES Torpedos Mazo (3x10),otros,nacional,1.95
PLACERES Universales (25),cigarrillos,nacional,1.6
PLAN S Plan S Doble Toro Sixty 60X6 (El envase de 10),otros,nacional,32.5
PLAN S Plan S Robusto 50X5 (El envase de 10),otros,nacional,25
PLAN S Plan S Short Robusto 54X4 (El envase de 10),otros,nacional,28
PLAN S Plan S Toro 52X6 (El envase de 10),otros,nacional,27
Planta Tobacco Year Anno MMXVI (100 g),tabaco-liar,nacional,18
PLASENCIA Alma de Campo Guajiro Robusto Gordo (10),cigarrillos,nacional,20
PLASENCIA Alma de Campo Madroño Gordo (10),cigarrillos,nacional,23.8
PLASENCIA Alma de Campo Sendero Toro Gordo (10),cigarrillos,nacional,21.5
PLASENCIA Alma de Campo Travesia Toro Extra (10),cigarrillos,nacional,21.95
PLASENCIA Alma de Campo Tribu Robusto (10),cigarrillos,nacional,18.8
PLASENCIA Alma de Fuego Candente-Robusto (10),cigarrillos,nacional,19
PLASENCIA Alma de Fuego Concepcion-Toro (10),cigarrillos,nacional,20.6
PLASENCIA Alma de Fuego Flama-Panatela (10),cigarrillos,nacional,20.5
PLASENCIA Alma Fuerte 5 Pack Nestor IV (el envase de 5),otros,nacional,126
PLASENCIA Alma Fuerte 5 Pack Robustus I (el envase de 5),otros,nacional,117
PLASENCIA Alma Fuerte Eduardo I (10),cigarrillos,nacional,25.2
PLASENCIA ALMA FUERTE Generación V Salomón (10),cigarrillos,nacional,27.95
PLASENCIA ALMA FUERTE Nestor IV Toro (10),cigarrillos,nacional,25.2
PLASENCIA Alma Fuerte Robustus I (10),cigarrillos,nacional,23.4
PLASENCIA Alma Fuerte Sixto I Hexágono (10),cigarrillos,nacional,26.6
PLASENCIA ALMA FUERTE Sixto II Hexágono (10),cigarrillos,nacional,26.6
PLASENCIA Box Set Sampler (el envase de 5),otros,nacional,100
PLASENCIA Cosecha 146 La Música Robusto (10),cigarrillos,nacional,11.7
PLASENCIA Cosecha 146 La Música-Robusto (20),cigarrillos,nacional,11
PLASENCIA Cosecha 146 La Vega Robusto Gordo (10),cigarrillos,nacional,12.8
PLASENCIA Cosecha 146 La Vega-Robusto Gordo (20),cigarrillos,nacional,12
PLASENCIA Cosecha 146 Monte Carlo Gordo (10),cigarrillos,nacional,14.8
PLASENCIA Cosecha 146 Monte Carlo-Gordo (20),cigarrillos,nacional,14
PLASENCIA Cosecha 146 San Agustin Torpedo (10),cigarrillos,nacional,14.5
PLASENCIA Cosecha 146 San Agustín-Torpedo (20),cigarrillos,nacional,13.9
PLASENCIA Cosecha 146 San Luis Toro (10),cigarrillos,nacional,14.3
PLASENCIA Cosecha 146 San Luis-Toro (20),cigarrillos,nacional,13.5
PLASENCIA Cosecha 149 Azacualpa Toro (10),cigarrillos,nacional,18.5
PLASENCIA Cosecha 149 La Vega Robusto (10),cigarrillos,nacional,16.5
PLASENCIA Cosecha 149 Santa Fe Gordito (10),cigarrillos,nacional,17
PLASENCIA Ehtefal (10),cigarrillos,nacional,65
PLASENCIA Plasencia Alma de Campo Sendero Toro Gordo (El envase de 5),otros,nacional,107.5
PLASENCIA Plasencia Alma de Campo Tribu Robusto (El envase de 5),otros,nacional,94
PLASENCIA Plasencia Alma del Cielo Amanecer Hexagono (10),cigarrillos,nacional,28.5
PLASENCIA Plasencia Alma del Cielo Boreal Toro (10),cigarrillos,nacional,27.5
PLASENCIA Plasencia Alma del Cielo Celeste Robusto (10),cigarrillos,nacional,26.3
PLASENCIA Plasencia Alma del Fuego Ometepe Torpedo (El envase de 20),otros,nacional,2000
PLASENCIA Plasencia Alma Fuerte Eduardo 1 (El envase de 5),otros,nacional,126
PLASENCIA Plasencia Alma Fuerte Robustus 1 (El envase de 2),otros,nacional,47
PLASENCIA Plasencia Alma Fuerte Robustus II Colorado (10),cigarrillos,nacional,24.5
PLASENCIA Plasencia Alma Fuerte Robustus II Colorado (El envase de 5),otros,nacional,122.5
PLASENCIA Plasencia Alma Fuerte Sixto I Hexagono Tubo (10),cigarrillos,nacional,29.9
PLASENCIA Plasencia Alma Fuerte Sixto I Hexagono Tubo (3),otros,nacional,29.9
PLASENCIA Plasencia Cosecha 149 Cortez Figurado (10),cigarrillos,nacional,19.9
PLASENCIA Plasencia Cosecha 151 La Musica Robusto (10),cigarrillos,nacional,15.95
PLASENCIA Plasencia Cosecha 151 La Tradicion Toro (10),cigarrillos,nacional,18.8
PLASENCIA Plasencia Cosecha 151 San Diego Corona (10),cigarrillos,nacional,15.2
PLASENCIA Plasencia El Año de la Culebra (El envase de 10),otros,nacional,490
PLASENCIA Plasencia Reserva 1898 Sampler ( El envase de 5),otros,nacional,47.5
PLASENCIA Plasencia Reserva Original Robusto (2),otros,nacional,12.6
PLASENCIA Plasencia Reserva Original Robusto (20),cigarrillos,nacional,12.6
PLASENCIA Plasencia Reserva Original Short Corona (20),cigarrillos,nacional,9.9
PLASENCIA Plasencia Sampler Robusto Collection (El envase de 6),otros,nacional,122
PLASENCIA Plasencia Year of the Horse (10),cigarrillos,nacional,59
PLASENCIA Plasencia. Reserva Original Nesticos (25),cigarrillos,nacional,6.9
PLASENCIA Reserva 1898 Churchill (20),cigarrillos,nacional,7.6
PLASENCIA Reserva 1898 Robusto (20),cigarrillos,nacional,6.4
PLASENCIA Reserva 1898 Salomones (10),cigarrillos,nacional,9
PLASENCIA Reserva 1898 Toro (20),cigarrillos,nacional,7.2
PLASENCIA Reserva Original Corona (10),cigarrillos,nacional,12.2
PLASENCIA Reserva Original Cortes (10),cigarrillos,nacional,16.1
PLASENCIA Reserva Original Nesticos (10),cigarrillos,nacional,5.8
PLASENCIA Reserva Original PRO Perfectico (10),cigarrillos,nacional,9.9
PLASENCIA Reserva Original PRO Sampler (el envase de 6),otros,nacional,92
PLASENCIA Reserva Original Pyramide (10),cigarrillos,nacional,14.95
PLASENCIA Reserva Original Robusto (10),cigarrillos,nacional,12.6
PLASENCIA Reserva Original Toro (10),cigarrillos,nacional,13.95
PLASENCIA Sampler Alma de Fuego (El envase de 3),otros,nacional,62
PLASENCIA TKO Maduro 4x42 (25),cigarrillos,nacional,2.8
PLASENCIA TKO Natural 4x42 (25),cigarrillos,nacional,2.5
PLASENCIA Year of 0X Special Edition (8),otros,nacional,35
PLASENCIA Year of the Rabbit (10),cigarrillos,nacional,49
PLASENCIA Years of the Tiger (8),otros,nacional,40
Player´s Bright Blue,otros,nacional,7
Player's 100s 20,otros,nacional,6.9
Player's KS 20,otros,nacional,7
PONCHO Poncho Cigarritos (10),cigarrillos,nacional,0.26
PONCHO Poncho Cigarritos (10) CM,cigarrillos,nacional,0.23
POR LARRAÑAGA Montecarlos (25),cigarrillos,nacional,6.2
POR LARRAÑAGA Montecarlos (25) CM,cigarrillos,nacional,5.25
POR LARRAÑAGA Petit Coronas (50),cigarrillos,nacional,8.5
POR LARRAÑAGA Petit Coronas (50) CM,cigarrillos,nacional,7.2
POR LARRAÑAGA Por Larrañaga Galanes (10),cigarrillos,nacional,11.8
POR LARRAÑAGA Por Larrañaga Leones E.R. 2023 (10),cigarrillos,nacional,20
POR LARRAÑAGA Por Larrañaga Picadores No. 1 (25),cigarrillos,nacional,14
PREFERIDOS Churchill Mazos,otros,nacional,1.4
PREFERIDOS Corona Mazos,otros,nacional,1
PREFERIDOS Robusto Mazos,otros,nacional,1.2
Prince Original/Rich Taste,otros,nacional,4.85
Prince White/Rounded,otros,nacional,4.85
PRINCIPES Chicos Blond 6x5 (30),cigarrillos,nacional,0.8
PRINCIPES Chicos Brown 6x5 (30),cigarrillos,nacional,0.8
PRINCIPES Chicos Original 6x5 (30),cigarrillos,nacional,0.8
PRINCIPES Claro Coronas C25 (25),cigarrillos,nacional,1.55
PRINCIPES Claro Petit Robusto C25 (25),cigarrillos,nacional,1.45
PRINCIPES Claro Petit Robusto M12 (12),cigarrillos,nacional,1.45
PRINCIPES Claro Robusto C25 (25),cigarrillos,nacional,1.65
PRINCIPES Claro Robusto M12 (12),cigarrillos,nacional,1.65
PRINCIPES Claro Toro C25 (25),cigarrillos,nacional,1.75
PRINCIPES Claro Toro M12 (12),cigarrillos,nacional,1.75
PRINCIPES Coronas Blond (25),cigarrillos,nacional,0.95
PRINCIPES Coronas Blond (5),otros,nacional,0.95
PRINCIPES Coronas Brown (25),cigarrillos,nacional,0.95
PRINCIPES Coronas Brown (5),otros,nacional,0.95
PRINCIPES Coronas M (10),cigarrillos,nacional,1.5
PRINCIPES Coronas M (20),cigarrillos,nacional,1.5
PRINCIPES Coronas Original (25),cigarrillos,nacional,0.95
PRINCIPES Coronas Original (5),otros,nacional,0.95
PRINCIPES Coronas Original (55),cigarrillos,nacional,0.95
PRINCIPES Long Filler Claro Robusto (12),cigarrillos,nacional,2.8
PRINCIPES Long Filler Claro Robusto (25),cigarrillos,nacional,2.8
PRINCIPES Long Filler Claro Sumo Short Robusto (25),cigarrillos,nacional,2.45
PRINCIPES Long Filler Claro Toro (12),cigarrillos,nacional,2.85
PRINCIPES Long Filler Claro Toro (25),cigarrillos,nacional,2.85
PRINCIPES Maduro Corona M12 (12),cigarrillos,nacional,1.55
PRINCIPES Maduro Petit Corona M12 (12),cigarrillos,nacional,1.35
PRINCIPES Maduro Petit Robusto C25 (25),cigarrillos,nacional,1.45
PRINCIPES Maduro Petit Robusto M12 (12),cigarrillos,nacional,1.45
PRINCIPES Maduro Robusto M12 (12),cigarrillos,nacional,1.65
PRINCIPES Maduro Toro M12 (12),cigarrillos,nacional,1.75
PRINCIPES Petit Coronas M (10),cigarrillos,nacional,1.3
PRINCIPES Petit Coronas M (20),cigarrillos,nacional,1.3
PRINCIPES Petit Robusto M (10),cigarrillos,nacional,1.1
PRINCIPES Petit Robusto M (20),cigarrillos,nacional,1.1
PRINCIPES Robusto M (10),cigarrillos,nacional,1.6
PRINCIPES Robusto M (20),cigarrillos,nacional,1.6
PRINCIPES Toro M (10),cigarrillos,nacional,1.7
PRINCIPES Toro M (20),cigarrillos,nacional,1.7
Privilege Breathe picadura shisha lata (200 g),tabaco-liar,nacional,16
Privilege Breathe picadura shisha lata (50 g),tabaco-liar,nacional,4.3
Privilege Dance picadura shisha lata (200 g),tabaco-liar,nacional,16
Privilege Dance picadura shisha lata (50 g),tabaco-liar,nacional,4.3
Privilege Discover picadura shisha lata (200 g),tabaco-liar,nacional,16
Privilege Discover picadura shisha lata (50 g),tabaco-liar,nacional,4.3
Privilege Dive picadura shisha lata (200 g),tabaco-liar,nacional,16
Privilege Dive picadura shisha lata (50 g),tabaco-liar,nacional,4.3
Privilege Dream picadura shisha lata (200 g),tabaco-liar,nacional,16
Privilege Dream picadura shisha lata (50 g),tabaco-liar,nacional,4.3
Privilege Enjoy picadura shisha lata (200 g),tabaco-liar,nacional,16
Privilege Enjoy picadura shisha lata (50 g),tabaco-liar,nacional,4.3
Privilege Fight picadura shisha lata (200 g),tabaco-liar,nacional,16
Privilege Fight picadura shisha lata (50 g),tabaco-liar,nacional,4.3
Privilege Love picadura shisha lata (200 g),tabaco-liar,nacional,16
Privilege Love picadura shisha lata (50 g),tabaco-liar,nacional,4.3
Privilege Read picadura shisha lata (200 g),tabaco-liar,nacional,16
Privilege Read picadura shisha lata (50 g),tabaco-liar,nacional,4.3
Privilege Smoke Break lata (200 g),tabaco-liar,nacional,16
Privilege Smoke Break lata (50 g),tabaco-liar,nacional,4.3
Privilege Smoke Feel (200 g),tabaco-liar,nacional,16
Privilege Smoke Feel (50 g),tabaco-liar,nacional,4.3
Privilege Smoke Jump (200 g),tabaco-liar,nacional,16
Privilege Smoke Jump (50 g),tabaco-liar,nacional,4.3
Privilege Smoke Kiss (50 g),tabaco-liar,nacional,4.3
Privilege Smoke Like lata (200 g),tabaco-liar,nacional,16
Privilege Smoke Like lata (50 g),tabaco-liar,nacional,4.3
Privilege Smoke Live (200 g),tabaco-liar,nacional,16
Privilege Smoke Live (50 g),tabaco-liar,nacional,4.3
Privilege Smoke Play (200 g),tabaco-liar,nacional,16
Privilege Smoke Play (50 g),tabaco-liar,nacional,4.3
Privilege Smoke Shake (50 g),tabaco-liar,nacional,4.3
Privilege Smoke Show (50 g),tabaco-liar,nacional,4.3
Privilege Smoke Stop (50 g),tabaco-liar,nacional,4.3
Privilege Travel picadura shisha lata (200 g),tabaco-liar,nacional,16
Privilege Travel picadura shisha lata (50 g),tabaco-liar,nacional,4.3
Privium Moments Black,otros,nacional,3.95
Privium Moments White,otros,nacional,3.95
PROFESOR SILA Celebración Tubos (20),cigarrillos,nacional,2.7
PROFESOR SILA Especiales (20),cigarrillos,nacional,3
PROFESOR SILA Majestad (5),otros,nacional,1.85
PROFESOR SILA Príncipes (5),otros,nacional,1.65
PROFESOR SILA Robusto (5),otros,nacional,1.55
PROFESOR SILA Serie Fiesta (24),cigarrillos,nacional,1.7
PROFESOR SILA Serie Gala (24),cigarrillos,nacional,1.5
Pueblo Blue,otros,nacional,5.15
Pueblo Blue (100 g),tabaco-liar,nacional,23.6
Pueblo Blue (100 g) CM,tabaco-liar,nacional,18.4
Pueblo Blue (30 g),tabaco-liar,nacional,7.1
Pueblo Blue (30 g) CM,tabaco-liar,nacional,5.8
Pueblo Burley Blend (30 g),tabaco-liar,nacional,7.1
Pueblo Burley Blend (30 g) CM,tabaco-liar,nacional,5.8
Pueblo Cigarette,puros,nacional,5.15
Pueblo Fine Cut (100 g),tabaco-liar,nacional,23.6
Pueblo Fine Cut (100 g) CM,tabaco-liar,nacional,18.4
Pueblo Fine Cut (30 g),tabaco-liar,nacional,7.1
Pueblo Fine Cut (30 g) CM,tabaco-liar,nacional,5.8
Pueblo Green,otros,nacional,5.15
Pueblo Orange,otros,nacional,5.15
Pueblo Pink (30 g),tabaco-liar,nacional,7.1
PUNCH Coronations T/Alum (25),cigarrillos,nacional,10
PUNCH Coronations T/Alum (25) CM,cigarrillos,nacional,8.5
PUNCH Mini (El envase de 20),otros,nacional,7
PUNCH Mini (El envase de 20) CM,otros,nacional,5.9
PUNCH Petit Coronations (25),cigarrillos,nacional,8.8
PUNCH Petit Coronations (25) CM,cigarrillos,nacional,7.5
PUNCH Punch 48 (10),cigarrillos,nacional,20.9
PUNCH Punch Princesas EL (20),cigarrillos,nacional,55
PUNCH Punch Punch (25),cigarrillos,nacional,19
PUNCH Punch Punch (25) CM,cigarrillos,nacional,16.1
PUNCH Punch Triunfos (5),otros,nacional,11.9
PUNCH Punch Tubo (10),cigarrillos,nacional,19.7
PUNCH Punch Tubo (10) CM,cigarrillos,nacional,16.7
PUNCH Regios EL 2017 (25),cigarrillos,nacional,47.6
PUNCH Short de Punch (10),cigarrillos,nacional,18.6
PUROS INDIOS Gordo (20),puros,nacional,3.8
PUROS INDIOS Nº 2 Especial (20),puros,nacional,3.3
PUROS INDIOS Pirámide Nº 3 (20),puros,nacional,3.2
PUROS INDIOS Rothschild (20),puros,nacional,3
QUAI D'ORSAY Coronas Claro (25),cigarrillos,nacional,16
QUAI D'ORSAY Coronas Claro (25) CM,cigarrillos,nacional,13.55
QUAI D'ORSAY No. 50 (10),cigarrillos,nacional,14.8
QUAI D'ORSAY No. 54 (10),cigarrillos,nacional,21
QUAI D'ORSAY Quai D'Orrsay Nº. 50 (25),cigarrillos,nacional,14.8
QUAI D'ORSAY Quai D'Orrsay Nº. 54 (25),cigarrillos,nacional,21
QUAI D'ORSAY Quai D'Orsay Especial D'Orsay (20),cigarrillos,nacional,50
QUAI D'ORSAY Quai D'Orsay Especial D'Orsay (5),otros,nacional,60
QUAI D'ORSAY Quai D'Orsay Imperiales TR (20),cigarrillos,nacional,72.1
QUAI D'ORSAY Quai D'Orsay No. 52 (10),cigarrillos,nacional,22.7
QUAI D'ORSAY Quai D'Orsay Nº. 52 (25),cigarrillos,nacional,22.7
QUAI D'ORSAY Quai D'Orsay Senadores E.L. 2019 (25),cigarrillos,nacional,59.8
QUESADA 1974 Corona (6x43) C(28),cigarrillos,nacional,6.5
QUESADA 1974 Lancero (7x38) C(28),cigarrillos,nacional,6.6
QUESADA 1974 Robusto (5x50) C(25),cigarrillos,nacional,6.4
QUESADA 1974 Short Robusto (4x50) C(25),cigarrillos,nacional,6.1
QUESADA 3000 Lancero 7x32 (15),cigarrillos,nacional,7.5
QUESADA 40 Aniversario Corona Clásica 6 1/2x46 (5),otros,nacional,7.5
QUESADA 40 Aniversario Robusto 5x52 (20),cigarrillos,nacional,8
QUESADA 40 Aniversario Salomón Prensado (10),cigarrillos,nacional,9.9
QUESADA 40 Aniversario Toro 6x54 (20),cigarrillos,nacional,8.1
QUESADA Corona C20 (20),cigarrillos,nacional,4.9
QUESADA F&E Perla 4x40 (20),cigarrillos,nacional,2.95
QUESADA Heisenberg Robusto Corto Embrace Uncertainty 3x50 (10),cigarrillos,nacional,3.8
QUESADA Heisenberg Robusto Embrace Uncertainty 5x48 (10),cigarrillos,nacional,5.4
QUESADA Holiday Keg 6x50 Barril (10),cigarrillos,nacional,7.5
QUESADA Jute M (25),cigarrillos,nacional,1
QUESADA Keg 6x50 (21),cigarrillos,nacional,7.5
QUESADA Keg 6x60 (16),cigarrillos,nacional,8.95
QUESADA Limitado Q5 para sus Amigos 5x52 (20),cigarrillos,nacional,5.95
QUESADA Manolo 70 Toro (10),cigarrillos,nacional,12.5
QUESADA Oktoberfest Babarian 5 1/2x52 (20),cigarrillos,nacional,5.9
QUESADA Oktoberfest Kaiser Ludwing (20),cigarrillos,nacional,6.95
QUESADA Oktoberfest Kugel (10),cigarrillos,nacional,6.95
QUESADA Oktoberfest Kurtz 4x50 (20),cigarrillos,nacional,4.95
QUESADA Oktoberfest Nic Das Brauhaus 41/2x60 (24),cigarrillos,nacional,7.5
QUESADA Oktoberfest The Uber M (20),cigarrillos,nacional,7.3
QUESADA Oktoberfest The Ürber 6x65 (20),cigarrillos,nacional,7.5
QUESADA Oktoberfest Triple Bock Haus Nic 6x56 (24),cigarrillos,nacional,8.5
QUESADA Oktoberfest Uber Humidif Pack (3),otros,nacional,7.3
QUESADA Oktoberfest Uber Humidif Pack (30),cigarrillos,nacional,7.3
QUESADA Petites Hand Made Long Filler (10),cigarrillos,nacional,12.5
QUESADA Petites Hand Made Long Filler (El envase de 10),otros,nacional,12
QUESADA PisPás (10),cigarrillos,nacional,3.6
QUESADA Q D'ETAT Daga (10),cigarrillos,nacional,8.1
QUESADA Q D'ETAT Jalapa Robusto (10),cigarrillos,nacional,6.4
QUESADA Q D'ETAT Molotov (10),cigarrillos,nacional,6.8
QUESADA Quesada España Robusto 5X52 (20),cigarrillos,nacional,12.3
QUESADA Quesada Oktoberfest Babarian 5 1/2 X 52 C(10),cigarrillos,nacional,11.9
QUESADA Quesada Oktoberfest Bavarian 5 1/2 X 52 (20),cigarrillos,nacional,11.9
QUESADA Reserva Privada 55.8x54 (10),cigarrillos,nacional,12.95
QUESADA Reserva Privada Barberpole Corona Gorda 5 3/4 x48 (12),cigarrillos,nacional,11.5
QUESADA Reserva Privada Oscuro Robusto (10),cigarrillos,nacional,8.8
QUESADA Robusto C20 (20),cigarrillos,nacional,6
QUESADA Selección España Corona (20),cigarrillos,nacional,4.85
QUESADA Selección España Short Robusto (20),cigarrillos,nacional,4.95
QUESADA Short Robusto C20 (20),cigarrillos,nacional,4.95
"QUESADA TRIBUTO Alvarito 4,50x40 (50)",cigarrillos,nacional,3.65
QUESADA TRIBUTO Alvaro Belicoso 6x52 (24),cigarrillos,nacional,5.95
QUESADA TRIBUTO Julio 5x50 (24),cigarrillos,nacional,5.5
QUESADA Tributo Manolin (10),cigarrillos,nacional,6.95
"QUESADA TRIBUTO Manolín 6,50x52 (24)",cigarrillos,nacional,6.95
QUESADA TRIBUTO Manolitos (10),cigarrillos,nacional,4.5
QUESADA Vintage Robusto (23),cigarrillos,nacional,6.25
QUINTERO Y HNO. Brevas (25),cigarrillos,nacional,2.6
QUINTERO Y HNO. Brevas (25) CM,cigarrillos,nacional,2.2
QUINTERO Y HNO. Favoritos (25),cigarrillos,nacional,4.7
QUINTERO Y HNO. Favoritos (25) CM,cigarrillos,nacional,4
QUINTERO Y HNO. Favoritos (5),otros,nacional,4.7
QUINTERO Y HNO. Favoritos (5) CM,otros,nacional,4
QUINTERO Y HNO. Londres Extra (25),cigarrillos,nacional,3.4
QUINTERO Y HNO. Londres Extra (25) CM,cigarrillos,nacional,2.9
QUINTERO Y HNO. Petit Quintero (25),cigarrillos,nacional,2.3
QUINTERO Y HNO. Petit Quintero (25) CM,cigarrillos,nacional,1.95
QUORUM Quorum Classic Doble Gordo (El envase de 10),otros,nacional,51
QUORUM Quorum Classic Robusto (El envase de 10),otros,nacional,30.5
QUORUM Quorum Classic Short Robusto (El envase de 10),otros,nacional,26
QUORUM Quorum Classic Torpedo (El envase de 10),otros,nacional,41
QUORUM Quorum Shade Doble Gordo 6x60 Mazo (El envase de 10),otros,nacional,51
QUORUM Quorum Shade Robusto (El envase de 10),otros,nacional,30.5
QUORUM Quorum Shade Short Robusto (El envase de 10),otros,nacional,26
QUORUM Quorum Shade Torpedo (El envase de 10),otros,nacional,41
R&W Authentic Tobacco Classic (30 g) papel,tabaco-liar,nacional,6.2
R&W Authentic Tobacco Original Green (30 g) papel,tabaco-liar,nacional,6.3
R&W Authentic Tobacco Original Green (30 g) papel CM,tabaco-liar,nacional,3.2
R1 Azul,otros,nacional,6.7
R1 Rojo,otros,nacional,6.7
RAFAEL GONZALEZ MARQUEZ Panetelas Extra (25),cigarrillos,nacional,2.7
RAFAEL GONZALEZ MARQUEZ Panetelas Extra (25) CM,cigarrillos,nacional,2.3
RAFAEL GONZALEZ MARQUEZ Perlas (25),cigarrillos,nacional,3.75
RAFAEL GONZALEZ MARQUEZ Perlas (25) CM,cigarrillos,nacional,3.2
RAFAEL GONZALEZ MARQUEZ Perlas (5),otros,nacional,3.75
RAFAEL GONZALEZ MARQUEZ Perlas (5) CM,otros,nacional,3.2
RAFAEL GONZALEZ MARQUEZ Petit Coronas (25),cigarrillos,nacional,5.9
RAFAEL GONZALEZ MARQUEZ Petit Coronas (25) CM,cigarrillos,nacional,5
RAFAEL GONZALEZ Rafael Gonzalez Coronas De Lonsdales (10),cigarrillos,nacional,9.6
RAMON ALLONES Allones Superiores (LCDH) (10),cigarrillos,nacional,17
RAMON ALLONES Gigantes (25),cigarrillos,nacional,20
RAMON ALLONES Gigantes (25)  CM,cigarrillos,nacional,11
RAMON ALLONES Ramon Allones Absolutos E.L 2022 (20),cigarrillos,nacional,49.5
RAMON ALLONES Ramon Allones Allones NO.2 E.L. 2019 (10),cigarrillos,nacional,53.6
RAMON ALLONES Ramón Allones Allones No.3 (10),cigarrillos,nacional,22.2
RAMON ALLONES Serie Sevilla Ramón Allones Specially Selected (19),cigarrillos,nacional,25.8
RAMON ALLONES Small Club Coronas (25 ),otros,nacional,7.2
RAMON ALLONES Small Club Coronas (25 ) CM,otros,nacional,6.1
RAMON ALLONES Specially Selected (25),cigarrillos,nacional,19
RAMON ALLONES Specially Selected (25) CM,cigarrillos,nacional,16.1
RAMON ALLONES Specially Selected (50),cigarrillos,nacional,19
RAMON ALLONES Specially Selected (50) CM,cigarrillos,nacional,16.1
Rattray's  Hal O'The Wind British Collection (100 g),tabaco-liar,nacional,26
Rattray's Br. Col. Black Mallory (100 g),tabaco-liar,nacional,24.4
Rattray's British Collection 7 Old Gowrie (50 g),tabaco-liar,nacional,17
Rattray's British Collection 7 Reserve (50 g),tabaco-liar,nacional,16
Rattray's British Collection Accountants Mixture (100 g),tabaco-liar,nacional,24.4
Rattray's British Collection Bagpiper's Dream (100 g),tabaco-liar,nacional,24.4
Rattray's British Collection Bagpiper's Dream (50 g),tabaco-liar,nacional,16
Rattray's British Collection Black Mallory Tobacco (50 g),tabaco-liar,nacional,16
Rattray's British Collection Brown Clunee (100 g),tabaco-liar,nacional,28
Rattray's British Collection Brown Clunee (50 g),tabaco-liar,nacional,17
Rattray's British Collection Hal O' The Wynd (50 g),tabaco-liar,nacional,17
Rattray's British Collection Highland Targe (100 g),tabaco-liar,nacional,24.4
Rattray's British Collection Marlin Flake (50 g),tabaco-liar,nacional,17.5
Rattray's British Collection Old Gowrie (50 g),tabaco-liar,nacional,18
Rattray's British Collection Red Rapparee (100 g),tabaco-liar,nacional,28
Rattray's British Collection Red Rapparee Tobacco (50 g),tabaco-liar,nacional,17
Rattray's Year Of The Dragon (100 g),tabaco-liar,nacional,26.5
Raw Authentic Tobacco Blond (30 g) papel,tabaco-liar,nacional,5
Raw Authentic Tobacco Blond (30 g) papel CM,tabaco-liar,nacional,2.9
Raw Authentic Tobacco Classic (30 g) papel CM,tabaco-liar,nacional,2.9
Raw Authentic Tobacco Classic (50 g),tabaco-liar,nacional,8.3
Raw Authentic Tobacco Classic (50 g) CM,tabaco-liar,nacional,4.8
Raw Authentic Tobacco Original Green (50 g),tabaco-liar,nacional,8.75
Raw Authentic Tobacco Original Green (50 g) CM,tabaco-liar,nacional,5
RAZA Brevas Mazo (36),cigarrillos,nacional,0.4
RAZA Insulares 10 Chicos (10),cigarrillos,nacional,0.25
RAZA Insulares 10 Minis (10),cigarrillos,nacional,0.21
RAZA Insulares 10 Nº 15 (10),cigarrillos,nacional,0.33
RAZA Raza Brevas Palmeras (El envase de 36),otros,nacional,21.6
RAZA Raza Nº 15 (El envase de 36),otros,nacional,10.8
RAZA Sublimes 6 x 44 (20),cigarrillos,nacional,2.5
RD BARACOA Box Press Robusto (20),cigarrillos,nacional,2.3
RD BARACOA Box Press Torpedo (20),cigarrillos,nacional,2.4
REAL MADRID Corona,otros,nacional,2.75
Red Bull Halfzware (40 g),tabaco-liar,nacional,6.4
Red Bull Zware (40 g),tabaco-liar,nacional,6.4
Red House Virginia & Burley Papel (30 g),tabaco-liar,nacional,4.8
Redfield (200 g),tabaco-liar,nacional,39.5
Redfield (350 g),tabaco-liar,nacional,67.5
Redfield Green (20 g),tabaco-liar,nacional,1.8
Redfield Red (100 g),tabaco-liar,nacional,7.9
Redfield Red (20 g),tabaco-liar,nacional,1.8
Redfield Red (30 g),tabaco-liar,nacional,5.5
Reds American Blend KS RC 20s,otros,nacional,4.6
Reds American Blend White KS RC 20s,otros,nacional,4.6
Reflections Semi Slims Classic,otros,nacional,3.95
Reflections Semi Slims Delicate,otros,nacional,3.95
Reflections Semi Slims Vainilla,otros,nacional,3.95
Regal Ks,otros,nacional,7.9
REGIUS BLACK Corona 51/8x42 (25),cigarrillos,nacional,3.95
REGIUS BLACK Gran Toro C25 (25),cigarrillos,nacional,5.1
REGIUS BLACK Gran Toro M25 (25),cigarrillos,nacional,4.9
REGIUS BLACK Petit Robusto C10 (10),cigarrillos,nacional,4.15
REGIUS BLACK Petit Robusto M10 (10),cigarrillos,nacional,4
REGIUS BLACK Robusto C25 (25),cigarrillos,nacional,4.7
REGIUS BLACK Robusto M25 (25),cigarrillos,nacional,4.5
REIG Blue (el envase de 15),otros,nacional,4.3
REIG Reig 1 (El envase de 4),otros,nacional,1.3
REIG XS (4),otros,nacional,0.3
REIG XS (el envase de 15),otros,nacional,4.3
REIG XS Blue (4),otros,nacional,0.3
REPOSADO Colorado Robusto (10),cigarrillos,nacional,1.65
REPOSADO Colorado Toro (10),cigarrillos,nacional,1.85
REPOSADO Connecticut Robusto (10),cigarrillos,nacional,1.65
REPOSADO Connecticut Toro (10),cigarrillos,nacional,1.85
REPOSADO Reposado Colorado Torpedo (10),cigarrillos,nacional,1.95
REPOSADO Reposado Connecticut Torpedo (10),cigarrillos,nacional,1.95
REVOLUTION Robusto Ovalado (18),cigarrillos,nacional,5.6
REVOLUTION Short Robusto Ovalado (18),cigarrillos,nacional,4.9
REVOLUTION Toro Ovalado (18),cigarrillos,nacional,6.4
Revoshi A-Easy (200 g),tabaco-liar,nacional,15.95
Revoshi A-Easy (200 g) CM,tabaco-liar,nacional,9.6
Revoshi Anibal Fang (200 g),tabaco-liar,nacional,15.95
Revoshi Anibal Fang (25 g),tabaco-liar,nacional,1.85
Revoshi Anibal Fang (25 g) CM,tabaco-liar,nacional,1.4
Revoshi Anibal Fang (50 g),tabaco-liar,nacional,4.35
Revoshi Antep Dream (200 g),tabaco-liar,nacional,15.95
Revoshi Antep Dream (25 g),tabaco-liar,nacional,1.85
Revoshi Antep Dream (25 g) CM,tabaco-liar,nacional,1.4
Revoshi Antep Dream (50 g),tabaco-liar,nacional,4.35
Revoshi A-Strong (200 g),tabaco-liar,nacional,15.95
Revoshi A-Strong (25 g),tabaco-liar,nacional,1.85
Revoshi A-Strong (25 g) CM,tabaco-liar,nacional,1.4
Revoshi Blackbeard Soul (200 g),tabaco-liar,nacional,15.95
Revoshi Blackbeard Soul (25 g),tabaco-liar,nacional,1.85
Revoshi Blackbeard Soul (50 g),tabaco-liar,nacional,4.35
Revoshi Black-G (200 g),tabaco-liar,nacional,15.95
Revoshi Black-G (25 g),tabaco-liar,nacional,1.85
Revoshi Blck G (50 g),tabaco-liar,nacional,4.35
Revoshi Blck G (50 g) CM,tabaco-liar,nacional,2.45
Revoshi Blck-G (995 g),tabaco-liar,nacional,69.95
Revoshi Boricua (200 g),tabaco-liar,nacional,15.95
Revoshi Boricua (50 g),tabaco-liar,nacional,4.35
Revoshi Capitan Pinto ( 50 g),otros,nacional,4.35
Revoshi Capitan Pinto (200 g),tabaco-liar,nacional,15.95
Revoshi Capitan Pinto (25 g),tabaco-liar,nacional,1.85
Revoshi Capitan Pinto (995 g),tabaco-liar,nacional,69.95
Revoshi Carmitta (200 g),tabaco-liar,nacional,15.95
Revoshi Carmitta (200 g) CM,tabaco-liar,nacional,9.6
Revoshi Carmitta (50 g),tabaco-liar,nacional,4.35
Revoshi Carmitta (50 g) CM,tabaco-liar,nacional,2.45
Revoshi Carmitta (995 g),tabaco-liar,nacional,69.95
Revoshi Chao Bella (200 g),tabaco-liar,nacional,15.95
Revoshi Chao Bella (25 g),tabaco-liar,nacional,1.85
Revoshi Chao Bella (50 g),tabaco-liar,nacional,4.35
Revoshi Chao Bella (995 g),tabaco-liar,nacional,69.95
Revoshi Chao Bella (995 g) CM,tabaco-liar,nacional,47.9
Revoshi D'App Strng (50 g),tabaco-liar,nacional,4.35
Revoshi D'App Strng (995 g),tabaco-liar,nacional,69.95
Revoshi D'App Strng (995 g) CM,tabaco-liar,nacional,30
Revoshi Darmita (200 g),tabaco-liar,nacional,18
Revoshi Darmita (200 g) CM,tabaco-liar,nacional,12.4
Revoshi Darmita (50 g),tabaco-liar,nacional,4.8
Revoshi Darmita (50 g) CM,tabaco-liar,nacional,3.1
Revoshi Eskimo C (50 g),tabaco-liar,nacional,4.35
Revoshi Eskimo C (50 g) CM,tabaco-liar,nacional,2.45
Revoshi Eskimo Cndy (50 g),tabaco-liar,nacional,4.35
Revoshi Eskimo Cndy (50 g) CM,tabaco-liar,nacional,2.45
Revoshi Eskimo L (50 g),tabaco-liar,nacional,4.35
Revoshi Eskimo L (50 g) CM,tabaco-liar,nacional,2.45
Revoshi Eskimo L (995 g),tabaco-liar,nacional,69.95
Revoshi Eskimo Loka (200 g),tabaco-liar,nacional,15.95
Revoshi Eskimo Loka (25 g),tabaco-liar,nacional,1.85
Revoshi Eskimo Loka (50 g),tabaco-liar,nacional,4.35
Revoshi Eskimo Loka (995 g),tabaco-liar,nacional,69.95
Revoshi Eskimo P´app (50 g),tabaco-liar,nacional,4.35
Revoshi Eskimo P´App (995 g),tabaco-liar,nacional,69.95
Revoshi Eskimo P'A (200 g),tabaco-liar,nacional,15.95
Revoshi Eskimo Polar (200 g),tabaco-liar,nacional,15.95
Revoshi Eskimo Polar (200 g) CM,tabaco-liar,nacional,9.6
Revoshi Eskimo Polar (50 g),tabaco-liar,nacional,4.35
Revoshi Eskimo Polar (50 g) CM,tabaco-liar,nacional,2.45
Revoshi Eskimo Polar (995 g),tabaco-liar,nacional,69.95
Revoshi Eskimo Vtrmln (50 g),tabaco-liar,nacional,4.35
Revoshi Eskimo Wtrmln (995 g),tabaco-liar,nacional,69.95
Revoshi Eskimo-A (200 g),tabaco-liar,nacional,15.95
Revoshi Eskimo-A (200 g) CM,tabaco-liar,nacional,9.6
Revoshi Eskimo-C (200 g),tabaco-liar,nacional,15.95
Revoshi Eskimo-C (25 g),tabaco-liar,nacional,1.85
Revoshi Eskimo-C (25 g) CM,tabaco-liar,nacional,1.4
Revoshi Eskimo-L (200 g),tabaco-liar,nacional,15.95
Revoshi Eskimo-L (25 g),tabaco-liar,nacional,1.85
Revoshi Eskimo-L (25 g) CM,tabaco-liar,nacional,1.4
Revoshi Eskimo-P'A (25 g),tabaco-liar,nacional,1.85
Revoshi Eskimo-W (200g),tabaco-liar,nacional,15.95
Revoshi Eskimo-W (25 g),tabaco-liar,nacional,1.85
Revoshi Float Like Butterfly (200 g),tabaco-liar,nacional,18
Revoshi Float Like Butterfly (50 g),tabaco-liar,nacional,4.8
Revoshi Free Spartacus (200 g),tabaco-liar,nacional,15.95
Revoshi Free Spartacus (25 g),tabaco-liar,nacional,1.85
Revoshi Free Spartacus (25 g) CM,tabaco-liar,nacional,1.4
Revoshi Free Spartacus (50 g),tabaco-liar,nacional,4.35
Revoshi Funny Bunny (200 g),tabaco-liar,nacional,15.95
Revoshi Funny Bunny (25 g),tabaco-liar,nacional,1.85
Revoshi Funny Bunny (25 g) CM,tabaco-liar,nacional,1.4
Revoshi Funny Bunny (50 g),tabaco-liar,nacional,4.35
Revoshi G (200 g),tabaco-liar,nacional,15.95
Revoshi G (200 g) CM,tabaco-liar,nacional,9.6
Revoshi G Jager (200 g),tabaco-liar,nacional,15.95
Revoshi G Jager (200 g) CM,tabaco-liar,nacional,9.6
Revoshi G Jager (25 g),tabaco-liar,nacional,1.85
Revoshi G Jager (25 g) CM,tabaco-liar,nacional,1.4
Revoshi G Jager (50 g),tabaco-liar,nacional,4.35
Revoshi G Jager (50 g) CM,tabaco-liar,nacional,2.45
Revoshi Ghandi Spir (200 g),tabaco-liar,nacional,15.95
Revoshi Ghandi Spir (200 g) CM,tabaco-liar,nacional,9.6
Revoshi GM (200 g),tabaco-liar,nacional,15.95
Revoshi GM (200 g) CM,tabaco-liar,nacional,9.6
Revoshi GM (50 g),tabaco-liar,nacional,4.35
Revoshi GM (50 g) CM,tabaco-liar,nacional,2.45
Revoshi GP (50 g),tabaco-liar,nacional,4.35
Revoshi GP (50 g) CM,tabaco-liar,nacional,2.45
Revoshi Green Jager (200 g),tabaco-liar,nacional,15.95
Revoshi Green Jager (25 g),tabaco-liar,nacional,1.85
Revoshi Green Jager (25 g) CM,tabaco-liar,nacional,1.4
Revoshi Green Jager (50 g),tabaco-liar,nacional,4.35
Revoshi Grp (50 g),tabaco-liar,nacional,4.35
Revoshi Grp (50 g) CM,tabaco-liar,nacional,2.45
Revoshi Grp-Mnt (50 g),tabaco-liar,nacional,4.35
Revoshi Grp-Mnt (50 g) CM,tabaco-liar,nacional,2.45
Revoshi Kak de la Trshkv (200 g),tabaco-liar,nacional,15.95
Revoshi Kak de la Trshkv (25 g),tabaco-liar,nacional,1.85
Revoshi Kak de la Trshkv (25 g) CM,tabaco-liar,nacional,1.4
Revoshi Kak dela Trshkv (50 g),tabaco-liar,nacional,4.35
Revoshi Kak dela Trshkv (995 g),tabaco-liar,nacional,69.95
Revoshi Kazak (200 g),tabaco-liar,nacional,15.95
Revoshi Kazak (25 g),tabaco-liar,nacional,1.85
Revoshi Kazak (25 g) CM,tabaco-liar,nacional,1.4
Revoshi Kazak (50 g),tabaco-liar,nacional,4.35
Revoshi L (200 g),tabaco-liar,nacional,15.95
Revoshi L (200 g) CM,tabaco-liar,nacional,9.6
Revoshi L (50 g),tabaco-liar,nacional,4.35
Revoshi L (50 g) CM,tabaco-liar,nacional,2.45
Revoshi Lazy Sunday (200 g),tabaco-liar,nacional,15.95
Revoshi Lazy Sunday (50 g),tabaco-liar,nacional,4.35
Revoshi Leonidas Spirit (200 g),tabaco-liar,nacional,15.95
Revoshi Leonidas Spirit (25 g),tabaco-liar,nacional,1.85
Revoshi Leonidas Spirit (50 g),tabaco-liar,nacional,4.35
Revoshi LM (200 g),tabaco-liar,nacional,15.95
Revoshi LM (200 g) CM,tabaco-liar,nacional,9.6
Revoshi LM (50 g),tabaco-liar,nacional,4.35
Revoshi LM (50 g) CM,tabaco-liar,nacional,2.45
Revoshi Lmn (50 g),tabaco-liar,nacional,4.35
Revoshi Lmn (50 g) CM,tabaco-liar,nacional,2.45
Revoshi Lmn-Mnt (50 g),tabaco-liar,nacional,4.35
Revoshi Lmn-Mnt (50 g) CM,tabaco-liar,nacional,2.45
Revoshi M (50 g),tabaco-liar,nacional,4.35
Revoshi M (50 g) CM,tabaco-liar,nacional,2.45
Revoshi Manda (200 g),tabaco-liar,nacional,15.95
Revoshi Manda (200 g) CM,tabaco-liar,nacional,9.6
Revoshi Manda (50 g),tabaco-liar,nacional,4.35
Revoshi Manda (50 g) CM,tabaco-liar,nacional,2.45
Revoshi Manda (995 g),tabaco-liar,nacional,69.95
Revoshi Marbella (200 g),tabaco-liar,nacional,15.95
Revoshi Marbella (200 g) CM,tabaco-liar,nacional,9.6
Revoshi Marbella (50 g),tabaco-liar,nacional,4.35
Revoshi Marbella (50 g) CM,tabaco-liar,nacional,2.45
Revoshi Marbella (995 g),tabaco-liar,nacional,69.95
Revoshi Mnt (50 g),tabaco-liar,nacional,4.35
Revoshi Mnt (50 g) CM,tabaco-liar,nacional,2.45
Revoshi Mulan Sword (200 g),tabaco-liar,nacional,15.95
Revoshi Mulan Sword (25 g),tabaco-liar,nacional,1.85
Revoshi Mulan Sword (50 g),tabaco-liar,nacional,4.35
Revoshi Nana (200g),tabaco-liar,nacional,15.95
Revoshi Nana (50g),tabaco-liar,nacional,4.35
Revoshi Nana (995 g),tabaco-liar,nacional,69.95
Revoshi Nana (995 g) CM,tabaco-liar,nacional,30
Revoshi O (200 g),tabaco-liar,nacional,15.95
Revoshi O (200 g) CM,tabaco-liar,nacional,9.6
Revoshi O (50 g),tabaco-liar,nacional,4.35
Revoshi O (50 g) CM,tabaco-liar,nacional,2.45
Revoshi Ola Zapata (200 g),tabaco-liar,nacional,15.95
Revoshi Ola Zapata (25 g),tabaco-liar,nacional,1.85
Revoshi Ola Zapata (25 g) CM,tabaco-liar,nacional,1.4
Revoshi Ola Zapata (50 g),tabaco-liar,nacional,4.35
Revoshi OM (200 g),tabaco-liar,nacional,15.95
Revoshi --OM-- (25 g),tabaco-liar,nacional,1.85
Revoshi OM (50 g),tabaco-liar,nacional,4.35
Revoshi OM (50 g) CM,tabaco-liar,nacional,2.45
Revoshi Om (995 g),tabaco-liar,nacional,69.95
Revoshi Orng (50 g),tabaco-liar,nacional,4.35
Revoshi Orng (50 g) CM,tabaco-liar,nacional,2.45
Revoshi Pancho Villa (200 g),tabaco-liar,nacional,15.95
Revoshi Pancho Villa (25 g),tabaco-liar,nacional,1.85
Revoshi Pancho Villa (50 g),tabaco-liar,nacional,4.35
Revoshi Panonino (200 g),tabaco-liar,nacional,15.95
Revoshi Panonino (25 g),tabaco-liar,nacional,1.85
Revoshi Panonino (50 g),tabaco-liar,nacional,4.35
Revoshi Panonino (995 g),tabaco-liar,nacional,69.95
Revoshi Qui-Oui (995 g),tabaco-liar,nacional,69.95
Revoshi Qui-Qui (200 g),tabaco-liar,nacional,15.95
Revoshi Qui-Qui (200 g) CM,tabaco-liar,nacional,9.6
Revoshi Qui-Qui (50 g),tabaco-liar,nacional,4.35
Revoshi Qui-Qui (50 g) CM,tabaco-liar,nacional,2.45
Revoshi Racy Colombian (200 g),tabaco-liar,nacional,15.95
Revoshi Racy Colombian (25 g),tabaco-liar,nacional,1.85
Revoshi Racy Colombian (25 g) CM,tabaco-liar,nacional,1.4
Revoshi Racy Colombian (50 g),tabaco-liar,nacional,4.35
Revoshi Raggata (200 g),tabaco-liar,nacional,15.95
Revoshi Raggata (25 g),tabaco-liar,nacional,1.85
Revoshi Raggata (50 g),tabaco-liar,nacional,4.35
Revoshi Raggata (995 g),tabaco-liar,nacional,69.95
Revoshi Ragnar (200 g),tabaco-liar,nacional,15.95
Revoshi Ragnar (25 g),tabaco-liar,nacional,1.85
Revoshi Ragnar (50 g),tabaco-liar,nacional,4.35
Revoshi Ragnar (995 g),tabaco-liar,nacional,69.95
Revoshi Red Sunset (200 g),tabaco-liar,nacional,15.95
Revoshi Red Sunset (50 g),tabaco-liar,nacional,4.35
Revoshi Rope a Dope (200 g),tabaco-liar,nacional,18
Revoshi Rope a Dope (50 g),tabaco-liar,nacional,4.8
Revoshi Rumble Of Jungle (200 g),tabaco-liar,nacional,18
Revoshi Rumble Of Jungle (50 g),tabaco-liar,nacional,4.8
Revoshi Sting Like Bee (200 g),tabaco-liar,nacional,18
Revoshi Sting Like Bee (50 g),tabaco-liar,nacional,4.8
Revoshi Thanks Engels (200 g),tabaco-liar,nacional,15.95
Revoshi Thanks Engels (25 g),tabaco-liar,nacional,1.85
Revoshi Thanks Engels (25 g) CM,tabaco-liar,nacional,1.4
Revoshi Thanks Engels (50 g),tabaco-liar,nacional,4.35
Revoshi Thanks Engels (995 g),tabaco-liar,nacional,69.95
Revoshi The Shuffle (200 g),tabaco-liar,nacional,18
Revoshi The Shuffle (50 g),tabaco-liar,nacional,4.8
Revoshi Thrilla in Manila (200 g),tabaco-liar,nacional,18
Revoshi Thrilla in Manila (200 g) CM,tabaco-liar,nacional,12.4
Revoshi Thrilla in Manila (50 g),tabaco-liar,nacional,4.8
Revoshi Thrilla in Manila (50 g) CM,tabaco-liar,nacional,3.1
Revoshi Txele (200 g),tabaco-liar,nacional,15.95
Revoshi Txele (200 g) CM,tabaco-liar,nacional,9.6
Revoshi Txele (50 g),tabaco-liar,nacional,4.35
Revoshi Txele (50 g) CM,tabaco-liar,nacional,2.45
Revoshi Txele (995 g),tabaco-liar,nacional,69.95
Revoshi Vaina (200 g),tabaco-liar,nacional,15.95
Revoshi Vaina (200 g) CM,tabaco-liar,nacional,9.6
Revoshi Vaina (50 g),tabaco-liar,nacional,4.35
Revoshi Vaina (50 g) CM,tabaco-liar,nacional,2.45
Revoshi Vaina (995 g),tabaco-liar,nacional,69.95
Revoshi Vamos Ernesto (200 g),tabaco-liar,nacional,15.95
Revoshi Vamos Ernesto (25 g),tabaco-liar,nacional,1.85
Revoshi Vamos Ernesto (25 g) CM,tabaco-liar,nacional,1.4
Revoshi Vamos Ernesto (50 g),tabaco-liar,nacional,4.35
Revoshi What's My Name? (200 g),tabaco-liar,nacional,18
Revoshi What's My Name? (50 g),tabaco-liar,nacional,4.8
Revoshi Zingy Newyork (200 g),tabaco-liar,nacional,15.95
Revoshi Zingy Newyork (25 g),tabaco-liar,nacional,1.85
Revoshi Zingy Newyork (25 g) CM,tabaco-liar,nacional,1.4
Revoshi Zingy Newyork (50 g),tabaco-liar,nacional,4.35
REX Cigarritos (El envase de 20),cigarrillos,nacional,4.5
REX Cigarritos Filtro (El envase de 20),cigarrillos,nacional,4.5
Rex FF Blando,otros,nacional,5.9
REY DE REYES Churchill (20),cigarrillos,nacional,4.1
REY DE REYES Churchill (25),cigarrillos,nacional,3.9
REY DE REYES Corona (20),cigarrillos,nacional,3.5
REY DE REYES Corona (25),cigarrillos,nacional,3.3
REY DE REYES Corona Tubo Cristal (10),cigarrillos,nacional,3.7
REY DE REYES Corona Tubo Cristal (20),cigarrillos,nacional,4
REY DE REYES Cremas Entreactos M25 (25),cigarrillos,nacional,0.95
REY DE REYES Cremas Exquisitos (25),cigarrillos,nacional,2.25
REY DE REYES Cremas Perla M (25),cigarrillos,nacional,1.1
REY DE REYES Cremas Soberbios (25),cigarrillos,nacional,2.4
REY DE REYES Lancero (20),cigarrillos,nacional,3.55
REY DE REYES Lancero (25),cigarrillos,nacional,3.35
REY DE REYES Lonsdale (25),cigarrillos,nacional,3
REY DE REYES Miniatura Cherry (12),cigarrillos,nacional,0.88
REY DE REYES Miniatura Coffee (12),cigarrillos,nacional,0.88
REY DE REYES Miniatura Green Apple (12),cigarrillos,nacional,0.88
REY DE REYES Miniatura Honey (12),cigarrillos,nacional,0.88
REY DE REYES Miniatura Natural (12),cigarrillos,nacional,0.88
REY DE REYES Miniatura Vanilla (12),cigarrillos,nacional,0.88
REY DE REYES Perla,otros,nacional,1.9
REY DE REYES Robusto (20),cigarrillos,nacional,3.7
REY DE REYES Robusto (25),cigarrillos,nacional,3.5
REY DE REYES Robusto Tubos (10),cigarrillos,nacional,4.3
REY DE REYES Torpedo (20),cigarrillos,nacional,3.95
REY DE REYES Torpedo (25),cigarrillos,nacional,3.75
REY DEL MUNDO Choix Supreme (25),cigarrillos,nacional,14
REY DEL MUNDO Choix Supreme (25) CM,cigarrillos,nacional,11.85
REY DEL MUNDO Demi Tasse (25),cigarrillos,nacional,6
REY DEL MUNDO Demi Tasse (25) CM,cigarrillos,nacional,5.1
RICAL Cosechero,otros,nacional,1.2
Richmond King Size,otros,nacional,7.35
Richmond Superkings,otros,nacional,7.4
Richmond Superkings Green Filter,otros,nacional,7.15
Richmond Superkings White,otros,nacional,7.4
RICOS DOMINICANOS Brevas (20),cigarrillos,nacional,1.5
RICOS DOMINICANOS Toros (20),cigarrillos,nacional,1.7
RICOS DOMINICANOS Wavells (20),cigarrillos,nacional,1.6
Riverstone 10x50 (50 g),tabaco-liar,nacional,10.5
Riverstone 5x50 (50 g),tabaco-liar,nacional,10.5
Roadhouse American Blend (30 g),tabaco-liar,nacional,4.5
ROBERT CALDWELL Long Live The King Toro 6x52 (24),cigarrillos,nacional,11.5
ROBERT CALDWELL Midnight Express Toro 6x52 (20),cigarrillos,nacional,12
ROBERT CALDWELL The King is Dead Toro 6x54 (24),cigarrillos,nacional,11.5
Robert Lewis Nº 123 Mixture (50 g),tabaco-liar,nacional,19.7
Robert McConnell Black Parrot (50 g),tabaco-liar,nacional,17.5
Robert McConnell Boutique Blend (50 g),tabaco-liar,nacional,16
Robert McConnell Covent Garden (50 g),tabaco-liar,nacional,16
Robert McConnell Highgate (50 g),tabaco-liar,nacional,32
Robert McConnell Marylebone (50 g),tabaco-liar,nacional,16
Robert McConnell Oriental (50 g),tabaco-liar,nacional,15.5
Robert McConnell Red Virginia (50 g),tabaco-liar,nacional,16.5
Robert McConnell Scottish Ck (50 g),tabaco-liar,nacional,17
ROCKS Rocks (el envase de 10),otros,nacional,2
ROCKY PATEL Rocky Patel Dbs Toro 6-12 X 52 (20),cigarrillos,nacional,30
ROCKY PATEL Rocky Patel Fifty-Five Corona 55 4 X 50 (20),cigarrillos,nacional,13.8
ROCKY PATEL Rocky Patel Grand Reserve Toro 6X52 (10),cigarrillos,nacional,14.8
ROCKY PATEL Rocky Patel White Label Robusto 5 X 50 (20),cigarrillos,nacional,29
"Rodeo By Gawith, Hoggarth & Co (50 g)",tabaco-liar,nacional,19.9
ROLL'S A.B. Fine Flavour  PW (El envase de 17),otros,nacional,2.7
ROLL'S AB Exclusive Red (El envase de 20),otros,nacional,3.3
ROLL'S AB Exclusive White (El envase de 20),otros,nacional,3.3
ROLL'S Exclusive Gold (el envase de 20),otros,nacional,3.3
ROLL'S Exclusive Negro (el envase de 20),otros,nacional,3.3
ROLL'S Negro Filter (El envase de 17),otros,nacional,2.7
ROLL'S Roll's Red (El envase de 17),otros,nacional,2.7
ROLL'S Roll's Red Exclusive (El envase de 17),otros,nacional,2.6
ROLL'S Roll's White Exclusive (El envase de 17),otros,nacional,2.6
ROLO TABAK Rolo Tabak Caja (El envase de 20),otros,nacional,5
ROLO TABAK Rolo Tabak Caja (El envase de 20) CM,otros,nacional,4
ROLO TABAK Rolo Tabak Lata (El envase de 20),otros,nacional,5.5
ROLO TABAK Rolo Tabak Lata (El envase de 20) CM,otros,nacional,4.4
ROLO TABAK Rolo Tabak Na Seda (El envase de 20),otros,nacional,4.5
ROLO TABAK Rolo Tabak Na Seda (El envase de 20) CM,otros,nacional,3.6
ROLO TABAK Rolo Tabak Terra Tabak (El envase de 20),otros,nacional,4.7
ROLO TABAK Rolo Tabak Terra Tabak (El envase de 20) CM,otros,nacional,3.7
ROLY Nº 4 (25),cigarrillos,nacional,1.2
ROLY Rothschild (20),cigarrillos,nacional,1.3
ROLY Torpedo (20),cigarrillos,nacional,1.5
ROMEO Y JULIETA 8 Maravillas (8),otros,nacional,98.9
ROMEO Y JULIETA Belicosos (25),cigarrillos,nacional,21.5
ROMEO Y JULIETA Belicosos (25) CM,cigarrillos,nacional,18.15
ROMEO Y JULIETA Cazadores (25),cigarrillos,nacional,16.4
ROMEO Y JULIETA Cazadores (25) CM,cigarrillos,nacional,13.9
ROMEO Y JULIETA Cedros de Luxe (10),cigarrillos,nacional,23.8
ROMEO Y JULIETA Cedros de Luxe Nº2 (25),cigarrillos,nacional,15.8
ROMEO Y JULIETA Cedros de Luxe Nº2 (25) CM,cigarrillos,nacional,13.4
ROMEO Y JULIETA Cedros de Luxe Nº3 (25),cigarrillos,nacional,11.9
ROMEO Y JULIETA Cedros de Luxe Nº3 (25) CM,cigarrillos,nacional,10.05
ROMEO Y JULIETA Churchills (25),cigarrillos,nacional,29.3
ROMEO Y JULIETA Churchills (25) CM,cigarrillos,nacional,24.8
ROMEO Y JULIETA Churchills Tubo (10),cigarrillos,nacional,30
ROMEO Y JULIETA Churchills Tubo (10) CM,cigarrillos,nacional,25.4
ROMEO Y JULIETA Churchills Tubo (25),cigarrillos,nacional,30
ROMEO Y JULIETA Churchills Tubo (25) CM,cigarrillos,nacional,25.4
ROMEO Y JULIETA Churchills Tubo (3),otros,nacional,30
ROMEO Y JULIETA Churchills Tubo (3) CM,otros,nacional,25.4
ROMEO Y JULIETA Club (El envase de 20),otros,nacional,12.2
ROMEO Y JULIETA Club (El envase de 20) CM,otros,nacional,10.3
ROMEO Y JULIETA Club Kings (5),otros,nacional,11.9
ROMEO Y JULIETA Colección Vintage Romeo y Julieta Churchills (el envase de 19),otros,nacional,587.1
ROMEO Y JULIETA Coronas (25) CM,cigarrillos,nacional,6.55
ROMEO Y JULIETA Coronitas en Cedro (25),cigarrillos,nacional,8.7
ROMEO Y JULIETA Coronitas en Cedro (25) CM,cigarrillos,nacional,7.4
ROMEO Y JULIETA Exhibición Nº 4 (25),cigarrillos,nacional,17.5
ROMEO Y JULIETA Exhibición Nº 4 (25) CM,cigarrillos,nacional,14.85
ROMEO Y JULIETA Julieta (5),otros,nacional,10
ROMEO Y JULIETA Julieta (5) CM,otros,nacional,8.5
Romeo y Julieta KS,otros,nacional,4.85
ROMEO Y JULIETA Mille Fleurs (10),cigarrillos,nacional,7.4
ROMEO Y JULIETA Mille Fleurs (10) CM,cigarrillos,nacional,6.25
ROMEO Y JULIETA Mille Fleurs (25),cigarrillos,nacional,7.4
ROMEO Y JULIETA Mille Fleurs (25) CM,cigarrillos,nacional,6.25
ROMEO Y JULIETA Mini (El envase de 20),otros,nacional,9.6
ROMEO Y JULIETA Mini (El envase de 20) CM,otros,nacional,8.1
ROMEO Y JULIETA Petit Churchills (25),cigarrillos,nacional,15.5
ROMEO Y JULIETA Petit Churchills (25) CM,cigarrillos,nacional,13.1
ROMEO Y JULIETA Petit Churchills T (3),otros,nacional,16.2
ROMEO Y JULIETA Petit Churchills T (3) CM,otros,nacional,13.7
ROMEO Y JULIETA Petit Coronas (25),cigarrillos,nacional,10.4
ROMEO Y JULIETA Petit Coronas (25) CM,cigarrillos,nacional,8.85
ROMEO Y JULIETA Petit Coronas (5),otros,nacional,10.4
ROMEO Y JULIETA Petit Coronas (5) CM,otros,nacional,8.85
ROMEO Y JULIETA Petit Julietas (25),cigarrillos,nacional,6.4
ROMEO Y JULIETA Petit Julietas (25) CM,cigarrillos,nacional,5.45
ROMEO Y JULIETA Petit Princess (25),cigarrillos,nacional,8.7
ROMEO Y JULIETA Petit Princess (25) CM,cigarrillos,nacional,7.4
ROMEO Y JULIETA Petit Royales (25),cigarrillos,nacional,9.5
ROMEO Y JULIETA Regalías de Londres (25),cigarrillos,nacional,7.9
ROMEO Y JULIETA Regalías de Londres (25) CM,cigarrillos,nacional,6.7
ROMEO Y JULIETA Romeo Nº 1 (10),cigarrillos,nacional,11.6
ROMEO Y JULIETA Romeo Nº 1 (10) CM,cigarrillos,nacional,9.8
ROMEO Y JULIETA Romeo Nº 1 (25),cigarrillos,nacional,11.6
ROMEO Y JULIETA Romeo Nº 1 (25) CM,cigarrillos,nacional,9.8
ROMEO Y JULIETA Romeo Nº 1 (3),otros,nacional,11.6
ROMEO Y JULIETA Romeo Nº 1 (3) CM,otros,nacional,9.8
ROMEO Y JULIETA Romeo Nº 2 (10),cigarrillos,nacional,12
ROMEO Y JULIETA Romeo Nº 2 (10) CM,cigarrillos,nacional,10.15
ROMEO Y JULIETA Romeo Nº 2 (25),cigarrillos,nacional,12
ROMEO Y JULIETA Romeo Nº 2 (25) CM,cigarrillos,nacional,10.15
ROMEO Y JULIETA Romeo Nº 2 (3),otros,nacional,12
ROMEO Y JULIETA Romeo Nº 2 (3) CM,otros,nacional,10.15
ROMEO Y JULIETA Romeo Nº 2 (5),otros,nacional,12
ROMEO Y JULIETA Romeo Nº 2 (5) CM,otros,nacional,10.15
ROMEO Y JULIETA Romeo Nº 3 (10),cigarrillos,nacional,9.3
ROMEO Y JULIETA Romeo Nº 3 (10) CM,cigarrillos,nacional,7.9
ROMEO Y JULIETA Romeo Nº 3 (25),cigarrillos,nacional,9.3
ROMEO Y JULIETA Romeo Nº 3 (25) CM,cigarrillos,nacional,7.9
ROMEO Y JULIETA Romeo Nº 3 (3),otros,nacional,9.3
ROMEO Y JULIETA Romeo Nº 3 (3) CM,otros,nacional,7.9
ROMEO Y JULIETA Romeo y Julieta Amantes Ed. (5) EL,otros,nacional,80
ROMEO Y JULIETA Romeo y Julieta Cupidos LCDH (20),cigarrillos,nacional,75.6
ROMEO Y JULIETA Romeo y Julieta Dianas Línea de Oro (20),cigarrillos,nacional,63.9
ROMEO Y JULIETA Romeo y Julieta Grand Churchills (100),otros,nacional,525
ROMEO Y JULIETA Romeo y Julieta Hidalgos Línea de Oro (20),cigarrillos,nacional,66
ROMEO Y JULIETA Romeo y Julieta Nobles Línea de Oro (20),cigarrillos,nacional,58.4
ROMEO Y JULIETA Romeo y Julieta Puritos (El envase de 25),otros,nacional,35.41
ROMEO Y JULIETA Romeo y Julieta Wide Churchills Tauromaquia Juan Belmonte (10),cigarrillos,nacional,32
ROMEO Y JULIETA Romeo y Julieta Wide Churchills TR (20),cigarrillos,nacional,55
ROMEO Y JULIETA Serie Sevilla Romeo y Julieta Short Churchills (19),cigarrillos,nacional,25.3
ROMEO Y JULIETA Short Churchills (10),cigarrillos,nacional,21.2
ROMEO Y JULIETA Short Churchills (10) CM,cigarrillos,nacional,17.9
ROMEO Y JULIETA Short Churchills (25),cigarrillos,nacional,21.2
ROMEO Y JULIETA Short Churchills (25) CM,cigarrillos,nacional,17.9
ROMEO Y JULIETA Short Churchills Tubo (3),otros,nacional,21.9
ROMEO Y JULIETA Short Churchills Tubo (3) CM,otros,nacional,18.5
ROMEO Y JULIETA Tacos EL 2018 (25),cigarrillos,nacional,33
ROMEO Y JULIETA Wide Churchill (10),cigarrillos,nacional,23.4
ROMEO Y JULIETA Wide Churchill (10) CM,cigarrillos,nacional,19.8
ROMEO Y JULIETA Wide Churchill (25),cigarrillos,nacional,23.4
ROMEO Y JULIETA Wide Churchill (25) CM,cigarrillos,nacional,19.8
ROMEO Y JULIETA Wide Churchill Tubo (3),otros,nacional,24.1
ROMEO Y JULIETA Wide Churchill Tubo (3) CM,otros,nacional,20.35
Ronson 25 S Red,otros,nacional,5.5
ROSALONES  19 Campeones del Mundo (10),cigarrillos,nacional,6.7
ROSALONES  Auténticos Argento Pekes C30 (30),cigarrillos,nacional,1.6
ROSALONES  Minuto 116 Campeones del Mundo C10 (10),cigarrillos,nacional,5
ROSALONES  Petits Mazo Especial (25),cigarrillos,nacional,0.8
ROSALONES  Selección Mazos Hermosos M25 (25),cigarrillos,nacional,2.1
ROSALONES  Selección Mazos Perlas M25 (25),cigarrillos,nacional,1.65
ROSALONES  Selección Mazos Petit Robusto M25 (25),cigarrillos,nacional,1.95
ROSALONES  Selección Mazos Robusto Deluxe M25 (25),cigarrillos,nacional,2.2
ROSALONES  Tricampeones Robusto (25),cigarrillos,nacional,2.5
ROSALONES  Tricampeones Short Robusto (25),cigarrillos,nacional,2.2
ROSALONES 19 Campeones del Mundo (30),cigarrillos,nacional,6.7
ROSALONES 448 (20),cigarrillos,nacional,3.95
ROSALONES 460 (20),cigarrillos,nacional,5.6
ROSALONES 552 (20),cigarrillos,nacional,4.5
ROSALONES 654 (20),cigarrillos,nacional,5.5
ROSALONES Auténticos 342 C25 (25),cigarrillos,nacional,2.5
ROSALONES Auténticos 360 (20),cigarrillos,nacional,4.6
ROSALONES Auténticos 446 C25 (25),cigarrillos,nacional,3.65
ROSALONES Autenticos Nicaragua 760 (20),cigarrillos,nacional,6.9
ROSALONES Mazo Especial Robusto M (25),cigarrillos,nacional,0.4
ROSALONES Reserva R44 (20),cigarrillos,nacional,3.2
ROSALONES Reserva R52 (20),cigarrillos,nacional,4.5
ROSALONES Reserva R54 (20),cigarrillos,nacional,5.7
ROSALONES Reserva R60 (20),cigarrillos,nacional,4.95
ROSALONES Rosalones Connecticut 550 (20),cigarrillos,nacional,4.85
ROSALONES Rosalones Connecticut 652 (20),cigarrillos,nacional,5.5
ROSALONES Rosalones Reserva R550 C (20),cigarrillos,nacional,4.85
ROSALONES Rosalones Reserva RR546 (20),cigarrillos,nacional,4.2
ROSALONES Rosalones Selección Bodegas Edición 2022 C20 (20),cigarrillos,nacional,6.9
ROSALONES Rosalones Selección Bodegas Edición 2023 C(20),cigarrillos,nacional,6.8
ROSALONES Selección Española Robustazo (50),cigarrillos,nacional,4.2
ROSALONES Selección Española Robusto Claro (50),cigarrillos,nacional,3.3
ROSALONES Selección Española Robusto Oscuro (50),cigarrillos,nacional,3.3
ROSALONES Selección Mazos Gorditos (25),cigarrillos,nacional,1.85
Rothmans Blue,otros,nacional,6.9
Rothmans of London,otros,nacional,5.5
Rothmans of London 100's,otros,nacional,5.1
Rothmans of London DS,otros,nacional,5.4
ROTHMANS OF LONDON Rothmans of London cigarritos (el envase de 18),cigarrillos,nacional,3.5
Rothmans of London Silver (20),cigarrillos,nacional,5.5
Rothmans of London White and Blue,otros,nacional,5.5
Rothmans Red,otros,nacional,6.9
Royal Crown Filter,otros,nacional,6.25
ROYAL DANISH Doble Ligero Caja (48),cigarrillos,nacional,9.35
ROYAL DANISH Doble Ligero Mazo (12),cigarrillos,nacional,9.35
ROYAL DANISH Historic Collection (el envase de 11),otros,nacional,275
ROYAL DANISH Queens #1 (1),otros,nacional,99
ROYAL DANISH Sangre Azul Caja (50),cigarrillos,nacional,7.25
ROYAL DANISH Sangre Azul Mazo (25),cigarrillos,nacional,7.25
ROYAL DANISH Umami Green & Pink Caja (24),cigarrillos,nacional,7.7
ROYAL DANISH Umami Green (12),cigarrillos,nacional,7.7
ROYAL DANISH Umami Pink (12),cigarrillos,nacional,7.7
ROYALE CASINO 10 Ases (El envase de 10),otros,nacional,2.3
ROYALE CASINO 5 Ases (el envase de 5),otros,nacional,1.1
ROYALE CASINO Xtra Large 10 Ases (El envase de 10),otros,nacional,3
RP BUNDLE Nº 1 (25),cigarrillos,nacional,1.5
RP BUNDLE Nº 2 (25),cigarrillos,nacional,1.5
RP BUNDLE Nº 3 (25),cigarrillos,nacional,1.5
RP BUNDLE Nº 4 (25),cigarrillos,nacional,1.5
RP BUNDLE Nº 5 (25),cigarrillos,nacional,0.2
Sacramento (20 g),tabaco-liar,nacional,1.5
Sacramento (40 g),tabaco-liar,nacional,2.9
SAGA Blend No. 7 Robusto 5 1/2x50 (20),cigarrillos,nacional,11.5
SAGA Saga Blend No 7 Toro Gordo (20),cigarrillos,nacional,12.5
SAGA Saga Blend No. 7 Perfecto (20),cigarrillos,nacional,12.5
SAGA Saga Golden Age Yamasa Limited Edition (10),cigarrillos,nacional,19.5
SAGA Saga Pouch 4 Sampler Assortment (El envase de 4),otros,nacional,49
SAGA Saga Short Tales Tomo I (10),cigarrillos,nacional,12.5
SAGA Saga Short Tales Tomo III (10),cigarrillos,nacional,9.5
SAGA Saga Short Tales Tomo III (5),otros,nacional,9.5
SAGA Saga Short Tales Tomo IV (10),cigarrillos,nacional,9.5
SAGA Saga Short Tales Tomo V (15),cigarrillos,nacional,9.2
SAGA Saga Short Tales Tomo VI (10),cigarrillos,nacional,13.5
SAGA Saga Short Tales Tomo VII (10),cigarrillos,nacional,12.5
SAGA Short Tales Tomo II (10),cigarrillos,nacional,12.5
SAGA Solaz Gordo 6x58 (24),cigarrillos,nacional,12.5
SAGA Solaz Robusto 5x50 (24),cigarrillos,nacional,11.7
Sahara International Blend (100 g),tabaco-liar,nacional,8.1
Sailor´s Pride Blond Virginia (40 g),tabaco-liar,nacional,2.9
Sailor´s Pride Blossom Gold (40 g),tabaco-liar,nacional,2.9
Sailor´s Pride English Delight (40 g),tabaco-liar,nacional,2.9
Sailor´s Pride Kentucky (40 g),tabaco-liar,nacional,2.9
SAINT LUIS REY Saint Luis Rey Regios (25),cigarrillos,nacional,14.5
"Salsa American Blend  (12,5 g)",otros,nacional,2
Salsa American Blend  (80 g),tabaco-liar,nacional,12.8
Salsa American Blend (20 g),tabaco-liar,nacional,3.25
Salsa American Blend (20 g) CM,tabaco-liar,nacional,3.05
Salsa American Blend (30 g),tabaco-liar,nacional,3.9
Salsa American Blend (70 g),tabaco-liar,nacional,11.25
SALSA Black Cherry (El envase de 10),otros,nacional,1.1
Salsa Natural (20 g),tabaco-liar,nacional,3.25
Salsa Natural (70 g),tabaco-liar,nacional,11.25
Salsa Negro (20 g),tabaco-liar,nacional,3.25
Salsa Negro Blend (70 g),tabaco-liar,nacional,11.25
Salsa Smooth Ct  (20 g),tabaco-liar,nacional,3.25
Salsa Smooth Ct  (70 g),tabaco-liar,nacional,11.25
SALSA Vanilla (El envase de 10),otros,nacional,1.1
Samson Original Blend (50 g),tabaco-liar,nacional,12
Samuel Gawith 1792 Flake (50 g),tabaco-liar,nacional,26.5
Samuel Gawith Balkan Flake (50 g),tabaco-liar,nacional,26.5
Samuel Gawith Best Brown Flake (50 g),tabaco-liar,nacional,26.5
Samuel Gawith Bob's CH Flake (50 g),tabaco-liar,nacional,24
Samuel Gawith Bothy Flake (50 g),tabaco-liar,nacional,26.5
Samuel Gawith Cabbie's Roll Cut (50 g),tabaco-liar,nacional,32
Samuel Gawith Celtic Talisman (50 g),tabaco-liar,nacional,24.6
Samuel Gawith Commonwealth (50 g),tabaco-liar,nacional,25.2
Samuel Gawith Full Virginia Flake (50 g),tabaco-liar,nacional,26.5
Samuel Gawith Golden Glow (50 g),tabaco-liar,nacional,26
Samuel Gawith Hoggarth Balkan Mixture (50 g),tabaco-liar,nacional,24
Samuel Gawith James Flake (50 g),tabaco-liar,nacional,27.3
Samuel Gawith K C  Flake (50 g),tabaco-liar,nacional,26.5
Samuel Gawith Louisiana Flake (50 g),tabaco-liar,nacional,22.8
Samuel Gawith Navy Flake (50 g),tabaco-liar,nacional,26.5
Samuel Gawith Perfection Mixture (50 g),tabaco-liar,nacional,26
Samuel Gawith Sam's Flake (50 g),tabaco-liar,nacional,26.5
Samuel Gawith Squadron Leader (50 g),tabaco-liar,nacional,24.6
SAN CRISTOBAL DE LA HABANA El Principe (25),cigarrillos,nacional,7.25
SAN CRISTOBAL DE LA HABANA El Principe (25) CM,cigarrillos,nacional,6.15
SAN CRISTOBAL DE LA HABANA La Fuerza (25),cigarrillos,nacional,12.3
SAN CRISTOBAL DE LA HABANA La Fuerza (25) CM,cigarrillos,nacional,10.4
SAN CRISTOBAL DE LA HABANA San Cristóbal de la Habana 1519 (100),otros,nacional,112
SAN CRISTOBAL DE LA HABANA San Cristóbal de la Habana 20 Aniversario (20) LCDH,cigarrillos,nacional,66.95
SAN CRISTOBAL DE LA HABANA San Cristóbal de la Habana Prado  (10) LCDH,cigarrillos,nacional,19.1
SAN LOTANO Connecticut Churchill (20),cigarrillos,nacional,8.8
SAN LOTANO Connecticut Robusto (20),cigarrillos,nacional,8.1
SAN LOTANO Connecticut Toro (20),cigarrillos,nacional,8.45
SAN LOTANO Gran Toro (20),cigarrillos,nacional,12.2
SAN LOTANO Habano Lancero 7x38 (20),cigarrillos,nacional,6.95
SAN LOTANO Oval Gordo (20),cigarrillos,nacional,13.8
SAN LOTANO Oval Robusto (20),cigarrillos,nacional,11.35
SAN LOTANO Oval Toro (20),cigarrillos,nacional,11.55
SAN LOTANO The Bull Gordo (10),cigarrillos,nacional,14.25
SAN LOTANO The Bull Robusto (10),cigarrillos,nacional,12
SAN LOTANO The Bull Toro (10),cigarrillos,nacional,12.35
SAN LOTANO Toro (20),cigarrillos,nacional,9.35
SAN PEDRO DE MACORIS San Pedro De Macoris Brazil Perla (20),cigarrillos,nacional,3.45
SAN PEDRO DE MACORIS San Pedro De Macoris Brazil Robusto (20),cigarrillos,nacional,4.05
SAN PEDRO DE MACORIS San Pedro de Macoris Ecuador Perla (20),cigarrillos,nacional,3.45
SAN PEDRO DE MACORIS San Pedro de Macoris Ecuador Robusto (20),cigarrillos,nacional,4.05
SANCHO PANZA Belicosos (25),cigarrillos,nacional,15.6
SANCHO PANZA Belicosos (25) CM,cigarrillos,nacional,13.2
SANCHO PANZA Non Plus (25),cigarrillos,nacional,9.2
SANCHO PANZA Non Plus (25) CM,cigarrillos,nacional,7.8
SANTA CLARA 1830 Magnum (1),otros,nacional,15
SANTA CLARA 1830 Quino,otros,nacional,0.5
SANTA CLARA Chicos Cherry (10),cigarrillos,nacional,0.35
SANTA CLARA Chicos Chocolate (10),cigarrillos,nacional,0.35
SANTA CLARA Chicos Vanilla (10),cigarrillos,nacional,0.35
SANTA CLARA Gran Reserva Coronas (20),cigarrillos,nacional,3.1
SANTA CLARA Quino (5),otros,nacional,0.6
SANTA CLARA Selección Especial Nº 4 (20),cigarrillos,nacional,2.6
SANTA CRUZ 8.9.8.,otros,nacional,1.2
SANTA CRUZ Cristales (20),cigarrillos,nacional,1.75
SANTA CRUZ Tubos,otros,nacional,1.56
Santana Blue,otros,nacional,3.95
Santana Red,otros,nacional,3.95
Sapphire Crown Alpine Straw (100 g),tabaco-liar,nacional,15.95
Sapphire Crown Apl Strudl (100 g),tabaco-liar,nacional,15.95
Sapphire Crown Aprl (100 g),tabaco-liar,nacional,15.95
Sapphire Crown Ba Na2 (100 g),tabaco-liar,nacional,15.95
Sapphire Crown Code Red (100 g),tabaco-liar,nacional,15.95
Sapphire Crown Crownberri (100 g),tabaco-liar,nacional,15.95
Sapphire Crown Froostyle (100 g),tabaco-liar,nacional,15.95
Sapphire Crown Green T & Co (100 g),tabaco-liar,nacional,15.95
Sapphire Crown Hazel Crush (100 g),tabaco-liar,nacional,15.95
Sapphire Crown Indian Stuff (100 g),tabaco-liar,nacional,15.95
Sapphire Crown Italimisu (100 g),tabaco-liar,nacional,15.95
Sapphire Crown Kraven (100 g),tabaco-liar,nacional,15.95
Sapphire Crown Ladan (100 g),tabaco-liar,nacional,15.95
Sapphire Crown Lelo (100 g),tabaco-liar,nacional,15.95
Sapphire Crown Love Above (100 g),tabaco-liar,nacional,15.95
Sapphire Crown Love Under Tonik (100 g),tabaco-liar,nacional,15.95
Sapphire Crown Mejumi (100 g),tabaco-liar,nacional,15.95
Sapphire Crown Mng Maduro (100 g),tabaco-liar,nacional,15.95
Sapphire Crown Persik (100 g),tabaco-liar,nacional,15.95
Sapphire Crown Pineberri (100 g),tabaco-liar,nacional,15.95
Sapphire Crown Sun Grande (100 g),tabaco-liar,nacional,15.95
Sapphire Crown Tropic Jus (100 g),tabaco-liar,nacional,15.95
Sapphire Crown Velvet (100 g),tabaco-liar,nacional,15.95
Sapphire Crown Yozo Hani (100 g),tabaco-liar,nacional,15.95
Savacco 6IX Blend (200 g),tabaco-liar,nacional,14.95
Savacco 6IX Blend (50 g),tabaco-liar,nacional,3.95
Savacco Assasins Green (200 g),tabaco-liar,nacional,14.95
Savacco Assasins Green (50 g),tabaco-liar,nacional,3.95
Savacco Black Colussus (200 g),tabaco-liar,nacional,14.95
Savacco Black Colussus (50 g),tabaco-liar,nacional,3.95
Savacco Cosmopower (200 g),tabaco-liar,nacional,14.95
Savacco Cosmopower (50 g),tabaco-liar,nacional,3.95
Savacco Eff A ( 200 g),otros,nacional,14.95
Savacco Eff A (50 g),tabaco-liar,nacional,3.95
Savacco G6 On The Rocks (200 g),tabaco-liar,nacional,14.95
Savacco G6 On The Rocks (50 g),tabaco-liar,nacional,3.95
Savacco Green Myst (200 g),tabaco-liar,nacional,14.95
Savacco Green Myst (50 g),tabaco-liar,nacional,3.95
Savacco Hawaiian Myst (200 g),tabaco-liar,nacional,14.95
Savacco Hawaiian Myst (50 g),tabaco-liar,nacional,3.95
Savacco Irn-Ade (200 g),tabaco-liar,nacional,14.95
Savacco Irn-Ade (50 g),tabaco-liar,nacional,3.95
Savacco Mellow Haze (200 g),tabaco-liar,nacional,14.95
Savacco Mellow Haze (50 g),tabaco-liar,nacional,3.95
Savacco Passionova (200 g),tabaco-liar,nacional,14.95
Savacco Passionova (50 g),tabaco-liar,nacional,3.95
Savacco Purple Sensation (200 g),tabaco-liar,nacional,14.95
Savacco Purple Sensation (50 g),tabaco-liar,nacional,3.95
Savacco Pynk Myst (200 g),tabaco-liar,nacional,14.95
Savacco Pynk Myst (50 g),tabaco-liar,nacional,3.95
Savacco Simply Blue (200 g),tabaco-liar,nacional,14.95
Savacco Simply Blue (50 g),tabaco-liar,nacional,3.95
Savacco Swizztastic (200 g),tabaco-liar,nacional,14.95
Savacco Swizztastic (50 g),tabaco-liar,nacional,3.95
Savinelli Armonia (50 g),tabaco-liar,nacional,18
Savinelli Aroma (50 g),tabaco-liar,nacional,18
Savinelli Black Cavendish (Rot-Red) (50 g),tabaco-liar,nacional,18
Savinelli Cavendish (Braun-Brown) (50 g),tabaco-liar,nacional,18
Savinelli English Mixture (Grün-Green)(50 g),tabaco-liar,nacional,18
Savinelli Leonardo (100 g),tabaco-liar,nacional,28
Savinelli The Balkans (Gelb - Yellow) (50 g),tabaco-liar,nacional,18
Sayes! Basil (100 g),tabaco-liar,nacional,11.95
Sayes! Beri Drinq (100 g),tabaco-liar,nacional,11.95
Sayes! Blaro (100 g),tabaco-liar,nacional,11.95
Sayes! Cher (100 g),tabaco-liar,nacional,11.95
Sayes! Dominika (100 g),tabaco-liar,nacional,11.95
Sayes! Eldery Ti (100 g),tabaco-liar,nacional,11.95
Sayes! Fryz (100 g),tabaco-liar,nacional,11.95
Sayes! Ginbrew (100 g),tabaco-liar,nacional,11.95
Sayes! Grent (100 g),tabaco-liar,nacional,11.95
Sayes! Kiv Smooth (100 g),tabaco-liar,nacional,11.95
Sayes! Lemafy (100 g),tabaco-liar,nacional,11.95
Sayes! Noir Bry (100 g),tabaco-liar,nacional,11.95
Sayes! Oputia (100 g),tabaco-liar,nacional,11.95
Sayes! Passika (100 g),tabaco-liar,nacional,11.95
Sayes! Pinkman (100 g),tabaco-liar,nacional,11.95
Sayes! Pinkman (200 g),tabaco-liar,nacional,22.5
Sayes! Raspi (100 g),tabaco-liar,nacional,11.95
Sayes! Rokman (100 g),tabaco-liar,nacional,11.95
Sayes! Shak (100 g),tabaco-liar,nacional,11.95
Sayes! Sorb (100 g),tabaco-liar,nacional,11.95
Sayes! Spayz (100 g),tabaco-liar,nacional,11.95
Sayes! Straw (100 g),tabaco-liar,nacional,11.95
Sayes! Tropic (100 g),tabaco-liar,nacional,11.95
Sayes! Zola (100 g),tabaco-liar,nacional,11.95
SB SIMON BELTRE SB Simon Beltre Andullo Robusto (20),cigarrillos,nacional,12.5
SB SIMON BELTRE SB Simon Beltre Andullo Short Robusto (20),cigarrillos,nacional,13
SB SIMON BELTRE SB Simon Beltre Andullo Toro (20),cigarrillos,nacional,14.5
SB SIMON BELTRE SB Simon Beltre Aniversario Edicion Limitada (20),cigarrillos,nacional,14.5
SB SIMON BELTRE SB Simon Beltre Collection-Sampler (El envase de 8),otros,nacional,95
SB SIMON BELTRE SB Simon Beltre CSZ Robusto (20),cigarrillos,nacional,12.5
SB SIMON BELTRE SB Simon Beltre CSZ Toro (20),cigarrillos,nacional,14.5
SB SIMON BELTRE SB Simon Beltre Cuatro Caminos (20),cigarrillos,nacional,12
SB SIMON BELTRE SB Simon Beltre Momentos (10),cigarrillos,nacional,3.9
Scaferlati Caporal  (40 g),tabaco-liar,nacional,7.8
SCHIZO Goliath 6x80 (5),otros,nacional,4.8
SCHIZO Robusto 5x50 (20),cigarrillos,nacional,2.3
SCHIZO Toro 6x50 (20),cigarrillos,nacional,2.7
SCHIZO Toro Gordo 6x60 (20),cigarrillos,nacional,3.3
SCHIZO Toro Hercules 7x70 (20),cigarrillos,nacional,4
Scottish Corner Aberdeen Edition (12 g),tabaco-liar,nacional,1.1
Scottish Corner Aberdeen Edition (20 g),tabaco-liar,nacional,1.7
Scottish Corner Old Course (20 g),tabaco-liar,nacional,1.7
Scottish Corner Old Course (55 g),tabaco-liar,nacional,4.6
Scottish Corner Pipe (40 g),tabaco-liar,nacional,3.5
Scottish Corner Pipe Aberdeen Edition (55 g),tabaco-liar,nacional,4.6
Sebero Artic Mix Kiss of a Beauty (200 g),tabaco-liar,nacional,20.5
Sebero Artic Mix Kiss of a Beauty (50 g),tabaco-liar,nacional,5.25
Sebero Artic Mix Tropical Heat (200 g),tabaco-liar,nacional,20.5
Sebero Artic Mix Tropical Heat (50 g),tabaco-liar,nacional,5.25
Sebero Artic Mix Weightlessness (200 g),tabaco-liar,nacional,20.5
Sebero Artic Mix Weightlessness (50 g),tabaco-liar,nacional,5.25
Sebero Black Fun Madness (200 g),tabaco-liar,nacional,22
Sebero Black Fun Madness (50 g),tabaco-liar,nacional,5.5
Sebero Black Kingly (200 g),tabaco-liar,nacional,22
Sebero Black Kingly (50 g),tabaco-liar,nacional,5.5
Sebero Black Lunch Break (200 g),tabaco-liar,nacional,22
Sebero Black Lunch Break (50 g),tabaco-liar,nacional,5.5
Sebero Black Pearl (200 g),tabaco-liar,nacional,22
Sebero Black Pearl (50 g),tabaco-liar,nacional,5.5
Sebero Black Predictions (200 g),tabaco-liar,nacional,22
Sebero Black Predictions (50 g),tabaco-liar,nacional,5.5
Sebero Black Red-Yellow Mix (200 g),tabaco-liar,nacional,22
Sebero Black Red-Yellow Mix (50 g),tabaco-liar,nacional,5.5
Sebero Blue Forest (200 g),tabaco-liar,nacional,20.5
Sebero Blue Forest (50 g),tabaco-liar,nacional,5.25
Sebero Bumble (200 g),tabaco-liar,nacional,20.5
Sebero Bumble (50 g),tabaco-liar,nacional,5.25
Sebero Children Sun (200 g),tabaco-liar,nacional,20.5
Sebero Children Sun (50 g),tabaco-liar,nacional,5.25
Sebero Depth (200 g),tabaco-liar,nacional,20.5
Sebero Depth (50 g),tabaco-liar,nacional,5.25
Sebero Double Royal (200 g),tabaco-liar,nacional,20.5
Sebero Double Royal (50 g),tabaco-liar,nacional,5.25
Sebero Garden Queen (200 g),tabaco-liar,nacional,20.5
Sebero Garden Queen (50 g),tabaco-liar,nacional,5.25
Sebero Heart (200 g),tabaco-liar,nacional,20.5
Sebero Heart (50 g),tabaco-liar,nacional,5.25
Sebero Hedgehogs (200 g),tabaco-liar,nacional,20.5
Sebero Hedgehogs (50 g),tabaco-liar,nacional,5.25
Sebero Italian Sunset (200 g),tabaco-liar,nacional,20.5
Sebero Italian Sunset (50 g),tabaco-liar,nacional,5.25
Sebero Love and Passion (200 g),tabaco-liar,nacional,20.5
Sebero Love and Passion (50 g),tabaco-liar,nacional,5.25
Sebero Sunlight (200 g),tabaco-liar,nacional,20.5
Sebero Sunlight (50 g),tabaco-liar,nacional,5.25
Sebero Tropical (200 g),tabaco-liar,nacional,20.5
Sebero Tropical (50 g),tabaco-liar,nacional,5.25
Sebero Wonder (200 g),tabaco-liar,nacional,20.5
Sebero Wonder (50 g),tabaco-liar,nacional,5.25
SELECCIÓN Petit Robustos TR 2012 (El envase de 10),otros,nacional,251
Serbetli Classic American Ke (50 g),tabaco-liar,nacional,4.3
Serbetli Classic Capu Capu (50 g),tabaco-liar,nacional,4.3
Serbetli Classic Charli (50 g),tabaco-liar,nacional,4.3
Serbetli Classic Doble A (50 g),tabaco-liar,nacional,4.3
Serbetli Classic Emon (50 g),tabaco-liar,nacional,4.3
Serbetli Classic Emon Ke (50 g),tabaco-liar,nacional,4.3
Serbetli Classic Grapi (50 g),tabaco-liar,nacional,4.3
Serbetli Classic Green Mix (50 g),tabaco-liar,nacional,4.3
Serbetli Classic Icbdrumm (50 g),tabaco-liar,nacional,4.3
Serbetli Classic Istambul Nights (50 g),tabaco-liar,nacional,4.3
Serbetli Classic Marbella (50 g),tabaco-liar,nacional,4.3
Serbetli Classic Meint (50 g),tabaco-liar,nacional,4.3
Serbetli Classic Milkotin (50 g),tabaco-liar,nacional,4.3
Serbetli Classic Stra Shark (50 g),tabaco-liar,nacional,4.3
Serbetli Classic Wati Meli (50 g),tabaco-liar,nacional,4.3
Serbetli Hard Line Breezy Bum (40 g),tabaco-liar,nacional,4.5
Serbetli Hard Line Jerry (40 g),tabaco-liar,nacional,4.5
Serbetli Hard Line Limton Gril (40 g),tabaco-liar,nacional,4.5
Serbetli Hard Line Nara Ja (40 g),tabaco-liar,nacional,4.5
Serbetli Hard Line Nestja (40 g),tabaco-liar,nacional,4.5
Serbetli Hard Line Panepol (40 g),tabaco-liar,nacional,4.5
Serbetli Hard Line Pops (40 g),tabaco-liar,nacional,4.5
Serbetli Hard Line Redbera (40 g),tabaco-liar,nacional,4.5
Serbetli Hard Line Supremo (40 g),tabaco-liar,nacional,4.5
Serbetli Hard Line Sweet Oney (40 g),tabaco-liar,nacional,4.5
Serbetli Limton Grill (200 g),tabaco-liar,nacional,18.5
Serbetli Nestja (200 g),tabaco-liar,nacional,18.5
Serbetli Panepol (200 g),tabaco-liar,nacional,18.5
Serbetli Pops (200 g),tabaco-liar,nacional,18.5
Serbetli Shisha Green Mix (200 g),tabaco-liar,nacional,14
Serbetli Shisha Green Mix (200 g) CM,tabaco-liar,nacional,8.6
Serbetli Shisha Green Mix (50 g),tabaco-liar,nacional,3.8
Serbetli Shisha Green Mix (50 g) CM,tabaco-liar,nacional,2.2
Serbetli Shisha Icbodrumm (200 g),tabaco-liar,nacional,14
Serbetli Shisha Icbodrumm (200 g) CM,tabaco-liar,nacional,8.6
Serbetli Shisha Stra Shark (200 g),tabaco-liar,nacional,14
Serbetli Shisha Stra Shark (200 g) CM,tabaco-liar,nacional,8.6
Serbetli Shisha Stra Shark (50 g),tabaco-liar,nacional,3.8
Serbetli Shisha Stra Shark (50 g) CM,tabaco-liar,nacional,2.2
Shisha Kartel Big Bagman (200 g),tabaco-liar,nacional,17.95
Shisha Kartel Big Bagman (200 g) CM,tabaco-liar,nacional,7.2
Shisha Kartel Big Bagman (50 g),tabaco-liar,nacional,4.95
Shisha Kartel Blood Bath (50 g),tabaco-liar,nacional,4.5
Shisha Kartel Blood Bath (50 g) CM,tabaco-liar,nacional,1.9
Shisha Kartel Bouncer Bruno (200 g),tabaco-liar,nacional,17.95
Shisha Kartel Bouncer Bruno (50 g),tabaco-liar,nacional,4.95
Shisha Kartel Capo Dei Capi (200 g),tabaco-liar,nacional,17.95
Shisha Kartel Capo Dei Capi (200 g) CM,tabaco-liar,nacional,7.2
Shisha Kartel Capo Dei Capi (50 g),tabaco-liar,nacional,4.95
Shisha Kartel Capo Dei Capi (50 g) CM,tabaco-liar,nacional,1.9
Shisha Kartel Capo Dei Capi (950 g),tabaco-liar,nacional,59.9
Shisha Kartel Capo Dei Capi (950 g) CM,tabaco-liar,nacional,35
Shisha Kartel Cursed Crusader (50 g),tabaco-liar,nacional,4.5
Shisha Kartel Fatal Frenzy (50 g),tabaco-liar,nacional,4.5
Shisha Kartel Guilty Gang (200 g),tabaco-liar,nacional,16.5
Shisha Kartel Guilty Gang (50 g),tabaco-liar,nacional,4.5
Shisha Kartel Guilty Gang (50 g) CM,tabaco-liar,nacional,1.9
Shisha Kartel Guilty Gang (950 g),tabaco-liar,nacional,59.9
Shisha Kartel Happy Hound (200 g),tabaco-liar,nacional,17.95
Shisha Kartel Happy Hound (50 g),tabaco-liar,nacional,4.95
Shisha Kartel Hidden Hacker (50 g),tabaco-liar,nacional,4.5
Shisha Kartel Krazee Kombo (200 g),tabaco-liar,nacional,16.5
Shisha Kartel Krazee Kombo (50 g),tabaco-liar,nacional,4.5
Shisha Kartel Krazee Kombo (50 g) CM,tabaco-liar,nacional,1.9
Shisha Kartel Latino Loco (50 g),tabaco-liar,nacional,4.5
Shisha Kartel Mafia Madness (50 g),tabaco-liar,nacional,4.5
Shisha Kartel Mafia Madness (50 g) CM,tabaco-liar,nacional,1.9
Shisha Kartel Maniac Manager (50 g),tabaco-liar,nacional,4.5
Shisha Kartel Milf Mia (50 g),tabaco-liar,nacional,4.5
Shisha Kartel Plata o Plomo (200 g),tabaco-liar,nacional,17.95
Shisha Kartel Plata o Plomo (50 g),tabaco-liar,nacional,4.95
Shisha Kartel Plata o Plomo (50 g) CM,tabaco-liar,nacional,1.9
Shisha Kartel Sexy Sheba (200 g),tabaco-liar,nacional,17.95
Shisha Kartel Sexy Sheba (200 g) CM,tabaco-liar,nacional,7.2
Shisha Kartel Sexy Sheba (50 g),tabaco-liar,nacional,4.95
Shisha Kartel Sexy Sheba (50 g) CM,tabaco-liar,nacional,1.9
Shisha Kartel Sexy Sheba (950 g),tabaco-liar,nacional,59.9
Shisha Kartel Sexy Sheba (950 g) CM,tabaco-liar,nacional,35
Shisha Kartel Silly Scientish (50 g),tabaco-liar,nacional,4.5
SIGNATURE Blue (20) CM,cigarrillos,nacional,0.28
SIGNATURE Blue (El Envase de 20),otros,nacional,6.1
SIGNATURE Filter Red (10),cigarrillos,nacional,0.31
SIGNATURE Finos Beige (El envase de 20),otros,nacional,5.1
SIGNATURE Finos Beige (El envase de 20) CM,otros,nacional,4.6
SIGNATURE Finos Blue (El envase de 20),otros,nacional,5.1
SIGNATURE Finos Blue (El envase de 20) CM,otros,nacional,4.6
SIGNATURE Finos Brown (10),cigarrillos,nacional,0.2
SIGNATURE Finos Filter Beige (10),cigarrillos,nacional,0.25
SIGNATURE Finos Filter Beige (10) CM,cigarrillos,nacional,0.21
SIGNATURE Finos Filter Blue (10),cigarrillos,nacional,0.25
SIGNATURE Finos Filter Blue (10) CM,cigarrillos,nacional,0.21
SIGNATURE Finos Filter Hindustan (10),cigarrillos,nacional,0.2
SIGNATURE Finos Filter Indochina (10),cigarrillos,nacional,0.2
SIGNATURE Finos Filter Mexica (10),cigarrillos,nacional,0.2
SIGNATURE Finos Filter Persia (10),cigarrillos,nacional,0.2
SIGNATURE Finos Filter Red (10),cigarrillos,nacional,0.25
SIGNATURE Finos Filter Red (10) CM,cigarrillos,nacional,0.21
SIGNATURE Finos Original (El Envase de 20),otros,nacional,5.1
SIGNATURE Finos Original (El Envase de 20) CM,otros,nacional,4.6
SIGNATURE Finos Red (El Envase de 20),otros,nacional,5.1
SIGNATURE Finos Red (El Envase de 20) CM,otros,nacional,4.6
SIGNATURE Noir (20),cigarrillos,nacional,0.3
SIGNATURE Noir (20) CM,cigarrillos,nacional,0.28
SIGNATURE Original (20) CM,cigarrillos,nacional,0.28
SIGNATURE Original (El Envase de 20),otros,nacional,6.1
SIGNATURE Red (20),cigarrillos,nacional,0.3
SIGNATURE Red (20) CM,cigarrillos,nacional,0.28
SIGNATURE Signature Finos Beige (El envase de 5),otros,nacional,1.6
SIGNATURE Signature Finos Filter Beige (20),cigarrillos,nacional,0.22
SIGNATURE Signature Finos Filter Beige (El envase de 20) CM,otros,nacional,4
SIGNATURE Signature Finos Filter Green (10),cigarrillos,nacional,0.25
SIGNATURE Signature Finos Filter Green (10) CM,cigarrillos,nacional,0.21
SIGNATURE Signature Finos Original (El envase de 5),otros,nacional,1.6
SIGNATURE Signature Silhouette Filter Beige (10),cigarrillos,nacional,0.29
SIGNATURE Signature Silhouette Filter Beige (10) CM,cigarrillos,nacional,0.23
SIGNATURE Signature Silhouette Filter Green (10),cigarrillos,nacional,0.29
SIGNATURE Signature Silhouette Filter Green (10) CM,cigarrillos,nacional,0.23
SILENCIO Silencio Black Gigante (25),cigarrillos,nacional,13.5
SILENCIO Silencio Black Robusto (25),cigarrillos,nacional,12
SILENCIO Silencio Black Supremo (25),cigarrillos,nacional,13
SILENCIO Silencio Blue Robusto (20),cigarrillos,nacional,13
SILENCIO Silencio Blue Toro (20),cigarrillos,nacional,13.6
SILENCIO Silencio D'or Cañonazo (20),cigarrillos,nacional,15.5
SILENCIO Silencio D'or Robusto (20),cigarrillos,nacional,14.5
SILENCIO Silencio Limited Edition 2023 (10),cigarrillos,nacional,20
SILENCIO Silencio Los Rios Pequeños (6),otros,nacional,4
SILENCIO Silencio Los Rios Robusto (20),cigarrillos,nacional,13.5
SILENCIO Silencio Los Rios Toro (20),cigarrillos,nacional,14.5
SILENCIO Silencio Red Dot Churchill (25),cigarrillos,nacional,13.6
SILENCIO Silencio Red Dot Robusto (25),cigarrillos,nacional,12.5
SILENCIO Silencio Riviera Perfecto (10),cigarrillos,nacional,18
SILENCIO Silencio Riviera Robusto (20),cigarrillos,nacional,13
SILENCIO Silencio Serie M Double Robusto (10),cigarrillos,nacional,29.9
SILENCIO Silencio Serie M Prominente (10),cigarrillos,nacional,29.9
SILENCIO Silencio Serie M Reserva Roja (10),cigarrillos,nacional,29.9
Silk Cut Blue,otros,nacional,7.65
Silk Cut Purple,otros,nacional,7.9
Silk Cut Purple 100'S,otros,nacional,7.65
Silk Cut Silver,otros,nacional,7.65
Silk Cut Silver 20s (20) Duty Free,cigarrillos,nacional,7.9
Silk Cut White,otros,nacional,7.9
Sillem's Blau/Blue (100 g),tabaco-liar,nacional,30
Sillem's Grün/Green (100 g),tabaco-liar,nacional,30
Sillem's Linea Epoque Antique (100 g),tabaco-liar,nacional,30
Sillem's Rot/Red (100 g),tabaco-liar,nacional,30
Sillem's Schwarz/Black (100 g),tabaco-liar,nacional,30
SILVERADO  De Luxe Cherry (El envase de 20),otros,nacional,2.4
SILVERADO  De Luxe Mango (El envase de 20),otros,nacional,2.4
SILVERADO  De Luxe Menthol C20 (El envase de 20),otros,nacional,2.4
SILVERADO  De Luxe Vanilla C20 (El envase de 20),otros,nacional,2.4
SILVERADO American Blend (el envase de 10),otros,nacional,1.3
SILVERADO CH (el envase de 20),otros,nacional,2.8
SILVERADO CH (el envase de 20) CM,otros,nacional,1.6
SILVERADO Cherry (El envase de 20),otros,nacional,1.7
SILVERADO Cigarritos (El envase de 20),cigarrillos,nacional,1.7
SILVERADO Cigarritos (El envase de 20) CM,cigarrillos,nacional,1
SILVERADO De Luxe American Blend C20 (El envase de 20),otros,nacional,2.8
SILVERADO De Luxe American Blend C20 (El envase de 20) CM,otros,nacional,1.6
SILVERADO De Luxe Blue C20 (El envase de 20),otros,nacional,2.8
SILVERADO De Luxe Blue C20 (El envase de 20) CM,otros,nacional,1.6
SILVERADO De Luxe negro (El envase de 20),otros,nacional,2.8
SILVERADO De Luxe negro (El envase de 20) CM,otros,nacional,1.6
SILVERADO De Luxe Red Grape (El envase de 20),tabaco-aspirar,nacional,2.4
SILVERADO Double Green (el envase de 20),otros,nacional,2.8
SILVERADO Double Green (el envase de 20) CM,otros,nacional,1.6
SILVERADO Green (el envase de 20),otros,nacional,2.8
SILVERADO Green (el envase de 20) CM,otros,nacional,1.6
SILVERADO Ice Cool (el envase de 20),otros,nacional,2.8
SILVERADO Ice Cool (el envase de 20) CM,otros,nacional,1.6
SILVERADO M (el envase de 20),otros,nacional,2.8
SILVERADO M (el envase de 20) CM,otros,nacional,1.6
SILVERADO Menthol (El envase de 20),otros,nacional,1.7
SILVERADO Menthol (El envase de 20) CM,otros,nacional,1
SILVERADO Midi Classic (4),otros,nacional,0.18
SILVERADO Midi V (4),otros,nacional,0.18
SILVERADO Mix Pack (El envase de 500),otros,nacional,62.5
SILVERADO RG (el envase de 20),otros,nacional,2.8
SILVERADO RG (el envase de 20) CM,otros,nacional,1.6
SILVERADO Silverado Ice Click (El envase de 17),otros,nacional,2.7
SILVERADO Silverado Purple Ice Click (El envase de 17),otros,nacional,2.7
SILVERADO Silverado SV (El envase de 20),otros,nacional,2.8
SILVERADO Silverado White (El envase de 20),otros,nacional,2.8
SILVERADO V (el envase de 20),otros,nacional,2.8
SILVERADO V (el envase de 20) CM,otros,nacional,1.6
SILVERADO Vainilla (el envase de 10),otros,nacional,1.3
SILVERADO Vanilla (El envase de 20),otros,nacional,1.7
SILVERADO Vanilla (El envase de 20) CM,otros,nacional,1
SIN COMPROMISO Sin Compromiso Selección Nº 5 (13),cigarrillos,nacional,17.5
SIN COMPROMISO Sin Compromiso Varita Mágica (13),cigarrillos,nacional,17
Sioux Blue (30 g),tabaco-liar,nacional,4.95
Sioux Blue (30 g) CM,tabaco-liar,nacional,2.9
Sioux Original Red (100 g),tabaco-liar,nacional,7.6
Sioux Original Red (20 g),tabaco-liar,nacional,1.5
Sioux Original Red lata (40 g),tabaco-liar,nacional,3.5
SIR THOMAS Corona,otros,nacional,0.6
Skandinavik Mixture (50 g),tabaco-liar,nacional,8.2
Skandinavik Mixture (50 g) CM,tabaco-liar,nacional,7.8
Skandinavik Navy (50 g),tabaco-liar,nacional,8.4
Skandinavik Navy (50 g) CM,tabaco-liar,nacional,8
Smoker´s Choice Century Mixture (15 g),tabaco-liar,nacional,1.25
Smokers Choice (80 g),tabaco-liar,nacional,5.75
Smokers Choice Century Mixture (50 g),tabaco-liar,nacional,3.5
Smokers Choice Gold Navy (50 g),tabaco-liar,nacional,3.5
Smokers Freedom (80 g),tabaco-liar,nacional,5.75
Smokers Freedom 1792 Flake By SG (50 g),tabaco-liar,nacional,8
Smokers Freedom Balanced Aromatic Mixture (50 g),tabaco-liar,nacional,3.5
Smokers Freedom Chocolate Flake By SG (50 g),tabaco-liar,nacional,8
Smokers Freedom Grousemoore By SG (50 g),tabaco-liar,nacional,8
Smokers Freedom Special Mixture Nº 4 (50 g),tabaco-liar,nacional,3.5
Smokers Freedom Squadron Leader Special Edition By SG (50 g),tabaco-liar,nacional,8
Smoking Dual Blunts Black Bourbon (2X25),otros,nacional,1.25
Smoking Dual Blunts Blueberry Blis (2X25),otros,nacional,1.25
Smoking Dual Blunts Brut & Bubbly (2X25),otros,nacional,1.25
Smoking Dual Blunts Caribbeam Rum (2X25),otros,nacional,1.25
Smoking Dual Blunts Dark Chocolate (2X25),otros,nacional,1.25
Smoking Dual Blunts Grape Divine (2X25),tabaco-aspirar,nacional,1.25
Smoking Dual Blunts Green Apple (2X25),otros,nacional,1.25
Smoking Dual Blunts Vanilla (2X25),otros,nacional,1.25
Smoking Dual Blunts Very Strawberry (2X25),otros,nacional,1.25
Smoking Dual Blunts Wild Honey (2X25),otros,nacional,1.25
SOBREMESA El Americano (25),cigarrillos,nacional,12
SOBREMESA Elegante en Cedros (13),cigarrillos,nacional,14.3
SOBREMESA Gran Imperiales (25),cigarrillos,nacional,13
SOBREMESA Short Churchill (14),cigarrillos,nacional,10.85
SOBREMESA Sobremesa Brulée Gordo (13),cigarrillos,nacional,15.55
SOBREMESA Sobremesa Brulée Robusto (13),cigarrillos,nacional,14
Social Smoke Absolute Zero (200 g),tabaco-liar,nacional,18.95
Social Smoke Absolute Zero (200 g) CM,tabaco-liar,nacional,13.95
Social Smoke Absolute Zero (50 g),tabaco-liar,nacional,4.95
Social Smoke Absolute Zero (50 g) CM,tabaco-liar,nacional,3.75
Social Smoke C Roll (200 g),tabaco-liar,nacional,18.95
Social Smoke C Roll (200 g) CM,tabaco-liar,nacional,13.95
Social Smoke C Roll (50 g),tabaco-liar,nacional,4.95
Social Smoke C Roll (50 g) CM,tabaco-liar,nacional,3.75
Social Smoke CA Chill (200 g),tabaco-liar,nacional,18.95
Social Smoke CA Chill (200 g) CM,tabaco-liar,nacional,13.95
Social Smoke CA Chill (50 g),tabaco-liar,nacional,4.95
Social Smoke CA Chill (50 g) CM,tabaco-liar,nacional,3.75
Social Smoke CU Chill (200 g),tabaco-liar,nacional,18.95
Social Smoke CU Chill (200 g) CM,tabaco-liar,nacional,13.95
Social Smoke CU Chill (50 g),tabaco-liar,nacional,4.95
Social Smoke CU Chill (50 g) CM,tabaco-liar,nacional,3.75
Social Smoke D D L (200 g),tabaco-liar,nacional,18.95
Social Smoke D D L (200 g) CM,tabaco-liar,nacional,13.95
Social Smoke D D L (50 g),tabaco-liar,nacional,4.95
Social Smoke D D L (50 g) CM,tabaco-liar,nacional,3.75
Social Smoke Gumtastic (200 g),tabaco-liar,nacional,18.95
Social Smoke Gumtastic (200 g) CM,tabaco-liar,nacional,13.95
Social Smoke Gumtastic (50 g),tabaco-liar,nacional,4.95
Social Smoke Gumtastic (50 g) CM,tabaco-liar,nacional,3.75
Social Smoke H CTA (200 g),tabaco-liar,nacional,18.95
Social Smoke H CTA (200 g) CM,tabaco-liar,nacional,13.95
Social Smoke H CTA (50 g),tabaco-liar,nacional,4.95
Social Smoke H CTA (50 g) CM,tabaco-liar,nacional,3.75
Social Smoke HD M Chill (200 g),tabaco-liar,nacional,18.95
Social Smoke HD M Chill (200 g) CM,tabaco-liar,nacional,13.95
Social Smoke HD M Chill (50 g),tabaco-liar,nacional,4.95
Social Smoke HD M Chill (50 g) CM,tabaco-liar,nacional,3.75
Social Smoke L Chill (200 g),tabaco-liar,nacional,18.95
Social Smoke L Chill (200 g) CM,tabaco-liar,nacional,13.95
Social Smoke L Chill (50 g),tabaco-liar,nacional,4.95
Social Smoke L Chill (50 g) CM,tabaco-liar,nacional,3.75
Social Smoke P Chill (200 g),tabaco-liar,nacional,18.95
Social Smoke P Chill (200 g) CM,tabaco-liar,nacional,13.95
Social Smoke P Chill (50 g),tabaco-liar,nacional,4.95
Social Smoke P Chill (50 g) CM,tabaco-liar,nacional,3.75
Social Smoke P Chill (999 g),tabaco-liar,nacional,82.9
Social Smoke P Chill (999 g) CM,tabaco-liar,nacional,59.9
Social Smoke PST BRZ (200 g),tabaco-liar,nacional,18.95
Social Smoke PST BRZ (200 g) CM,tabaco-liar,nacional,13.95
Social Smoke PST BRZ (50 g),tabaco-liar,nacional,4.95
Social Smoke PST BRZ (50 g) CM,tabaco-liar,nacional,3.75
Social Smoke Twisted (200 g),tabaco-liar,nacional,18.95
Social Smoke Twisted (200 g) CM,tabaco-liar,nacional,13.95
Social Smoke Twisted (50 g),tabaco-liar,nacional,4.95
Social Smoke Twisted (50 g) CM,tabaco-liar,nacional,3.75
Social Smoke White Bear (200 g),tabaco-liar,nacional,18.95
Social Smoke White Bear (200 g) CM,tabaco-liar,nacional,13.95
Social Smoke White Bear (50 g),tabaco-liar,nacional,4.95
Social Smoke White Bear (50 g) CM,tabaco-liar,nacional,3.75
Social Smoke WM Chill (200 g),tabaco-liar,nacional,18.95
Social Smoke WM Chill (200 g) CM,tabaco-liar,nacional,13.95
Social Smoke WM Chill (50 g),tabaco-liar,nacional,4.95
Social Smoke WM Chill (50 g) CM,tabaco-liar,nacional,3.75
Solani Aged Burley Flake/Blend 656 (50 g),tabaco-liar,nacional,19.7
Solani Blau/Blend 369 (50 g),tabaco-liar,nacional,19.7
Solani Festival/Blend 333 (50 g),tabaco-liar,nacional,18
Solani Gold/Blend 779 (50 g),tabaco-liar,nacional,19.7
Solani Grün/Blend 127 (50 g),tabaco-liar,nacional,18
Solani Mystery/Blend 113 (50 g),tabaco-liar,nacional,19.7
Solani Rot/Blend 131 (50 g),tabaco-liar,nacional,19.7
Solani Silver Flake/Blend 660 (100 g),tabaco-liar,nacional,36
Solani Virginia Flake/Blend 633 (50 g),tabaco-liar,nacional,19.7
Sombra Dark Blue KS Box (20),cigarrillos,nacional,5.6
Sovereign Blue 20s (20) Duty Free,cigarrillos,nacional,5.2
Sovereign King Size,otros,nacional,4.3
Special Star (450 g),tabaco-liar,nacional,71.5
Special Star American Blend Tabaco de Pipa (85 g),tabaco-pipa,nacional,6.95
Special Star Negro (90 g),tabaco-liar,nacional,4
Springwater Pipa (50 g),tabaco-pipa,nacional,2.75
St. Bruno Ready Rubbed (50 g),tabaco-liar,nacional,8.9
ST.LOUIS St. Louis Blues Red Filter (10),cigarrillos,nacional,0.29
ST.LOUIS St. Louis Blues Yellow Filter (10),cigarrillos,nacional,0.29
Stanley Maxx (15 g),tabaco-liar,nacional,2.5
Stanley Original Blend (100 g),tabaco-liar,nacional,7.5
Stanley Original Blend (20 g),tabaco-liar,nacional,1.5
Stanley Original Blend (380 g),tabaco-liar,nacional,69
Stanley Original Blend (500 g),tabaco-liar,nacional,35
Stanley Original Blend (999 g),tabaco-liar,nacional,69
Stanwell Kir & Apple (50 g),tabaco-liar,nacional,5.2
Stanwell Melange (50 g),tabaco-liar,nacional,8.7
Stanwell Melange (50 g) CM,tabaco-liar,nacional,8.3
Stanwell Sungold (50 g),tabaco-liar,nacional,8.7
Stanwell Sungold (50 g) CM,tabaco-liar,nacional,8.3
Starbuzz Bold App Doppio (100 g),tabaco-liar,nacional,9.95
Starbuzz Bold Black Ice (100 g),tabaco-liar,nacional,9.95
Starbuzz Bold Black Mist (100 g),tabaco-liar,nacional,9.95
Starbuzz Bold Brown Kiss (100 g),tabaco-liar,nacional,9.95
Starbuzz Bold Brown Kiss (100 g) CM,tabaco-liar,nacional,7.9
Starbuzz Bold Frost Bite (100 g),tabaco-liar,nacional,9.95
Starbuzz Bold Frost Bite (100 g) CM,tabaco-liar,nacional,7.9
Starbuzz Bold G Freeze (100 g),tabaco-liar,nacional,9.95
Starbuzz Bold G Freeze (100 g) CM,tabaco-liar,nacional,7.9
Starbuzz Bold Golden Gee (100 g),tabaco-liar,nacional,9.95
Starbuzz Bold Golden Gee (100 g) CM,tabaco-liar,nacional,7.9
Starbuzz Bold Ice Colossus (100 g),tabaco-liar,nacional,9.95
Starbuzz Bold Indy White (100 g),tabaco-liar,nacional,9.95
Starbuzz Bold Indy White (100 g) CM,tabaco-liar,nacional,7.9
Starbuzz Bold Tropikool Mist (100 g),tabaco-liar,nacional,9.95
Starbuzz Bold Tropikool Mist (100 g) CM,tabaco-liar,nacional,7.9
Starbuzz Bold Tropikool (100 g),tabaco-liar,nacional,9.95
Starbuzz Bold Wet Meli Freeze (100 g),tabaco-liar,nacional,9.95
Starbuzz Bold Wet Meli Freeze (100 g) CM,tabaco-liar,nacional,7.9
Starbuzz Bold White Freeze (100 g),tabaco-liar,nacional,9.95
Starbuzz Bold Yellow Mist (100 g),tabaco-liar,nacional,9.95
Starbuzz Bold Yellow Mist (100 g) CM,tabaco-liar,nacional,7.9
Starbuzz Classic Line Double App (50 g),tabaco-liar,nacional,4.2
Starbuzz Classic Line Double App (50 g) CM,tabaco-liar,nacional,3.7
Starbuzz Classic Line Lmn Mnt (50 g),tabaco-liar,nacional,4.2
Starbuzz Classic Line Lmn Mnt (50 g) CM,tabaco-liar,nacional,3.7
Starbuzz Classic Line O. Mnt (50 g),tabaco-liar,nacional,4.2
Starbuzz Classic Line O. Mnt (50 g) CM,tabaco-liar,nacional,3.7
Starbuzz Classic Line Royal Grp (50 g),tabaco-liar,nacional,4.2
Starbuzz Classic Line Royal Grp (50 g) CM,tabaco-liar,nacional,3.7
Starbuzz Egyptian Pharos picadura shisha lata (100 g),tabaco-liar,nacional,9.95
Starbuzz Egyptian Pharos picadura shisha lata (100 g) CM,tabaco-liar,nacional,7.9
Starbuzz Exotic Blue Mist (100 g),tabaco-liar,nacional,9.95
Starbuzz Exotic Blue Mist (100 g) CM,tabaco-liar,nacional,7.9
Starbuzz Exotic Blue Surfer Picadura Shisha Lata (100 g),tabaco-liar,nacional,9.95
Starbuzz Exotic Blue Surfer Picadura Shisha Lata (100 g) CM,tabaco-liar,nacional,7.9
Starbuzz Exotic Cosmopolitan Picadura Shisha Lata (100 g),tabaco-liar,nacional,9.95
Starbuzz Exotic Cosmopolitan Picadura Shisha Lata (100 g) CM,tabaco-liar,nacional,7.9
Starbuzz Exotic Cucu Jumbo picadura shisha bote (1000 g),tabaco-liar,nacional,96.95
Starbuzz Exotic Fuzzy Naval (100 g),tabaco-liar,nacional,9.95
Starbuzz Exotic Fuzzy Naval (100 g) CM,tabaco-liar,nacional,7.9
Starbuzz Exotic Geisha (100 g),tabaco-liar,nacional,9.95
Starbuzz Exotic Geisha (100 g) CM,tabaco-liar,nacional,7.9
Starbuzz Exotic Green Savior (100 g),tabaco-liar,nacional,9.95
Starbuzz Exotic Green Savior (100 g) CM,tabaco-liar,nacional,7.9
Starbuzz Exotic Irish Kiss (100 g),tabaco-liar,nacional,9.95
Starbuzz Exotic Irish Kiss (100 g) CM,tabaco-liar,nacional,7.9
Starbuzz Exotic Jack The Ripper Picadura Shisha Lata (100 g),tabaco-liar,nacional,9.95
Starbuzz Exotic Lebanese Bomb Shell (100 g),tabaco-liar,nacional,9.95
Starbuzz Exotic Lebanese Bomb Shell (100 g) CM,tabaco-liar,nacional,7.9
Starbuzz Exotic Mighty Freeze Picadura Shisha Lata (100 g),tabaco-liar,nacional,9.95
Starbuzz Exotic Mighty Freeze Picadura Shisha Lata (100 g) CM,tabaco-liar,nacional,7.9
Starbuzz Exotic Mijoti Picadura Shisha Lata (100 g),tabaco-liar,nacional,9.95
Starbuzz Exotic Pink (100 g),tabaco-liar,nacional,9.95
Starbuzz Exotic Pink (100 g) CM,tabaco-liar,nacional,7.9
Starbuzz Exotic Pink Chica Picadura Shisha Lata (100 g),tabaco-liar,nacional,9.95
Starbuzz Exotic Pink Chica Picadura Shisha Lata (100 g) CM,tabaco-liar,nacional,7.9
Starbuzz Exotic Pink picadura shisha bote (1000 g),tabaco-liar,nacional,96.95
Starbuzz Exotic Pirate's Cave (100 g),tabaco-liar,nacional,9.95
Starbuzz Exotic Pirate's Cave (100 g) CM,tabaco-liar,nacional,7.9
Starbuzz Exotic Pumpkin Pie (100 g),tabaco-liar,nacional,9.5
Starbuzz Exotic Pumpkin Pie (100 g) CM,tabaco-liar,nacional,6.6
Starbuzz Exotic Queen Of Sex (100 g),tabaco-liar,nacional,9.95
Starbuzz Exotic Queen Of Sex (100 g) CM,tabaco-liar,nacional,7.9
Starbuzz Exotic Winter Fresh (100 g),tabaco-liar,nacional,9.95
Starbuzz Exotic Winter Fresh (100 g) CM,tabaco-liar,nacional,7.9
Starbuzz French Buzz picadura shisha lata (100 g),tabaco-liar,nacional,9.95
Starbuzz French Buzz picadura shisha lata (100 g) CM,tabaco-liar,nacional,7.9
Starbuzz Pineana Freeze Shisha (100 g),tabaco-liar,nacional,9.95
Starbuzz Pineana Freeze Shisha (100 g) CM,tabaco-liar,nacional,7.9
Starbuzz Regular Anjou Chill (100 g),tabaco-liar,nacional,9.95
Starbuzz Regular Anjou Chill (100 g) CM,tabaco-liar,nacional,7.9
Starbuzz Regular Blue Dew (100 g),tabaco-liar,nacional,9.95
Starbuzz Regular Blue Gee (100 g),tabaco-liar,nacional,9.95
Starbuzz Regular Blue Gee (100 g) CM,tabaco-liar,nacional,7.9
Starbuzz Regular Cito Mist (100 g),tabaco-liar,nacional,9.95
Starbuzz Regular Code 0690 (100 g),tabaco-liar,nacional,9.95
Starbuzz Regular Cucu Jumbo (100 g),tabaco-liar,nacional,9.95
Starbuzz Regular Cucu Jumbo (100 g) CM,tabaco-liar,nacional,7.9
Starbuzz Regular Double App (100 g),tabaco-liar,nacional,9.95
Starbuzz Regular Double App (100 g) CM,tabaco-liar,nacional,7.9
Starbuzz Regular Green Charge (100 g),tabaco-liar,nacional,9.95
Starbuzz Regular Green Charge (100 g) CM,tabaco-liar,nacional,7.9
Starbuzz Regular Kaktus Chill (100 g),tabaco-liar,nacional,9.95
Starbuzz Regular Kaktus Chill (100 g) CM,tabaco-liar,nacional,7.9
Starbuzz Regular Passionova (100 g),tabaco-liar,nacional,9.95
Starbuzz Regular Passionova (100 g) CM,tabaco-liar,nacional,7.9
Starbuzz Regular Pineana (100 g),tabaco-liar,nacional,9.95
Starbuzz Regular Pineana (100 g) CM,tabaco-liar,nacional,7.9
Starbuzz Regular Pinolada (100 g),tabaco-liar,nacional,9.95
Starbuzz Regular Razzy (100 g),tabaco-liar,nacional,9.95
Starbuzz Regular Razzy (100 g) CM,tabaco-liar,nacional,7.9
Starbuzz Regular Royal Gee (100 g),tabaco-liar,nacional,9.95
Starbuzz Regular Royal Gee (100 g) CM,tabaco-liar,nacional,7.9
Starbuzz Regular Safari M Dew (100 g),tabaco-liar,nacional,9.95
Starbuzz Regular Safari M Dew (100 g) CM,tabaco-liar,nacional,7.9
Starbuzz Regular Strawmargita (100 g),tabaco-liar,nacional,9.95
Starbuzz Regular Sweet Meli (100 g),tabaco-liar,nacional,9.95
Starbuzz Regular Tangi Dream (100 g),tabaco-liar,nacional,9.95
Starbuzz Regular White Delight (100 g),tabaco-liar,nacional,9.95
Starbuzz Regular White Delight (100 g) CM,tabaco-liar,nacional,7.9
Starbuzz Regular White Nec (100 g),tabaco-liar,nacional,9.95
Starbuzz Regular White Nec (100 g) CM,tabaco-liar,nacional,7.9
Starbuzz Regular Yellow Freeze (100 g),tabaco-liar,nacional,9.95
Starbuzz Regular Yellow Freeze (100 g) CM,tabaco-liar,nacional,7.9
Starbuzz Regular Yellow T (100 g),tabaco-liar,nacional,9.95
Starbuzz Sexy Beach picadura shisha lata (100 g),tabaco-liar,nacional,9.95
Starbuzz Sexy Beach picadura shisha lata (100 g) CM,tabaco-liar,nacional,7.9
Starbuzz Vintage Cheers! (80 g),tabaco-liar,nacional,8.95
Starbuzz Vintage Cheers! (80 g) CM,tabaco-liar,nacional,6.4
Starbuzz Vintage Dark Winilla (80 g),tabaco-liar,nacional,8.95
Starbuzz Vintage Dark Winilla (80 g) CM,tabaco-liar,nacional,6.4
Starbuzz Vintage Delhi T (80 g),tabaco-liar,nacional,8.95
Starbuzz Vintage Delhi T (80 g) CM,tabaco-liar,nacional,6.4
Starbuzz Vintage Fresh Cito (80 g),tabaco-liar,nacional,8.95
Starbuzz Vintage Fresh Cito (80 g) CM,tabaco-liar,nacional,6.4
Starbuzz Vintage Hunny Dew Me (80 g),tabaco-liar,nacional,8.95
Starbuzz Vintage Hunny Dew Me (80 g) CM,tabaco-liar,nacional,6.4
Starbuzz Vintage Indian App Kick ® (50 g),tabaco-liar,nacional,4.3
Starbuzz Vintage Plus Alaskan Freeze® (50 g),tabaco-liar,nacional,4.3
Starbuzz Vintage Plus Cheers! (50 g),tabaco-liar,nacional,4.3
Starbuzz Vintage Plus Colombian Kick (50 g),tabaco-liar,nacional,4.3
Starbuzz Vintage Plus Dark Caribbean (50 g),tabaco-liar,nacional,4.3
Starbuzz Vintage Plus Dark Mist (50 g),tabaco-liar,nacional,4.3
Starbuzz Vintage Plus Dark Valencia (50 g),tabaco-liar,nacional,4.3
Starbuzz Vintage Plus Dark Winilla (50 g),tabaco-liar,nacional,4.3
Starbuzz Vintage Plus Delhi T (50 g),tabaco-liar,nacional,4.3
Starbuzz Vintage Plus Fresh Cito (50 g),tabaco-liar,nacional,4.3
Starbuzz Vintage Plus Fuzzy Kick (50 g),tabaco-liar,nacional,4.3
Starbuzz Vintage Plus Green Savior (50 g),tabaco-liar,nacional,4.3
Starbuzz Vintage Plus Hunny Dew Me (50 g),tabaco-liar,nacional,4.3
Starbuzz Vintage Plus Kick Me Red (50 g),tabaco-liar,nacional,4.3
Starbuzz Vintage Plus La Dominikana (50 g),tabaco-liar,nacional,4.3
Starbuzz Vintage Plus La Dominikana (50 g) CM,tabaco-liar,nacional,4.15
Starbuzz Vintage Plus Morning Breeze® (50 g),tabaco-liar,nacional,4.3
Starbuzz Vintage Plus Shanghai Passion (50 g),tabaco-liar,nacional,4.3
Starbuzz Vintage Plus Timisue (50 g),tabaco-liar,nacional,4.3
Starbuzz Vintage Plus Tokyo Kick (50 g),tabaco-liar,nacional,4.3
Starbuzz Vintage Plus White Mist® (50 g),tabaco-liar,nacional,4.3
Starbuzz Vintage Timisue (80 g),tabaco-liar,nacional,8.95
Starbuzz Vintage Timisue (80 g) CM,tabaco-liar,nacional,6.4
Starbuzz White Bear picadura shisha lata (100 g),tabaco-liar,nacional,9.95
Starbuzz White Bear picadura shisha lata (100 g) CM,tabaco-liar,nacional,7.9
Starline Asian Blaze (200 g),tabaco-liar,nacional,19.49
Starline Asian Blaze (50 g),tabaco-liar,nacional,4.99
Starline Belgian Morning (200 g),tabaco-liar,nacional,19.49
Starline Belgian Morning (50 g),tabaco-liar,nacional,4.99
Starline Black Glace (50 g),tabaco-liar,nacional,4.99
Starline Blue Crump (200 g),tabaco-liar,nacional,19.49
Starline Blue Crump (50 g),tabaco-liar,nacional,4.99
Starline Crimson Boom (50 g),tabaco-liar,nacional,4.99
Starline Dreamy White (50 g),tabaco-liar,nacional,4.99
Starline Emerald Touch (50 g),tabaco-liar,nacional,4.99
Starline Exotic Mix (50 g),tabaco-liar,nacional,4.99
Starline French Puff (200 g),tabaco-liar,nacional,19.49
Starline French Puff (50 g),tabaco-liar,nacional,4.99
Starline Grainy Red (50 g),tabaco-liar,nacional,4.99
Starline Mellow Yellow (50 g),tabaco-liar,nacional,4.99
Starline Purple Dreams (50 g),tabaco-liar,nacional,4.99
Starline Summer Fizz (50 g),tabaco-liar,nacional,4.99
Starline Sunny Burst (50 g),tabaco-liar,nacional,4.99
Starline Thai Sunrise (50 g),tabaco-liar,nacional,4.99
Starline Tropic Chi (200 g),tabaco-liar,nacional,19.49
Starline Tropic Chi (50 g),tabaco-liar,nacional,4.99
Starline Violet Charm (200 g),tabaco-liar,nacional,19.49
Starline Violet Charm (50 g),tabaco-liar,nacional,4.99
Starline Wild Drops (50 g),tabaco-liar,nacional,4.99
STATOS DE LUXE Brevas,otros,nacional,0.85
STATOS DE LUXE Brevas CM,otros,nacional,0.73
STATOS DE LUXE Delirios,otros,nacional,1.2
STATOS DE LUXE Delirios CM,otros,nacional,1.05
STATOS DE LUXE Selectos,otros,nacional,1.7
STATOS DE LUXE Selectos CM,otros,nacional,1.42
Steeple Mezcla Americana (125 g),tabaco-liar,nacional,21.65
Steeple Mezcla Americana (350 g),tabaco-liar,nacional,71
Steeple Mezcla Americana (350 g) CM,tabaco-liar,nacional,39.65
Steeple Negro (70 g),tabaco-liar,nacional,14.25
Steeple Negro (70 g) CM,tabaco-liar,nacional,7.9
Sterling Dual,otros,nacional,7.2
Sterling King Size,otros,nacional,7.2
Sterling Superking Blue,otros,nacional,6.95
Sterling Superkings,otros,nacional,7.2
Sting Lata (60 g),tabaco-liar,nacional,2.25
Stral Alberino (200 g),tabaco-liar,nacional,17.9
Stral Alberino (50 g),tabaco-liar,nacional,5
Stral Black Mln (200 g),tabaco-liar,nacional,17.9
Stral Black Mln (50 g),tabaco-liar,nacional,5
Stral Huwa (200 g),tabaco-liar,nacional,17.9
Stral Huwa (50 g),tabaco-liar,nacional,5
Stral Kiva (200 g),tabaco-liar,nacional,17.9
Stral Kiva (50 g),tabaco-liar,nacional,5
Stral Lit Schi (200 g),tabaco-liar,nacional,17.9
Stral Lit Schi (50 g),tabaco-liar,nacional,5
Stral Mancoton (200 g),tabaco-liar,nacional,17.9
Stral Mancoton (50 g),tabaco-liar,nacional,5
Stral Ness Ti (200 g),tabaco-liar,nacional,17.9
Stral Ness Ti (50 g),tabaco-liar,nacional,5
Stral The Rza (200 g),tabaco-liar,nacional,17.9
Stral The Rza (50 g),tabaco-liar,nacional,5
Stral Tik Tok (200 g),tabaco-liar,nacional,17.9
Stral Tik Tok (50 g),tabaco-liar,nacional,5
Street Smoke Angel Face (50 g),tabaco-liar,nacional,4.55
Street Smoke Artic Prince (200 g),tabaco-liar,nacional,17.5
Street Smoke Artic Prince (50 g),tabaco-liar,nacional,4.55
Street Smoke Barista (200g),tabaco-liar,nacional,17.5
Street Smoke Barista (50 g),tabaco-liar,nacional,4.55
Street Smoke Bartender (50 g),tabaco-liar,nacional,4.55
Street Smoke Beach With A P (200 g),tabaco-liar,nacional,17.5
Street Smoke Beach With A P (50 g),tabaco-liar,nacional,4.55
Street Smoke Blue Beast (50 g),tabaco-liar,nacional,4.55
Street Smoke Blue Beast (50 g) CM,tabaco-liar,nacional,3.2
Street Smoke Booty (50 g),tabaco-liar,nacional,4.55
Street Smoke Booty (50 g) CM,tabaco-liar,nacional,3.2
Street Smoke Bro (50 g),tabaco-liar,nacional,4.55
Street Smoke Bro (50 g) CM,tabaco-liar,nacional,3.2
Street Smoke Desert Dream (200 g),tabaco-liar,nacional,17.5
Street Smoke Desert Dream (50 g),tabaco-liar,nacional,4.55
Street Smoke Dr. Street (50 g),tabaco-liar,nacional,4.55
Street Smoke Green Craze (50 g),tabaco-liar,nacional,4.55
Street Smoke Gypsy Queen (50 g),tabaco-liar,nacional,4.55
Street Smoke Habibo (200 g),tabaco-liar,nacional,17.5
Street Smoke Habibo (50 g),tabaco-liar,nacional,4.55
Street Smoke Machine (50 g),tabaco-liar,nacional,4.55
Street Smoke Machine (50 g) CM,tabaco-liar,nacional,3.2
Street Smoke MBA P (50 g),tabaco-liar,nacional,4.55
Street Smoke MBA P (50 g) CM,tabaco-liar,nacional,3.2
Street Smoke Mic Drop (200 g),tabaco-liar,nacional,17.5
Street Smoke Mic Drop (50 g),tabaco-liar,nacional,4.55
Street Smoke Mr. Grumpy (50 g),tabaco-liar,nacional,4.55
Street Smoke Mrs. Pink (50 g),tabaco-liar,nacional,4.55
Street Smoke Namaste (50 g),tabaco-liar,nacional,4.55
Street Smoke Namaste (50 g) CM,tabaco-liar,nacional,3.2
Street Smoke Red Charm (50 g),tabaco-liar,nacional,4.55
Street Smoke Russian Roulette (50 g),tabaco-liar,nacional,4.55
Street Smoke Scar (50 g),tabaco-liar,nacional,4.55
Street Smoke Scar (50 g) CM,tabaco-liar,nacional,3.2
Street Smoke Street Love (50 g),tabaco-liar,nacional,4.55
Street Smoke Street Love (50 g) CM,tabaco-liar,nacional,3.2
Street Smoke The Boss (200 g),tabaco-liar,nacional,17.5
Street Smoke The Boss (50 g),tabaco-liar,nacional,4.55
Street Smoke Yummy (50 g),tabaco-liar,nacional,4.55
SUNRISE Tropical Taste (El envase de 20),otros,nacional,3.2
Superkings,otros,nacional,7.9
Superkings Blue,otros,nacional,7.9
Surfside Choco,otros,nacional,4
Surfside Choco  CM,otros,nacional,2.5
Surfside Cubalibre Flavor,tabaco-liar,nacional,4
Surfside Cubalibre Flavor CM,tabaco-liar,nacional,2.5
Surfside Mango Tropic Flavor,otros,nacional,4
Surfside Mango Tropic Flavor CM,otros,nacional,2.5
Surfside Mojito Flavor,otros,nacional,4
Surfside Mojito Flavor CM,otros,nacional,2.5
Surfside Piña Colada Flavor,otros,nacional,4
Surfside Piña Colada Flavor CM,otros,nacional,2.5
Surfside Tequila Sunrise Flavor,otros,nacional,4
Surfside Tequila Sunrise Flavor CM,otros,nacional,2.5
Surfside Vanilla Flavor,otros,nacional,4
Surfside Vanilla Flavor CM,otros,nacional,2.5
Sweet Dublin Mixture (50 g),tabaco-liar,nacional,5.6
T.Radford Sunday S Fant. (50 g),tabaco-liar,nacional,5.7
T.Radford Sunday S Fant. (50 g) CM,tabaco-liar,nacional,5.2
TABAC LA JUNEDENCA T la J,otros,nacional,0.36
TABACALERA ZAPATA Tabacalera Zapata Petit Corona 4X46 (20),cigarrillos,nacional,6.9
TABACALERA ZAPATA Tabacalera Zapata Robusto 5X52 (20),cigarrillos,nacional,8.9
TABACALERA ZAPATA Tabacalera Zapata Toro 6X54 (20),cigarrillos,nacional,10.5
TABACALERA ZAPATA Z-1 (24),cigarrillos,nacional,0.9
TABACALERA ZAPATA Z-2 (24),cigarrillos,nacional,1
TABACALERA ZAPATA Z-3 (24),cigarrillos,nacional,1.1
TABACALERA ZAPATA Z-4 (24),cigarrillos,nacional,1.2
TABACALERA ZAPATA ZG PW (25),cigarrillos,nacional,0.75
TABACALERA ZAPATA ZR PW (25),cigarrillos,nacional,0.6
TABACALERA ZAPATA ZT PW (25),cigarrillos,nacional,0.7
Tabacco Way - Be Happy - Golden Virginia (150 g),tabaco-liar,nacional,15
Tabacco Way - Be Happy - Golden Virginia (150 g) CM,tabaco-liar,nacional,12
Tabacco Way - Be Happy - Golden Virginia (250 g),tabaco-liar,nacional,24.5
Tabacco Way - Be Happy - Golden Virginia (250 g) CM,tabaco-liar,nacional,19.6
Tabacco Way - Be Happy - Golden Virginia (50 g),tabaco-liar,nacional,5.1
Tabacco Way - Be Happy - Golden Virginia (50 g) CM,tabaco-liar,nacional,4
Tabacco Way - Brazilian Spirit Tobacco - American Blend (150 g) - Bolsa,tabaco-liar,nacional,15.6
Tabacco Way - Brazilian Spirit Tobacco - American Blend (150 g) - Bolsa CM,tabaco-liar,nacional,12.4
Tabacco Way - Brazilian Spirit Tobacco - American Blend (50 g) - Petaca,tabaco-liar,nacional,5.5
Tabacco Way - Brazilian Spirit Tobacco - American Blend (50 g) - Petaca CM,tabaco-liar,nacional,4.4
Tabacco Way - Brazilian Spirit Tobacco - Brazilian Blend (150 g) - Bolsa,tabaco-liar,nacional,15.6
Tabacco Way - Brazilian Spirit Tobacco - Brazilian Blend (150 g) - Bolsa CM,tabaco-liar,nacional,12.4
Tabacco Way - Brazilian Spirit Tobacco - Brazilian Blend (50 g) - Petaca,tabaco-liar,nacional,5.4
Tabacco Way - Brazilian Spirit Tobacco - Brazilian Blend (50 g) - Petaca CM,tabaco-liar,nacional,4.4
Tabacco Way - Brazilian Spirit Tobacco - Oriental Blend (150 g) - Bolsa,tabaco-liar,nacional,15.6
Tabacco Way - Brazilian Spirit Tobacco - Oriental Blend (150 g) - Bolsa CM,tabaco-liar,nacional,12.4
Tabacco Way - Brazilian Spirit Tobacco - Oriental Blend (50 g) - Petaca,tabaco-liar,nacional,5.5
Tabacco Way - Brazilian Spirit Tobacco - Oriental Blend (50 g) - Petaca CM,tabaco-liar,nacional,4.4
Tabacco Way - Doctor Pipe - Dark Diamond (50 g) - Lata,tabaco-liar,nacional,11.1
Tabacco Way - Doctor Pipe - Dark Diamond (50 g) - Lata CM,tabaco-liar,nacional,8.9
Tabacco Way - Doctor Pipe - Dark Diamond (50 g) - Petaca,tabaco-liar,nacional,7.8
Tabacco Way - Doctor Pipe - Dark Diamond (50 g) - Petaca CM,tabaco-liar,nacional,6.2
Tabacco Way - Doctor Pipe - Dark Fired (50 g) - Lata,tabaco-liar,nacional,8.95
Tabacco Way - Doctor Pipe - Dark Fired (50 g) - Lata CM,tabaco-liar,nacional,7.2
Tabacco Way - Doctor Pipe - Dark Fired (50 g) - Petaca,tabaco-liar,nacional,5.65
Tabacco Way - Doctor Pipe - Dark Fired (50 g) - Petaca CM,tabaco-liar,nacional,4.5
Tabacco Way - Doctor Pipe - English Blend (50 g) - Lata,tabaco-liar,nacional,11.15
Tabacco Way - Doctor Pipe - English Blend (50 g) - Lata CM,tabaco-liar,nacional,8.9
Tabacco Way - Doctor Pipe - English Blend (50 g) - Petaca,tabaco-liar,nacional,7.8
Tabacco Way - Doctor Pipe - English Blend (50 g) - Petaca CM,tabaco-liar,nacional,6.2
Tabacco Way - Doctor Pipe - Latakia (50 g) - Lata,tabaco-liar,nacional,12.7
Tabacco Way - Doctor Pipe - Latakia (50 g) - Lata CM,tabaco-liar,nacional,9.9
Tabacco Way - Doctor Pipe - Latakia (50 g) - Petaca,tabaco-liar,nacional,9.4
Tabacco Way - Doctor Pipe - Latakia (50 g) - Petaca CM,tabaco-liar,nacional,7.5
Tabacco Way - Doctor Pipe - Royal (50 g) - Lata,tabaco-liar,nacional,9.65
Tabacco Way - Doctor Pipe - Royal (50 g) - Lata CM,tabaco-liar,nacional,7.5
Tabacco Way - Doctor Pipe - Royal (50 g) - Petaca,tabaco-liar,nacional,6.35
Tabacco Way - Doctor Pipe - Royal (50 g) - Petaca CM,tabaco-liar,nacional,5
Tabacco Way - Doctor Pipe - Scottish Mixture (50 g) - Lata,tabaco-liar,nacional,9.85
Tabacco Way - Doctor Pipe - Scottish Mixture (50 g) - Lata CM,tabaco-liar,nacional,7.9
Tabacco Way - Doctor Pipe - Scottish Mixture (50 g) - Petaca,tabaco-liar,nacional,6.55
Tabacco Way - Doctor Pipe - Scottish Mixture (50 g) - Petaca CM,tabaco-liar,nacional,5.2
Tabacco Way - D'Ora - Golden Virginia (150 g),tabaco-liar,nacional,15
Tabacco Way - D'Ora - Golden Virginia (150 g) CM,tabaco-liar,nacional,12
Tabacco Way - D'Ora - Golden Virginia (250 g),tabaco-liar,nacional,24.5
Tabacco Way - D'Ora - Golden Virginia (250 g) CM,tabaco-liar,nacional,19.6
Tabacco Way - D'Ora - Golden Virginia (50 g),tabaco-liar,nacional,5.1
Tabacco Way - D'Ora - Golden Virginia (50 g) CM,tabaco-liar,nacional,4
TABACS JUNEDA Caliqueños (20),cigarrillos,nacional,1
TABACS JUNEDA Caliqueños (50),cigarrillos,nacional,1
TABAK ESPECIAL Tabak Especial Medio 4 X 32 (10),cigarrillos,nacional,2.6
TABAK ESPECIAL Tabak Especial Oscuro 4 X 32 (10),cigarrillos,nacional,2.6
TABANTILLAS Brevas,otros,nacional,0.9
TABANTILLAS Country Club,otros,nacional,3.01
Taboo Alien Twist (200 g),tabaco-liar,nacional,16.5
Taboo Alien Twist (200 g) CM,tabaco-liar,nacional,10.5
Taboo Alien Twist (50 g),tabaco-liar,nacional,4.5
Taboo Alien Twist (50 g) CM,tabaco-liar,nacional,2.9
Taboo Alpine Spirit (200 g),tabaco-liar,nacional,16.5
Taboo Alpine Spirit (200 g) CM,tabaco-liar,nacional,10.5
Taboo Alpine Spirit (50 g),tabaco-liar,nacional,4.5
Taboo Alpine Spirit (50 g) CM,tabaco-liar,nacional,2.9
Taboo American Pay (200 g),tabaco-liar,nacional,16.5
Taboo American Pay (200 g) CM,tabaco-liar,nacional,10.5
Taboo American Pay (25 g),tabaco-liar,nacional,1.95
Taboo American Pay (50 g),tabaco-liar,nacional,4.5
Taboo American Pay (50 g) CM,tabaco-liar,nacional,2.9
Taboo Bahama Mama (200 g),tabaco-liar,nacional,16.5
Taboo Bahama Mama (200 g) CM,tabaco-liar,nacional,10.5
Taboo Bahama Mama (50 g),tabaco-liar,nacional,4.5
Taboo Bahama Mama (50 g) CM,tabaco-liar,nacional,2.9
Taboo Bikini Sunset (200 g),tabaco-liar,nacional,16.5
Taboo Bikini Sunset (200 g) CM,tabaco-liar,nacional,10.5
Taboo Bikini Sunset (50 g),tabaco-liar,nacional,4.5
Taboo Bikini Sunset (50 g) CM,tabaco-liar,nacional,2.9
Taboo Black Banaloco (50g),tabaco-liar,nacional,4.5
Taboo Black Crunch (50g),tabaco-liar,nacional,4.5
Taboo Black Limousine (200 g),tabaco-liar,nacional,16.5
Taboo Black Limousine (200 g) CM,tabaco-liar,nacional,10.5
Taboo Black Limousine (50 g),tabaco-liar,nacional,4.5
Taboo Black Limousine (50 g) CM,tabaco-liar,nacional,2.9
Taboo Black Splash (50g),tabaco-liar,nacional,4.5
Taboo Black Vanla Sky (50g),tabaco-liar,nacional,4.5
Taboo Black Volcano (50 g),tabaco-liar,nacional,4.5
Taboo Blizzardina (200 g),tabaco-liar,nacional,16.5
Taboo Blizzardina (200 g) CM,tabaco-liar,nacional,10.5
Taboo Blizzardina (50 g),tabaco-liar,nacional,4.5
Taboo Blizzardina (50 g) CM,tabaco-liar,nacional,2.9
Taboo Blue Bay (200 g),tabaco-liar,nacional,16.5
Taboo Blue Bay (200 g) CM,tabaco-liar,nacional,10.5
Taboo Blue Bay (25 g),tabaco-liar,nacional,1.95
Taboo Blue Bay (50 g),tabaco-liar,nacional,4.5
Taboo Blue Bay (50 g) CM,tabaco-liar,nacional,2.9
Taboo Brutal Choice (200 g),tabaco-liar,nacional,16.5
Taboo Brutal Choice (200 g) CM,tabaco-liar,nacional,10.5
Taboo Brutal Choice (50 g),tabaco-liar,nacional,4.5
Taboo Brutal Choice (50 g) CM,tabaco-liar,nacional,2.9
Taboo Car Melo (50 g),tabaco-liar,nacional,4.5
Taboo Car Melo (50 g) CM,tabaco-liar,nacional,2.9
Taboo Caribbean Cruise (200 g),tabaco-liar,nacional,16.5
Taboo Caribbean Cruise (200 g) CM,tabaco-liar,nacional,10.5
Taboo Caribbean Cruise (50 g),tabaco-liar,nacional,4.5
Taboo Caribbean Cruise (50 g) CM,tabaco-liar,nacional,2.9
Taboo Casanova Dream (200 g),tabaco-liar,nacional,16.5
Taboo Casanova Dream (200 g) CM,tabaco-liar,nacional,10.5
Taboo Casanova Dream (50 g),tabaco-liar,nacional,4.5
Taboo Casanova Dream (50 g) CM,tabaco-liar,nacional,2.9
Taboo Cinna Mill (200 g),tabaco-liar,nacional,16.5
Taboo Cinna Mill (200 g) CM,tabaco-liar,nacional,10.5
Taboo Cinna Mill (50 g),tabaco-liar,nacional,4.5
Taboo Cinna Mill (50 g) CM,tabaco-liar,nacional,2.9
Taboo Cool Sunrise (200 g),tabaco-liar,nacional,16.5
Taboo Cool Sunrise (200 g) CM,tabaco-liar,nacional,10.5
Taboo Cool Sunrise (50 g),tabaco-liar,nacional,4.5
Taboo Cool Sunrise (50 g) CM,tabaco-liar,nacional,2.9
Taboo Copa Cabana (200 g),tabaco-liar,nacional,16.5
Taboo Copa Cabana (200 g) CM,tabaco-liar,nacional,10.5
Taboo Copa Cabana (50 g),tabaco-liar,nacional,4.5
Taboo Copa Cabana (50 g) CM,tabaco-liar,nacional,2.9
Taboo Cumulus (200 g),tabaco-liar,nacional,16.5
Taboo Cumulus (200 g) CM,tabaco-liar,nacional,10.5
Taboo Cumulus (50 g),tabaco-liar,nacional,4.5
Taboo Cumulus (50 g) CM,tabaco-liar,nacional,2.9
Taboo Dancing Queen (200 g),tabaco-liar,nacional,16.5
Taboo Dancing Queen (200 g) CM,tabaco-liar,nacional,10.5
Taboo Dancing Queen (50 g),tabaco-liar,nacional,4.5
Taboo Dancing Queen (50 g) CM,tabaco-liar,nacional,2.9
Taboo Dancing Queen (950 g),tabaco-liar,nacional,71.9
Taboo Dancing Queen (950 g) CM,tabaco-liar,nacional,41.5
Taboo Darkum (200 g),tabaco-liar,nacional,16.5
Taboo Darkum (200 g) CM,tabaco-liar,nacional,10.5
Taboo Darkum (50 g),tabaco-liar,nacional,4.5
Taboo Darkum (50 g) CM,tabaco-liar,nacional,2.9
Taboo Five O'Clock (200 g),tabaco-liar,nacional,16.5
Taboo Five O'Clock (200 g) CM,tabaco-liar,nacional,10.5
Taboo Five O'Clock (50 g),tabaco-liar,nacional,4.5
Taboo Five O'Clock (50 g) CM,tabaco-liar,nacional,2.9
Taboo French Kiss (200 g),tabaco-liar,nacional,16.5
Taboo French Kiss (200 g) CM,tabaco-liar,nacional,10.5
Taboo French Kiss (50 g),tabaco-liar,nacional,4.5
Taboo French Kiss (50 g) CM,tabaco-liar,nacional,2.9
Taboo French Kss (200 g),tabaco-liar,nacional,16.5
Taboo French Kss (200 g) CM,tabaco-liar,nacional,10.5
Taboo French Kss (50 g),tabaco-liar,nacional,4.5
Taboo French Kss (50 g) CM,tabaco-liar,nacional,2.9
Taboo French Kss (950 g),tabaco-liar,nacional,71.9
Taboo French Kss (950 g) CM,tabaco-liar,nacional,41.5
Taboo Game Over (200 g),tabaco-liar,nacional,16.5
Taboo Game Over (200 g) CM,tabaco-liar,nacional,10.5
Taboo Game Over (50 g),tabaco-liar,nacional,4.5
Taboo Game Over (50 g) CM,tabaco-liar,nacional,2.9
Taboo Golden Eye  (200 g),tabaco-liar,nacional,16.5
Taboo Golden Eye  (200 g) CM,tabaco-liar,nacional,10.5
Taboo Golden Eye  (50 g),tabaco-liar,nacional,4.5
Taboo Golden Eye  (50 g) CM,tabaco-liar,nacional,2.9
Taboo Hakuna Matata (200 g),tabaco-liar,nacional,16.5
Taboo Hakuna Matata (200 g) CM,tabaco-liar,nacional,10.5
Taboo Hakuna Matata (50 g),tabaco-liar,nacional,4.5
Taboo Hakuna Matata (50 g) CM,tabaco-liar,nacional,2.9
Taboo Indian Summer (200 g),tabaco-liar,nacional,16.5
Taboo Indian Summer (200 g) CM,tabaco-liar,nacional,10.5
Taboo Indian Summer (50 g),tabaco-liar,nacional,4.5
Taboo Indian Summer (50 g) CM,tabaco-liar,nacional,2.9
Taboo Irish Dream (200 g),tabaco-liar,nacional,16.5
Taboo Irish Dream (200 g) CM,tabaco-liar,nacional,10.5
Taboo Irish Dream (50 g),tabaco-liar,nacional,4.5
Taboo Irish Dream (50 g) CM,tabaco-liar,nacional,2.9
Taboo Italian Passion (200 g),tabaco-liar,nacional,16.5
Taboo Italian Passion (200 g) CM,tabaco-liar,nacional,10.5
Taboo Italian Passion (50 g),tabaco-liar,nacional,4.5
Taboo Italian Passion (50 g) CM,tabaco-liar,nacional,2.9
Taboo Jungle (200 g),tabaco-liar,nacional,16.5
Taboo Jungle (200 g) CM,tabaco-liar,nacional,10.5
Taboo Jungle (50 g),tabaco-liar,nacional,4.5
Taboo Jungle (50 g) CM,tabaco-liar,nacional,2.9
Taboo Lucky (50 g),tabaco-liar,nacional,4.5
Taboo Lucky (50 g) CM,tabaco-liar,nacional,2.9
Taboo Mambo (200 g),tabaco-liar,nacional,16.5
Taboo Mambo (200 g) CM,tabaco-liar,nacional,10.5
Taboo Mambo (50 g),tabaco-liar,nacional,4.5
Taboo Mambo (50 g) CM,tabaco-liar,nacional,2.9
Taboo Misguided (200 g),tabaco-liar,nacional,16.5
Taboo Misguided (200 g) CM,tabaco-liar,nacional,10.5
Taboo Misguided (50 g),tabaco-liar,nacional,4.5
Taboo Misguided (50 g) CM,tabaco-liar,nacional,2.9
Taboo Moonwalk (200 g),tabaco-liar,nacional,16.5
Taboo Moonwalk (200 g) CM,tabaco-liar,nacional,10.5
Taboo Moonwalk (50 g),tabaco-liar,nacional,4.5
Taboo Moonwalk (50 g) CM,tabaco-liar,nacional,2.9
Taboo Mystic China (200 g),tabaco-liar,nacional,16.5
Taboo Mystic China (200 g) CM,tabaco-liar,nacional,10.5
Taboo Mystic China (50 g),tabaco-liar,nacional,4.5
Taboo Mystic China (50 g) CM,tabaco-liar,nacional,2.9
Taboo Over The Rainbow (200 g),tabaco-liar,nacional,16.5
Taboo Over The Rainbow (200 g) CM,tabaco-liar,nacional,10.5
Taboo Over The Rainbow (25 g),tabaco-liar,nacional,1.95
Taboo Over The Rainbow (25 g) CM,tabaco-liar,nacional,1.15
Taboo Over The Rainbow (50 g),tabaco-liar,nacional,4.5
Taboo Over The Rainbow (50 g) CM,tabaco-liar,nacional,2.9
Taboo Over The Rainbow (950 g),tabaco-liar,nacional,71.9
Taboo Over The Rainbow (950 g) CM,tabaco-liar,nacional,41.5
Taboo Pocamel (200 g),tabaco-liar,nacional,16.5
Taboo Pocamel (200 g) CM,tabaco-liar,nacional,10.5
Taboo Pocamel (50 g),tabaco-liar,nacional,4.5
Taboo Pocamel (50 g) CM,tabaco-liar,nacional,2.9
Taboo Power of Love (200 g),tabaco-liar,nacional,16.5
Taboo Power of Love (200 g) CM,tabaco-liar,nacional,10.5
Taboo Power of Love (50 g),tabaco-liar,nacional,4.5
Taboo Power of Love (50 g) CM,tabaco-liar,nacional,2.9
Taboo Promise (200 g),tabaco-liar,nacional,16.5
Taboo Promise (200 g) CM,tabaco-liar,nacional,10.5
Taboo Promise (50 g),tabaco-liar,nacional,4.5
Taboo Promise (50 g) CM,tabaco-liar,nacional,2.9
Taboo Red Blast (200 g),tabaco-liar,nacional,16.5
Taboo Red Blast (200 g) CM,tabaco-liar,nacional,10.5
Taboo Red Blast (50 g),tabaco-liar,nacional,4.5
Taboo Red Blast (50 g) CM,tabaco-liar,nacional,2.9
Taboo Red Fusion (200 g),tabaco-liar,nacional,16.5
Taboo Red Fusion (200 g) CM,tabaco-liar,nacional,10.5
Taboo Red Fussion (50 g),tabaco-liar,nacional,4.5
Taboo Red Fussion (50 g) CM,tabaco-liar,nacional,2.9
Taboo Richman (200 g),tabaco-liar,nacional,16.5
Taboo Richman (200 g) CM,tabaco-liar,nacional,10.5
Taboo Richman (50 g),tabaco-liar,nacional,4.5
Taboo Richman (50 g) CM,tabaco-liar,nacional,2.9
Taboo Rim Shot (200 g),tabaco-liar,nacional,16.5
Taboo Rim Shot (200 g) CM,tabaco-liar,nacional,10.5
Taboo Rim Shot (50 g),tabaco-liar,nacional,4.5
Taboo Rim Shot (50 g) CM,tabaco-liar,nacional,2.9
Taboo Seduction (200 g),tabaco-liar,nacional,16.5
Taboo Seduction (200 g) CM,tabaco-liar,nacional,10.5
Taboo Seduction (25 g),tabaco-liar,nacional,1.95
Taboo Seduction (25 g) CM,tabaco-liar,nacional,1.15
Taboo Seduction (50 g),tabaco-liar,nacional,4.5
Taboo Seduction (50 g) CM,tabaco-liar,nacional,2.9
Taboo Sexy Green (200 g),tabaco-liar,nacional,16.5
Taboo Sexy Green (200 g) CM,tabaco-liar,nacional,10.5
Taboo Sexy Green (25 g),tabaco-liar,nacional,1.95
Taboo Sexy Green (25 g) CM,tabaco-liar,nacional,1.15
Taboo Sexy Green (50 g),tabaco-liar,nacional,4.5
Taboo Sexy Green (50 g) CM,tabaco-liar,nacional,2.9
Taboo Sxy Green (200 g),tabaco-liar,nacional,16.5
Taboo Sxy Green (200 g) CM,tabaco-liar,nacional,10.5
Taboo Sxy Green (25 g),tabaco-liar,nacional,1.95
Taboo Sxy Green (50 g),tabaco-liar,nacional,4.5
Taboo Sxy Green (50 g) CM,tabaco-liar,nacional,2.9
Taboo Sxy Green (950 g),tabaco-liar,nacional,71.9
Taboo Sxy Green (950 g) CM,tabaco-liar,nacional,41.5
Taboo Talisman (200 g),tabaco-liar,nacional,16.5
Taboo Talisman (200 g) CM,tabaco-liar,nacional,10.5
Taboo Talisman (50 g),tabaco-liar,nacional,4.5
Taboo Talisman (50 g) CM,tabaco-liar,nacional,2.9
Taboo Tropical Storm (200 g),tabaco-liar,nacional,16.5
Taboo Tropical Storm (200 g) CM,tabaco-liar,nacional,10.5
Taboo Tropical Storm (50 g),tabaco-liar,nacional,4.5
Taboo Tropical Storm (50 g) CM,tabaco-liar,nacional,2.9
Taboo Tuxedo (200 g),tabaco-liar,nacional,16.5
Taboo Tuxedo (200 g) CM,tabaco-liar,nacional,10.5
Taboo Tuxedo (50 g),tabaco-liar,nacional,4.5
Taboo Tuxedo (50 g) CM,tabaco-liar,nacional,2.9
Taboo Unicorn Dust (200 g),tabaco-liar,nacional,16.5
Taboo Unicorn Dust (200 g) CM,tabaco-liar,nacional,10.5
Taboo Unicorn Dust (50 g),tabaco-liar,nacional,4.5
Taboo Unicorn Dust (50 g) CM,tabaco-liar,nacional,2.9
Taboo Waterfall (200 g),tabaco-liar,nacional,16.5
Taboo Waterfall (200 g) CM,tabaco-liar,nacional,10.5
Taboo Waterfall (50 g),tabaco-liar,nacional,4.5
Taboo Waterfall (50 g) CM,tabaco-liar,nacional,2.9
Taboo Waterfall (950 g),tabaco-liar,nacional,71.9
Taboo Waterfall (950 g) CM,tabaco-liar,nacional,41.5
Tail Wind,otros,nacional,3.95
Tail Wind (16 g),tabaco-liar,nacional,2.65
Tail Wind (70 g),tabaco-liar,nacional,11.55
Tangiers 10 (250 g),tabaco-liar,nacional,37
Tangiers 111 (250 g),tabaco-liar,nacional,37
Tangiers 113 (250 g),tabaco-liar,nacional,37
Tangiers 114 (250 g),tabaco-liar,nacional,37
Tangiers 118 (250 g),tabaco-liar,nacional,37
Tangiers 119 (250 g),tabaco-liar,nacional,37
Tangiers 123 (250 g),tabaco-liar,nacional,37
Tangiers 132 (250 g),tabaco-liar,nacional,37
Tangiers 135 (250 g),tabaco-liar,nacional,37
Tangiers 136 (250 g),tabaco-liar,nacional,37
Tangiers 138 (250 g),tabaco-liar,nacional,37
Tangiers 139 (250 g),tabaco-liar,nacional,37
Tangiers 143 (250 g),tabaco-liar,nacional,37
Tangiers 16 (250 g),tabaco-liar,nacional,37
Tangiers 19 (250 g),tabaco-liar,nacional,37
Tangiers 24 (250 g),tabaco-liar,nacional,37
Tangiers 27 (250 g),tabaco-liar,nacional,37
Tangiers 3 (250 g),tabaco-liar,nacional,37
Tangiers 34 (250 g),tabaco-liar,nacional,37
Tangiers 35 (250 g),tabaco-liar,nacional,37
Tangiers 38 (250 g),tabaco-liar,nacional,37
Tangiers 4 (250 g),tabaco-liar,nacional,37
Tangiers 5 (250 g),tabaco-liar,nacional,37
Tangiers 51 (250 g),tabaco-liar,nacional,37
Tangiers 57 (250 g),tabaco-liar,nacional,37
Tangiers 58 (250 g),tabaco-liar,nacional,37
Tangiers 59 (250 g),tabaco-liar,nacional,37
Tangiers 6 (250 g),tabaco-liar,nacional,37
Tangiers 62 (250 g),tabaco-liar,nacional,37
Tangiers 63 (250 g),tabaco-liar,nacional,37
Tangiers 69 (250 g),tabaco-liar,nacional,37
Tangiers 74 (250 g),tabaco-liar,nacional,37
Tangiers 76 (250 g),tabaco-liar,nacional,37
Tangiers 77 (250 g),tabaco-liar,nacional,37
Tangiers 78 (250 g),tabaco-liar,nacional,37
Tangiers 8 (250 g),tabaco-liar,nacional,37
Tangiers 87 (250 g),tabaco-liar,nacional,37
Tangiers 9 (250 g),tabaco-liar,nacional,37
Tangiers 90 (250 g),tabaco-liar,nacional,37
Tangiers 91 (250 g),tabaco-liar,nacional,37
Tangiers 92 (250 g),tabaco-liar,nacional,37
Tangiers 93 (250 g),tabaco-liar,nacional,37
Tangiers 94 (250 g),tabaco-liar,nacional,37
Tangiers 96 (250 g),tabaco-liar,nacional,37
Tangiers 96a (250 g),tabaco-liar,nacional,37
Tarifa Shisha Africa Tropical (50 g),tabaco-liar,nacional,3.5
Tarifa Shisha Africa Tropical (50 g) CM,tabaco-liar,nacional,2.75
Tarifa Shisha Arctic Flow (50 g),tabaco-liar,nacional,3.5
Tarifa Shisha Arctic Flow (50 g) CM,tabaco-liar,nacional,2.75
Tarifa Shisha Bikini (50 g),tabaco-liar,nacional,3.5
Tarifa Shisha Bikini (50 g) CM,tabaco-liar,nacional,2.75
Tarifa Shisha Dembow (50 g),tabaco-liar,nacional,3.5
Tarifa Shisha Dembow (50 g) CM,tabaco-liar,nacional,2.75
Tarifa Shisha Dragon Kahn (50 g),tabaco-liar,nacional,3.5
Tarifa Shisha Dragon Kahn (50 g) CM,tabaco-liar,nacional,2.75
Tarifa Shisha Estampida (50 g),tabaco-liar,nacional,3.5
Tarifa Shisha Estampida (50 g) CM,tabaco-liar,nacional,2.75
Tarifa Shisha Granny (50 g),tabaco-liar,nacional,3.5
Tarifa Shisha Granny (50 g) CM,tabaco-liar,nacional,2.75
Tarifa Shisha Malone (50 g),tabaco-liar,nacional,3.5
Tarifa Shisha Malone (50 g) CM,tabaco-liar,nacional,2.75
Tarifa Shisha Pecado (50 g),tabaco-liar,nacional,3.5
Tarifa Shisha Pecado (50 g) CM,tabaco-liar,nacional,2.75
TE AMO Churchill (25),cigarrillos,nacional,3
TE AMO Churchill CM,otros,nacional,4.5
TE AMO Corona Mexico World Selection Series (15),cigarrillos,nacional,3.2
TE AMO Nº 2 (25),cigarrillos,nacional,1.5
TE AMO Nº 2 CM,otros,nacional,3.05
TE AMO Nº 4 (25),cigarrillos,nacional,1.4
TE AMO Nº 4 CM,otros,nacional,2.55
TE AMO Nº 7 (20),cigarrillos,nacional,1
TE AMO Nº 7 CM,otros,nacional,2.15
TE AMO Pirámide (25),cigarrillos,nacional,2.5
TE AMO Pirámide CM,otros,nacional,4.2
TE AMO Robusto (25),cigarrillos,nacional,3
TE AMO Robusto CM,otros,nacional,3.2
TE AMO Robusto Nicaragua World Selection Series (15),cigarrillos,nacional,3.8
TE AMO Toro (25),cigarrillos,nacional,3
TE AMO Toro CM,otros,nacional,3.55
Tennesie Gold (16 g),tabaco-liar,nacional,1.9
Tennesie Gold (20 g),tabaco-liar,nacional,2.35
Tennesie Gold American Blend (23 g),tabaco-liar,nacional,2.75
Tennesie Red (16 g),tabaco-liar,nacional,1.9
Tennesie Red (20 g),tabaco-liar,nacional,2.35
Tennesie Red American Blend (23 g),tabaco-liar,nacional,2.75
Terea Amber (20),cigarrillos,nacional,5
Terea Amber (20) CM,cigarrillos,nacional,3.5
Terea Classic Gold (20),cigarrillos,nacional,5
Terea Classic Red (20),cigarrillos,nacional,5
Terea Cloud Fuse (20),cigarrillos,nacional,4.35
Terea Russet (20),cigarrillos,nacional,5
Terea Selection (20),cigarrillos,nacional,4.35
Terea Sienna (20),cigarrillos,nacional,5
Terea Sienna (20) CM,cigarrillos,nacional,3.5
Terea Soft Fuse (20),cigarrillos,nacional,5
Terea Teak (20),cigarrillos,nacional,5
Terea Turquoise (20),cigarrillos,nacional,5
Terea Turquoise (20) CM,cigarrillos,nacional,3.5
Terea Warm Fuse (20),cigarrillos,nacional,5
Terea Yellow (20),cigarrillos,nacional,5
THE CIRCUS Canon (25),cigarrillos,nacional,5.9
THE CIRCUS Culebras (5),otros,nacional,16.2
THE CIRCUS Harlequin (25),cigarrillos,nacional,5.8
THE CIRCUS Magician (25),cigarrillos,nacional,6.1
THE CIRCUS Petit (50),cigarrillos,nacional,3.7
THE CIRCUS The Circus 70 (20),cigarrillos,nacional,9.95
THE CIRCUS Twister (25),cigarrillos,nacional,6.1
THE CIRCUS Vulcano (20),cigarrillos,nacional,8.2
The Turner Dark (30 g),tabaco-liar,nacional,5.85
The Turner Original (30 g),tabaco-liar,nacional,5.85
The Turner Virginia (30 g),tabaco-liar,nacional,5
The Turner Virginia Green (30 g),tabaco-liar,nacional,5.85
The Turner Virginia White (30 g),tabaco-liar,nacional,5.85
THE WORLD TABACS The World Tabacs Boina M (25),cigarrillos,nacional,2.7
THE WORLD TABACS The World Tabacs Cañonazo 6x52 M(25),cigarrillos,nacional,2.05
THE WORLD TABACS The World Tabacs Julieta M (25),cigarrillos,nacional,2.35
THE WORLD TABACS The World Tabacs Majestuoso M (25),cigarrillos,nacional,2.6
THE WORLD TABACS The World Tabacs Majestuoso SF 6x58 M(25),cigarrillos,nacional,1.2
THE WORLD TABACS The World Tabacs Petit Robusto Cepo 50 M (25),cigarrillos,nacional,1.7
THE WORLD TABACS The World Tabacs Petit Robusto Cepo 54 M (25),cigarrillos,nacional,1.9
THE WORLD TABACS The World Tabacs Piramide M (25),cigarrillos,nacional,2.1
THE WORLD TABACS The World Tabacs Robusto M (25),cigarrillos,nacional,1.9
THE WORLD TABACS The World Tabacs Robusto SF 4 7/8x50 M(25),cigarrillos,nacional,0.85
THE WORLD TABACS The World Tabacs Sublime M (25),cigarrillos,nacional,2.5
THE WORLD TABACS The World Tabacs Sublime SF 6 3/8x54 M(25),cigarrillos,nacional,1.1
THE WORLD TABACS The World Tabacs Wide Robusto M (25),cigarrillos,nacional,2.35
THE WORLD TABACS The World Tabacs Wide Robusto SF 5 1/8x58 M(25),cigarrillos,nacional,0.9
Tilbury Nº 1 (25 g),tabaco-liar,nacional,2.5
Tilbury Nº 1 (90 g),tabaco-liar,nacional,8.6
Tipsy Aqua de Luna (200 g),tabaco-liar,nacional,16.5
Tipsy Aqua de Luna (50 g),tabaco-liar,nacional,4.3
Tipsy Berserk Red (200g),tabaco-liar,nacional,16.5
Tipsy Berserk Red (50 g),tabaco-liar,nacional,4.3
Tipsy Summer Love (200 g),tabaco-liar,nacional,16.5
Tipsy Summer Love (50 g),tabaco-liar,nacional,4.3
Tipsy Viva la Fiesta (200 g),tabaco-liar,nacional,16.5
Tipsy Viva la Fiesta (50 g),tabaco-liar,nacional,4.3
TIRANT LO BLANC Caliqueños (25),cigarrillos,nacional,0.7
TIRANT LO BLANC Caliqueños (40),cigarrillos,nacional,0.7
Titanium Hookah Tobacco Texas (100 g) CM,tabaco-liar,nacional,6.65
TLT Tripa Larga de Torcedor Doble Perla (25),cigarrillos,nacional,2.2
TLT Tripa Larga de Torcedor Doble Robusto (25),cigarrillos,nacional,3.1
TLT Tripa Larga de Torcedor Esteliano Expositor (el envase de 50),otros,nacional,165
TLT Tripa Larga de Torcedor Esteliano Gran Cañon (25),cigarrillos,nacional,3.4
TLT Tripa Larga de Torcedor Esteliano Minotauro (25),cigarrillos,nacional,4.3
TLT Tripa Larga de Torcedor Esteliano Robusto (25),cigarrillos,nacional,3.2
TLT TRIPA LARGA DE TORCEDOR Esteliano Robusto (5),otros,nacional,3.2
TLT Tripa Larga de Torcedor Expositor (el envase de 75),otros,nacional,217.5
TLT Tripa Larga de Torcedor Gran Cañon (25),cigarrillos,nacional,2.9
TLT TRIPA LARGA DE TORCEDOR Gran Cañon (5),otros,nacional,2.9
TLT Tripa Larga de Torcedor Minotauro (25),cigarrillos,nacional,3.85
TLT Tripa Larga de Torcedor Robusto (25),cigarrillos,nacional,2.7
TLT TRIPA LARGA DE TORCEDOR Robusto (5),otros,nacional,2.7
TLT TRIPA LARGA DE TORCEDOR Rojo Gran Cañon (5),otros,nacional,4.2
TLT TRIPA LARGA DE TORCEDOR Rojo Minotauro (25),cigarrillos,nacional,4.95
TLT TRIPA LARGA DE TORCEDOR Rojo Robusto (5),otros,nacional,4.1
Tobacco Farm Virginia (30 g),tabaco-liar,nacional,5.65
Torres Bauhaus (50 g),tabaco-liar,nacional,4.3
Torres Belle Epoque (50 g),tabaco-liar,nacional,4.3
TORRES DE QUART Caliqueño Nº 2 (10),cigarrillos,nacional,1
TORRES DE QUART Caliqueño Nº 2 (2),otros,nacional,1
TORRES DE QUART Caliqueño Nº 2 (20),cigarrillos,nacional,1
TORRES DE QUART Caliqueño Nº 2 (20) CM,cigarrillos,nacional,0.7
TORRES DE QUART Mini Originales (El envase de 5),otros,nacional,2.9
TORRES DE QUART Torres de Quart Camperos (10),cigarrillos,nacional,1
TORRES DE QUART Torres de Quart Camperos (120),otros,nacional,1
TORRES DE QUART Torres de Quart Campesinos (10),cigarrillos,nacional,0.75
Torres Guardian of Freedom 1968 (50 g),tabaco-liar,nacional,4.3
Torres Pop Art (50 g),tabaco-liar,nacional,4.3
Torres Surre (50 g),tabaco-liar,nacional,4.3
Torres Toro (50 g),tabaco-liar,nacional,4.3
Torres Urban Bull (50 g),tabaco-liar,nacional,4.3
Torres Vinci (50 g),tabaco-liar,nacional,4.3
TOSCANELLO Aroma Café (5) CM,otros,nacional,0.6
TOSCANELLO Bianco (5),otros,nacional,0.76
TOSCANELLO Bianco (El envase de 5),otros,nacional,4.9
TOSCANELLO Castano (El envase de 5),otros,nacional,4.9
TOSCANELLO Giallo (El envase de 5),otros,nacional,4.9
TOSCANELLO Nero (El envase de 5),otros,nacional,4.9
TOSCANELLO Rosso (El envase de 5),otros,nacional,4.9
TOSCANELLO Toscanello (5) CM,otros,nacional,0.65
TOSCANELLO Toscanello (El envase de 5),otros,nacional,4.9
TOSCANELLO Toscanello Rosso Oro (El envase de 5),otros,nacional,5.1
TOSCANELLO Velluto (el envase de 3),otros,nacional,2
TOSCANINO Toscanino (el envase de 10),otros,nacional,2.95
TOSCANINO Toscanino Giallo (el envase de 10),otros,nacional,2.95
TOSCANINO Toscanino Rosso (el envase de 10),otros,nacional,2.95
TOSCANO Antica Riserva (El envase de 2),otros,nacional,5.3
TOSCANO Antico (El envase de 30),otros,nacional,51
TOSCANO Classico (El envase de 2),otros,nacional,2.8
TOSCANO Classico (El envase de 5),otros,nacional,6.6
TOSCANO Extravecchio (El envase de 5),otros,nacional,7.1
TOSCANO Garibaldi (El envase de 5),otros,nacional,6.9
TOSCANO Toscano Master Aged Serie 1 (30),cigarrillos,nacional,4.5
TOSCANO Toscano Master Aged Serie 2 (30),cigarrillos,nacional,4.5
TOSCANO Toscano Master Aged Serie 3 (30),cigarrillos,nacional,4.5
TOSCANO Toscano Master Aged Serie 4 (30),cigarrillos,nacional,4.7
TOSCANO Toscano Robusto (8),otros,nacional,2.2
TOSCANO Toscano Robusto (El envase de 4),otros,nacional,8.9
TRABUCOS Coronas (50),cigarrillos,nacional,0.55
TRABUCOS Coronas (50) CM,cigarrillos,nacional,0.48
TRABUCOS Minis (10),cigarrillos,nacional,0.27
TRABUCOS Minis (10) CM,cigarrillos,nacional,0.23
TRABUCOS T-10 (10),cigarrillos,nacional,0.29
TRABUCOS T-10 (10) CM,cigarrillos,nacional,0.25
TRADICION TABACALERA JG Tradicion Tabacalera JG. Fantasticos (24),cigarrillos,nacional,19.45
TRADICION TABACALERA JG Tradicion Tabacalera JG. Lancero (24),cigarrillos,nacional,20.85
TRADICION TABACALERA JG Tradicion Tabacalera JG. Maravillas (24),cigarrillos,nacional,25.85
TRADICION TABACALERA JG Tradicion Tabacalera JG. Piramide (24),cigarrillos,nacional,17.95
TRADICION TABACALERA JG Tradicion Tabacalera JG. Robusto (24),cigarrillos,nacional,15.95
TRADICION TABACALERA JG Tradicion Tabacalera JG. Toro (24),cigarrillos,nacional,17.45
Trébol Tabaco de  Pipa (80 g),tabaco-pipa,nacional,7
Trifecta L'Emont Me (50 g),tabaco-liar,nacional,3.95
Trifecta Me Lone Melanje (50 g),tabaco-liar,nacional,3.95
Trifecta Moro Zest (50 g),tabaco-liar,nacional,3.95
Trifecta Pum King Something (50 g),tabaco-liar,nacional,3.95
Trifecta Ruby (50 g),tabaco-liar,nacional,3.95
Trifecta Serendipity (50 g),tabaco-liar,nacional,3.95
Trifecta Vertigo (50 g),tabaco-liar,nacional,3.95
TRINIDAD Coloniales (24),cigarrillos,nacional,49
TRINIDAD Coloniales (24) CM,cigarrillos,nacional,41.4
TRINIDAD Coloniales (5),otros,nacional,49
TRINIDAD Coloniales (5) CM,otros,nacional,41.4
TRINIDAD Esmeralda (12),cigarrillos,nacional,67
TRINIDAD Fundadores (24),cigarrillos,nacional,67
TRINIDAD Fundadores (24) CM,cigarrillos,nacional,56.6
TRINIDAD La Trova (12),cigarrillos,nacional,83
TRINIDAD Media Luna (12),cigarrillos,nacional,45
TRINIDAD Reyes (12),cigarrillos,nacional,34
TRINIDAD Reyes (12) CM,cigarrillos,nacional,28.75
TRINIDAD Reyes (24),cigarrillos,nacional,34
TRINIDAD Reyes (24) CM,cigarrillos,nacional,28.75
TRINIDAD Short (10),cigarrillos,nacional,1.55
TRINIDAD Short (10) CM,cigarrillos,nacional,1.3
TRINIDAD Topes (12),cigarrillos,nacional,64
TRINIDAD Trinidad 50 Aniversario (El envase de 50),otros,nacional,315000
TRINIDAD Trinidad Cabildos E. L. 2024 (12),cigarrillos,nacional,110
TRINIDAD Trinidad Colección Habanos 24 Casilda (24),cigarrillos,nacional,325
TRINIDAD Trinidad Robusto Extra (3),otros,nacional,120
TRINIDAD Trinidad Robustos Extra (12),cigarrillos,nacional,75
TRINIDAD Trinidad Robustos Extra 2020 TR (El envase de 14),otros,nacional,2800
TRINIDAD Trinidad Short (40),cigarrillos,nacional,1.55
TRINIDAD Trinidad Short 66 Year of the Dragon Edición Limitada 2024 (El envase de 66),otros,nacional,130
TRINIDAD Trinidad Vigia Estuche H (el envase de 5),otros,nacional,280
TRINIDAD Trinidad Wide Short (6),otros,nacional,3.1
TRINIDAD Vigia (12),cigarrillos,nacional,53
TRINIDAD Vigia (12) CM,cigarrillos,nacional,44.8
TRINIDAD Vigia T (3),otros,nacional,55
TRINIDAD Vigia T (3) CM,otros,nacional,46.5
Turner Dark (40 g),tabaco-liar,nacional,7.95
Turner Halfware Shag (40 g) CM,tabaco-liar,nacional,4.25
Turner Original (40 g),tabaco-liar,nacional,7.95
Turner Zware Shag (40 g) CM,tabaco-liar,nacional,4.25
UMNUM Bond 4 1/2x44 (5),otros,nacional,3.1
UMNUM Cañonazo 5 1/4x52 (5),otros,nacional,3.7
UMNUM Honduras Champion 4x60 (16),cigarrillos,nacional,3.9
UMNUM Honduras Half Corona 4x46 (25),cigarrillos,nacional,2.9
UMNUM Honduras Robusto 5x50 (25),cigarrillos,nacional,3.1
UMNUM Jumbo 4 3/4x60 (5),otros,nacional,4.1
UMNUM Nicaragua Bond 4 1/2x44 (25),cigarrillos,nacional,3.1
UMNUM Umnum Chaman 5 x 56 (20),cigarrillos,nacional,4.4
UMNUM Umnum Freshpack Bond 4 1/2 X 44 (El envase de 4),otros,nacional,11.9
UMNUM Umnum Freshpack Cañonazo 5 1/4 X 52 (El envase de 4),otros,nacional,14.5
UMNUM Umnum Freshpack Jumbo 4 3/4 X 60 (El envase de 3),otros,nacional,11.9
UMNUM Umnum Hurakan 5 1/2 x 54 (20),cigarrillos,nacional,4.3
UMNUM Umnum Jumbo 4 3/4x60 (16),cigarrillos,nacional,4.1
UMNUM Umnun Cañonazo 5 1/4x52 (25),cigarrillos,nacional,3.7
UNDERCROWN Flying Pig (12),cigarrillos,nacional,16
UNDERCROWN Undercrown 10 Corona Doble (20),cigarrillos,nacional,16.5
UNDERCROWN Undercrown 10 Robusto (20),cigarrillos,nacional,15.15
UNDERCROWN Undercrown 10 Toro (20),cigarrillos,nacional,16.15
VALENTINO SIESTO CIGARS Valentino Siesto Cigars - Box Pressed Maduro 52x5 1/2 (20),puros,nacional,15.5
VALENTINO SIESTO CIGARS Valentino Siesto Cigars - Box Pressed Sun Grown 52x5 1/2 (20),puros,nacional,14.9
VALENTINO SIESTO CIGARS Valentino Siesto Cigars - Corona Gorda Sun Grown 60x6 (20),puros,nacional,15.9
VALENTINO SIESTO CIGARS Valentino Siesto Cigars - Lancero Sun Grown 38x7 (20),puros,nacional,14.9
VALENTINO SIESTO CIGARS Valentino Siesto Cigars - Pico Pato Pequeño Maduro 43x5 (20),puros,nacional,9.9
VALENTINO SIESTO CIGARS Valentino Siesto Cigars - Pico Pato Sun Grown 54x6 (20),puros,nacional,16.9
VALENTINO SIESTO CIGARS Valentino Siesto Cigars - Preferido Sun Grown 54x5 1/2 (20),puros,nacional,16.9
VALENTINO SIESTO CIGARS Valentino Siesto Cigars - Robusto 1971 52x5 (20),puros,nacional,12.5
VALENTINO SIESTO CIGARS Valentino Siesto Cigars - Robusto Real #5 Sun Grown 50x5 1/2 (24),puros,nacional,19.9
VALENTINO SIESTO CIGARS Valentino Siesto Cigars - Robusto Sun Grown 5X52 (20),puros,nacional,12.5
VALENTINO SIESTO CIGARS Valentino Siesto Cigars - Semi Lancero Sun Grown 38x4 1/2 (20),puros,nacional,8.8
VALENTINO SIESTO CIGARS Valentino Siesto Cigars - Toro Anniversary Sun Grown 52x6 (24),puros,nacional,20.5
VALENTINO SIESTO CIGARS Valentino Siesto Cigars - Toro Maduro 52x6 (20),puros,nacional,13.9
VALENTINO SIESTO CIGARS Valentino Siesto Pico Pato 1971 6 X 54 C (20),puros,nacional,16.9
Van Nelle Zware (50 g),tabaco-liar,nacional,13.05
Van Nelle Zware (50 g) CM,tabaco-liar,nacional,5.75
VASCO DA GAMA Capa de Oro (25),cigarrillos,nacional,2
VASCO DA GAMA Capa de Oro (5),otros,nacional,1
VASCO DA GAMA Nº 2 Claro (25),cigarrillos,nacional,2
VASCO DA GAMA Nº 2 Claro (25) CM,cigarrillos,nacional,1.1
VASCO DA GAMA Tubos Especiales (25),cigarrillos,nacional,2.2
VASCO DA GAMA Vasco Da Gama Nº2 Claro (5),otros,nacional,1
VASCO DA GAMA Vasco Da Gama Nº2 Maduro (5),otros,nacional,1
Vasconha (30 g),tabaco-liar,nacional,6.05
Vasconha (95 g),tabaco-liar,nacional,19.1
VEDADO Boss (16),cigarrillos,nacional,9.5
VEDADO Churchill (20),cigarrillos,nacional,3.85
VEDADO Corona (20),cigarrillos,nacional,3.2
VEDADO Doble Toro (20),cigarrillos,nacional,4.5
VEDADO Duke (16),cigarrillos,nacional,7.9
VEDADO Flat Black Colosal (8),otros,nacional,11
VEDADO Flat Black Gordo (10),cigarrillos,nacional,8.5
VEDADO Flat Black Malecon (10),cigarrillos,nacional,9.5
VEDADO Gordito (20),cigarrillos,nacional,4.25
VEDADO HVA Boss (16),cigarrillos,nacional,9.5
VEDADO HVA Duke (16),cigarrillos,nacional,7.9
VEDADO HVA Master (16),cigarrillos,nacional,8.5
VEDADO La Bestia (20),cigarrillos,nacional,4.9
VEDADO Master (16),cigarrillos,nacional,8.5
VEDADO Mini Robusto (20),cigarrillos,nacional,3.4
VEDADO Perla (20),cigarrillos,nacional,3
VEDADO Robusto (20),cigarrillos,nacional,3.6
VEDADO SX Coffee (El envase de 10),otros,nacional,1.75
VEDADO SX Original (El envase de 10),otros,nacional,1.75
VEDADO SX Vanilla (El envase de 10),otros,nacional,1.75
VEDADO Toro (20),cigarrillos,nacional,3.85
VEGA TORO Churchill (El envase de 10),otros,nacional,27
VEGA TORO Corona (El envase de 10),otros,nacional,20
VEGA TORO Delicias Nº 6 (36),cigarrillos,nacional,0.6
VEGA TORO Delicias Nº 6 (6),otros,nacional,0.6
VEGA TORO Doble Toro (El envase de 10),otros,nacional,29.5
VEGA TORO Festivo (25),cigarrillos,nacional,1
VEGA TORO Gordito (El envase de 10),otros,nacional,29
VEGA TORO Gran Reales (1),otros,nacional,0.9
VEGA TORO Infinitos (El envase de 10),otros,nacional,3
VEGA TORO La Bestia (El envase de 10),otros,nacional,31
VEGA TORO Lancero (El envase de 10),otros,nacional,28
VEGA TORO Mini Robusto (El envase de 10),otros,nacional,23
VEGA TORO Panetela (25),cigarrillos,nacional,1.2
VEGA TORO Perla (25),cigarrillos,nacional,0.5
VEGA TORO Perla (El envase de 10),otros,nacional,18
VEGA TORO Reales (25),cigarrillos,nacional,0.95
VEGA TORO Robusto (El envase de 10),otros,nacional,25
VEGA TORO Toritos (El envase de 10),otros,nacional,3
VEGA TORO Toro (20),cigarrillos,nacional,1.6
VEGA TORO Toro (El envase de 10),otros,nacional,27
VEGA TORO Torpedo (25),cigarrillos,nacional,1.3
VEGA TORO Vegas (25),cigarrillos,nacional,1.5
VEGAFINA 1998 VF 50 (10),cigarrillos,nacional,6
VEGAFINA 1998 VF 50 (10) CM,cigarrillos,nacional,5.1
VEGAFINA 1998 VF 52 (10),cigarrillos,nacional,6.6
VEGAFINA 1998 VF 52 (10) CM,cigarrillos,nacional,5.6
VEGAFINA 1998 VF 54 (10),cigarrillos,nacional,7.2
VEGAFINA 1998 VF 54 (10) CM,cigarrillos,nacional,6.1
VEGAFINA Classic Perla (4),otros,nacional,2.95
VEGAFINA Classic Perla (4) CM,otros,nacional,2.5
VEGAFINA Classic Perla Ecobag (el envase de 10),otros,nacional,26
VEGAFINA Classic Perla Ecobag (el envase de 10) CM,otros,nacional,21.9
VEGAFINA Corona Tubo Humidor (El envase de 40),otros,nacional,202
VEGAFINA Corona Tubo Humidor (El envase de 40) CM,otros,nacional,170.25
VEGAFINA Coronas (25),cigarrillos,nacional,4.55
VEGAFINA Coronas (25) CM,cigarrillos,nacional,3.85
VEGAFINA Coronas (4),otros,nacional,4.55
VEGAFINA Coronas (4) CM,otros,nacional,3.85
VEGAFINA Coronas Tubo (10),cigarrillos,nacional,5.05
VEGAFINA Coronas Tubo (10) CM,cigarrillos,nacional,4.25
VEGAFINA Coronas Tubo (25),cigarrillos,nacional,5.05
VEGAFINA Coronas Tubo (25) CM,cigarrillos,nacional,4.25
VEGAFINA Coronitas (25),cigarrillos,nacional,4.25
VEGAFINA Coronitas (25) CM,cigarrillos,nacional,3.6
VEGAFINA Coronitas (4),otros,nacional,4.25
VEGAFINA Coronitas (4) CM,otros,nacional,3.6
VEGAFINA Extramini XS (el envase de 20),otros,nacional,4.7
VEGAFINA Extramini XS (el envase de 20) CM,otros,nacional,3.95
VEGAFINA Fortaleza 2 Robusto (10),cigarrillos,nacional,5.7
VEGAFINA Fortaleza 2 Robusto (10) CM,cigarrillos,nacional,4.8
VEGAFINA Fortaleza 2 Robusto Tubo (20),cigarrillos,nacional,6.3
VEGAFINA Fortaleza 2 Robusto Tubo (20) CM,cigarrillos,nacional,5.3
VEGAFINA Fortaleza 2 Robusto Tubo (3),otros,nacional,6.3
VEGAFINA Fortaleza 2 Robusto Tubo (3) CM,otros,nacional,5.3
VEGAFINA Gran Corona Fortaleza 2 (10),cigarrillos,nacional,4.8
VEGAFINA Gran Corona Fortaleza 2 (10) CM,cigarrillos,nacional,4.05
VEGAFINA Gran Corona Fortaleza 2 (4),otros,nacional,4.8
VEGAFINA Gran Corona Fortaleza 2 (4) CM,otros,nacional,4.05
VEGAFINA Mini (El Envase de 20),otros,nacional,5.9
VEGAFINA Mini (El Envase de 20) CM,otros,nacional,4.95
VEGAFINA Mini Blue (el envase de 20),otros,nacional,5.9
VEGAFINA Mini Blue (el envase de 20) CM,otros,nacional,4.95
VEGAFINA Mini Filter (El envase de 20),otros,nacional,5.9
VEGAFINA Mini Filter (El envase de 20) CM,otros,nacional,4.95
VEGAFINA Minutos (25),cigarrillos,nacional,1.9
VEGAFINA Minutos (25) CM,cigarrillos,nacional,1.6
VEGAFINA Minutos Lata (8),otros,nacional,1.9
VEGAFINA Minutos Lata (8) CM,otros,nacional,1.6
VEGAFINA Nicaragua Gran Toro (25),cigarrillos,nacional,6.6
VEGAFINA Nicaragua Gran Toro (25) CM,cigarrillos,nacional,5.6
VEGAFINA Nicaragua Minutos (8),otros,nacional,2.15
VEGAFINA Nicaragua Minutos (8) CM,otros,nacional,1.8
VEGAFINA Nicaragua Robusto (25),cigarrillos,nacional,5.7
VEGAFINA Nicaragua Robusto (25) CM,cigarrillos,nacional,4.8
VEGAFINA Nicaragua Robusto Tubo (3),otros,nacional,6.3
VEGAFINA Nicaragua Robusto Tubo (3) CM,otros,nacional,5.3
VEGAFINA Nicaragua Short (25),cigarrillos,nacional,3.4
VEGAFINA Nicaragua Short (25) CM,cigarrillos,nacional,2.9
VEGAFINA Nicaragua Short (4),otros,nacional,3.4
VEGAFINA Nicaragua Short (4) CM,otros,nacional,2.9
VEGAFINA Panetelas Fortaleza 2 (25),cigarrillos,nacional,3.2
VEGAFINA Panetelas Fortaleza 2 (25) CM,cigarrillos,nacional,2.7
VEGAFINA Panetelas Fortaleza 2 (5),otros,nacional,3.2
VEGAFINA Panetelas Fortaleza 2 (5) CM,otros,nacional,2.7
VEGAFINA Perla (10),cigarrillos,nacional,2.95
VEGAFINA Perla (10) CM,cigarrillos,nacional,2.5
VEGAFINA Perla (25),cigarrillos,nacional,2.95
VEGAFINA Perla (25) CM,cigarrillos,nacional,2.5
VEGAFINA Perla Tubo (10),cigarrillos,nacional,3.35
VEGAFINA Perla Tubo (10) CM,cigarrillos,nacional,2.85
VEGAFINA Pirámide (25),cigarrillos,nacional,8
VEGAFINA Pirámide (25) CM,cigarrillos,nacional,6.8
VEGAFINA Prominentes (25),cigarrillos,nacional,8.35
VEGAFINA Prominentes (25) CM,cigarrillos,nacional,7
VEGAFINA Robusto Tubo (20),cigarrillos,nacional,6.3
VEGAFINA Robusto Tubo (20) CM,cigarrillos,nacional,5.3
VEGAFINA Robusto Tubo (3),otros,nacional,6.3
VEGAFINA Robusto Tubo (3) CM,otros,nacional,5.3
VEGAFINA Robustos (25),cigarrillos,nacional,5.7
VEGAFINA Robustos (25) CM,cigarrillos,nacional,4.8
VEGAFINA Robustos (3),otros,nacional,5.7
VEGAFINA Robustos (3) CM,otros,nacional,4.8
VEGAFINA Serie 2 Short Belicoso (10),cigarrillos,nacional,5
VEGAFINA Serie 2 Short Belicoso (10) CM,cigarrillos,nacional,4.25
VEGAFINA Short Belicoso Fortaleza 2 (3),otros,nacional,5
VEGAFINA Short Belicoso Fortaleza 2 (3) CM,otros,nacional,4.25
VEGAFINA Short Robusto (25),cigarrillos,nacional,4.9
VEGAFINA Short Robusto (25) CM,cigarrillos,nacional,4.15
VEGAFINA Short Robusto (3),otros,nacional,4.9
VEGAFINA Short Robusto (3) CM,otros,nacional,4.15
VEGAFINA Short Robusto Caja (10),cigarrillos,nacional,4.9
VEGAFINA Short Robusto Caja (10) CM,cigarrillos,nacional,4.15
VEGAFINA Short Robusto Tubo (20),cigarrillos,nacional,5.5
VEGAFINA Short Robusto Tubo (20) CM,cigarrillos,nacional,4.65
VEGAFINA Vegafina 1998 25 Aniversario Cum Laude Edición Limitada (25),cigarrillos,nacional,10
VEGAFINA Vegafina 1998 Dinastías Wonders Collection Edición Limitada (14),cigarrillos,nacional,8.1
VEGAFINA Vegafina 1998 Nabateos Wonders Collection Edición Limitada (14),cigarrillos,nacional,9
VEGAFINA Vegafina 1998 VF 50P (10),cigarrillos,nacional,8
VEGAFINA Vegafina 1998 VF 52 Travel Humidor (El envase de 12),otros,nacional,92.4
VEGAFINA Vegafina 1998 VF 52 Tubos Humidor (El envase de 40),otros,nacional,288
VEGAFINA Vegafina 1998 VF42L (10),cigarrillos,nacional,7.1
VEGAFINA Vegafina 1998 VF42L (10) CM,cigarrillos,nacional,6
VEGAFINA Vegafina 1998 VF44S (25),cigarrillos,nacional,4.15
VEGAFINA Vegafina 1998 VF44S (25) CM,cigarrillos,nacional,3.5
VEGAFINA Vegafina 1998 VF46 (10),cigarrillos,nacional,6.3
VEGAFINA Vegafina 1998 VF46 (10) CM,cigarrillos,nacional,5.3
VEGAFINA Vegafina 1998 VF46 Tubos (3),otros,nacional,6.9
VEGAFINA Vegafina 1998 VF50 Tubos (3),otros,nacional,6.6
VEGAFINA Vegafina 1998 VF52 Tubos (3),otros,nacional,7.2
VEGAFINA Vegafina 1998 VF54 Tubos (3),otros,nacional,7.8
VEGAFINA Vegafina 1998 VF56 (10),cigarrillos,nacional,6.7
VEGAFINA Vegafina 1998 VF56 (10) CM,cigarrillos,nacional,5.6
VEGAFINA Vegafina 1998 Vintage 1 Edición Limitada (el envase de 16),otros,nacional,124
VEGAFINA Vegafina 1998 Vintage 1 VF40 Edición Limitada (16),cigarrillos,nacional,7
VEGAFINA Vegafina 1998 Vintage 1 VF42L Edición Limitada (16),cigarrillos,nacional,8.5
VEGAFINA Vegafina Classic Blas de Lezo Exclusivo España Edición Limitada (10),cigarrillos,nacional,7
VEGAFINA Vegafina Classic Minutos 16 Ecobag (El envase de 16),otros,nacional,28
VEGAFINA Vegafina Classic Minutos 16 Ecobag (El envase de 16) CM,otros,nacional,23.6
VEGAFINA Vegafina Classic Mundiales Edición Limitada (11),cigarrillos,nacional,7.1
VEGAFINA Vegafina Classic Supremo Edición Limitada (12),cigarrillos,nacional,7.5
VEGAFINA Vegafina Classic Wide Robustos (25),cigarrillos,nacional,6.8
VEGAFINA Vegafina Classic Year of the Dragon Edición Limitada (16),cigarrillos,nacional,10
VEGAFINA Vegafina Classic Year of the Rabbit Torpedos Edición Limitada (16),cigarrillos,nacional,9
VEGAFINA Vegafina Classic Year Of The Snake Edición Limitada (16),cigarrillos,nacional,9
VEGAFINA Vegafina Fortaleza 2 Reposado 10 años Magnum Edicion Limitada (10),cigarrillos,nacional,7.5
VEGAFINA Vegafina Fusion Edition Coronas Gordas (10),cigarrillos,nacional,10
VEGAFINA Vegafina Nicaragua 25 Terra (25),cigarrillos,nacional,5.8
VEGAFINA Vegafina Nicaragua 25 Terra (25) CM,cigarrillos,nacional,4.9
VEGAFINA Vegafina Nicaragua 3 Vulcanos Tubos (3),otros,nacional,6.2
VEGAFINA Vegafina Nicaragua Colección Lagos Cocibolca Special Edition (21),cigarrillos,nacional,8
VEGAFINA Vegafina Nicaragua Estelí Salomones Edición Limitada (12),cigarrillos,nacional,7.9
VEGAFINA Vegafina Nicaragua Gran Vulcano (10),cigarrillos,nacional,6.5
VEGAFINA Vegafina Nicaragua Gran Vulcano (10) CM,cigarrillos,nacional,5.5
VEGAFINA Vegafina Nicaragua Reserva Maestros Edición Limitada (12),cigarrillos,nacional,6.7
VEGAFINA Vegafina Nicaragua Robusto Tubos (20),cigarrillos,nacional,6.3
VEGAFINA Vegafina Nicaragua Robusto Tubos (20) CM,cigarrillos,nacional,5.3
VEGAFINA Vegafina Nicaragua Vulcano (10),cigarrillos,nacional,5.6
VEGAFINA Vegafina Nicaragua Vulcano (10) CM,cigarrillos,nacional,4.7
VEGAFINA Vegafina Nicaragua X Aniversario Gran Reserva Edición Limitada (20),cigarrillos,nacional,9
VEGAFINA Vegafina Selection (El envase de 8) (Duty Free),otros,nacional,58.5
VEGAFINA Vegafina Serie 2 25 Short Magnum (25),cigarrillos,nacional,5.35
VEGAFINA Vegafina Serie 2 25 Short Magnum (25) CM,cigarrillos,nacional,4.55
VEGAFINA Vegafina Serie 2 Coupage Edición Limitada (12),cigarrillos,nacional,7.5
VEGAFINA Vegafina Serie 2 San Juan de la Maguana (12),cigarrillos,nacional,7.8
VEGAS DE ECUADOR Corona Mazo (25),cigarrillos,nacional,0.8
VEGAS DE ECUADOR Demitasse Caja (25),cigarrillos,nacional,0.6
VEGAS DE ECUADOR Demitasse Mazo Claro (25),cigarrillos,nacional,0.6
VEGAS DE ECUADOR Demitasse Mazo Oscuro (25),cigarrillos,nacional,0.6
VEGAS DE ECUADOR Perlas Mazo (25),cigarrillos,nacional,0.7
VEGAS DE ECUADOR Perlas Petaca,otros,nacional,0.95
VEGAS ROBAINA Clásicos (25),cigarrillos,nacional,17.6
VEGAS ROBAINA Clásicos (25) CM,cigarrillos,nacional,14.9
VEGAS ROBAINA Don Alejandro (25),cigarrillos,nacional,23.5
VEGAS ROBAINA Don Alejandro (25) CM,cigarrillos,nacional,19.85
VEGAS ROBAINA Famosos (25),cigarrillos,nacional,16
VEGAS ROBAINA Famosos (25) CM,cigarrillos,nacional,13.55
VEGAS ROBAINA Serie Sevilla Vegas Robaina Únicos (21),cigarrillos,nacional,29.4
VEGAS ROBAINA Unicos (25),cigarrillos,nacional,22
VEGAS ROBAINA Unicos (25) CM,cigarrillos,nacional,18.6
VEGUEROS Centrofinos (16),cigarrillos,nacional,8.4
VEGUEROS Centrofinos (4),otros,nacional,8.4
VEGUEROS Entretiempos (16),cigarrillos,nacional,7.4
VEGUEROS Entretiempos (16) CM,cigarrillos,nacional,6.3
VEGUEROS Entretiempos (4),otros,nacional,7.4
VEGUEROS Entretiempos (4) CM,otros,nacional,6.3
VEGUEROS Mañanitas (16),cigarrillos,nacional,5.4
VEGUEROS Mañanitas (16) CM,cigarrillos,nacional,4.6
VEGUEROS Mañanitas (4),otros,nacional,5.4
VEGUEROS Mañanitas (4) CM,otros,nacional,4.6
VEGUEROS Tapados (16),cigarrillos,nacional,5.9
VEGUEROS Tapados (16) CM,cigarrillos,nacional,5
VEGUEROS Tapados (4),otros,nacional,5.9
VEGUEROS Tapados (4) CM,otros,nacional,5
VEGUEROS Vegueros Centrogordos (16),cigarrillos,nacional,7.5
VEGUEROS Vegueros Centrogordos (4),otros,nacional,7.5
Veramía (30 g),tabaco-liar,nacional,6.05
VERELLEN Poncho (10),cigarrillos,nacional,0.3
VERELLEN Poncho (10) CM,cigarrillos,nacional,0.26
VERELLEN Poncho (50),cigarrillos,nacional,0.25
VERELLEN Poncho Medium (El envase de 8),otros,nacional,1.55
VERELLEN Poncho Medium Vanilla (El envase de 8),otros,nacional,1.55
VERELLEN Poncho Mini (20),cigarrillos,nacional,0.2
VERELLEN Poncho Mini (20) CM,cigarrillos,nacional,0.18
Verso Blue (20),cigarrillos,nacional,4.5
Verso Red (20),cigarrillos,nacional,4.5
Vibes City Flavoured Cigarettes,puros,nacional,4
Vibes City Flavoured Cigarettes CM,puros,nacional,2.5
Vibes Country Flavoured Cigarettes,puros,nacional,4
Vibes Country Flavoured Cigarettes CM,puros,nacional,2.5
VICTORIA Aromaticos,otros,nacional,0.14
VICTORIA Club,otros,nacional,0.13
VICTORIA Mini Capa Natural (El envase de 10),otros,nacional,2.4
VICTORIA Mini Clásico Capa Natural (El envase de 20),otros,nacional,4.45
VICTORIA Nº 10 (El envase de 10),otros,nacional,3.2
VICTORIA Nº 10 (El envase de 100),otros,nacional,20.5
VICTORIA Nº 5 (El envase de 100),otros,nacional,26.5
VILLA DOMINICANA Villa Dominicana Corona 6 X 46 (10),cigarrillos,nacional,3.7
VILLA DOMINICANA Villa Dominicana Robusto 5x50 (10),cigarrillos,nacional,3.8
VILLA DOMINICANA Villa Dominicana Short Robusto 4 1/2x52 (10),cigarrillos,nacional,3.55
VILLA ZAMORANO Corona (25),cigarrillos,nacional,2
VILLA ZAMORANO El Gordo (25),cigarrillos,nacional,2.6
VILLA ZAMORANO Intenso (25),cigarrillos,nacional,1.9
VILLA ZAMORANO Nº 15 M (25),cigarrillos,nacional,2.65
VILLA ZAMORANO Robusto (25),cigarrillos,nacional,2.2
VILLA ZAMORANO Villa Zamorano El Gordo (15),cigarrillos,nacional,4.65
VILLA ZAMORANO Villa Zamorano Expreso (15),cigarrillos,nacional,2.75
VILLA ZAMORANO Villa Zamorano Intenso (15),cigarrillos,nacional,2.8
VILLA ZAMORANO Villa Zamorano Robusto (15),cigarrillos,nacional,3.9
VILLA ZAMORANO Villa Zamorano Soberano (15),cigarrillos,nacional,5.1
VILLIGER Export Pressed (El envase de 5),otros,nacional,7.2
VILLIGER Gold Mini Filter (20) CM,cigarrillos,nacional,0.12
VILLIGER Gold Mini Filter (el envase de 20),otros,nacional,4.5
VILLIGER Green Mini Filter (20),cigarrillos,nacional,0.25
VILLIGER Green Mini Filter (20) CM,cigarrillos,nacional,0.12
VILLIGER Kiel Junior (El Envase de 10),otros,nacional,5.5
VILLIGER Mini Black Sumatra (20) CM,cigarrillos,nacional,0.12
VILLIGER Mini Black Sumatra (El envase de 20),otros,nacional,4.5
VILLIGER Mini Red Filter (20) CM,cigarrillos,nacional,0.12
VILLIGER Mini Red Filter (El envase de 20),otros,nacional,4.5
VILLIGER Mini White Filter (20),cigarrillos,nacional,0.2
VILLIGER Tubes Special Edition (el envase de 3),otros,nacional,7.5
VILLIGER Villiger 1492 Corona 1x20 (20),cigarrillos,nacional,7.5
VILLIGER Villiger 1492 Robusto 1x20 (20),cigarrillos,nacional,8
VILLIGER Villiger 1888 Corona 1x20 (20),cigarrillos,nacional,7
VILLIGER Villiger 1888 Nicaragua Coronita 1x20 (20),cigarrillos,nacional,7.5
VILLIGER Villiger 1888 Nicaragua Robusto 1x20 (20),cigarrillos,nacional,8.5
VILLIGER Villiger 1888 Robusto 1x20 (20),cigarrillos,nacional,7.5
VILLIGER Villiger Green Tubos (20),cigarrillos,nacional,2
VILLIGER Villiger Mini Sunny Filter (20),cigarrillos,nacional,0.25
VILLIGER Villiger Nº 7 (20),cigarrillos,nacional,1
VILLIGER Villiger Nº 9 (El envase de 10),otros,nacional,4
Vipo Hookah Tobacco Apocalypse (50 g),tabaco-liar,nacional,3.7
Virginia Spring (30 g),tabaco-liar,nacional,3.5
Vogue Super Slims Blue,otros,nacional,7.15
W. O. Larsen Edition 2027 (100 g),tabaco-liar,nacional,25.5
W.O .Larsen A True Delight (50 g),tabaco-liar,nacional,5.9
W.O .Larsen A True Delight (50 g) CM,tabaco-liar,nacional,5.15
W.O .Larsen Simply Unique (50 g),tabaco-liar,nacional,5.9
W.O .Larsen Simply Unique (50 g) CM,tabaco-liar,nacional,5.15
W.O. Larsen 150 Annivers. (100 g),tabaco-liar,nacional,11.6
W.O. Larsen 1864 (100 g),tabaco-liar,nacional,19.3
W.O. Larsen 1864 (100 g) CM,tabaco-liar,nacional,18.9
W.O. Larsen Classic (100 g),tabaco-liar,nacional,19.3
W.O. Larsen Classic (100 g) CM,tabaco-liar,nacional,18.9
W.O. Larsen Craftsman Edition 2018 (100 g),tabaco-liar,nacional,18
W.O. Larsen Edición Limitada 2019 (100 g),tabaco-liar,nacional,19
W.O. Larsen Edition 2013 (100 g),tabaco-liar,nacional,11.3
W.O. Larsen Edition 2013 (100 g) CM,tabaco-liar,nacional,9.8
W.O. Larsen Edition 2014 (100 g),tabaco-liar,nacional,11.6
W.O. Larsen Edition 2015 (100 g),tabaco-liar,nacional,13
W.O. Larsen Edition 2016 (100 g),tabaco-liar,nacional,14.95
W.O. Larsen Edition 2017 (100 g),tabaco-liar,nacional,18
W.O. Larsen Edition 2018 (100 g),tabaco-liar,nacional,19
W.O. Larsen Fresh & Elegant (50 g),tabaco-liar,nacional,5.9
W.O. Larsen Fresh & Elegant (50 g) CM,tabaco-liar,nacional,5.15
W.O. Larsen M.B.Golden Dream (50 g),tabaco-liar,nacional,5.9
W.O. Larsen M.B.Golden Dream (50 g) CM,tabaco-liar,nacional,5.15
W.O. Larsen M.B.Mellow Mix (50 g),tabaco-liar,nacional,5.9
W.O. Larsen M.B.Mellow Mix (50 g) CM,tabaco-liar,nacional,5.15
W.O. Larsen M.B.Sweet Arom (50 g),tabaco-liar,nacional,5.9
W.O. Larsen M.B.Sweet Arom (50 g) CM,tabaco-liar,nacional,5.15
W.O. Larsen Mellow & Tasty (50 g),tabaco-liar,nacional,5.9
W.O. Larsen Mellow & Tasty (50 g) CM,tabaco-liar,nacional,5.15
W.O. Larsen Old Fashion (100 g),tabaco-liar,nacional,19.3
W.O. Larsen Old Fashion (100 g) CM,tabaco-liar,nacional,18.9
W.O. Larsen Signature (100 g),tabaco-liar,nacional,19.3
W.O. Larsen Signature (100 g) CM,tabaco-liar,nacional,18.9
Wessex Brown Flake (50 g),tabaco-liar,nacional,23.95
Wessex Burley Flake (EX) (50 g),tabaco-liar,nacional,23.95
Wessex Director's Choice (50 g),tabaco-liar,nacional,21
Wessex Gold Flake (50 g),tabaco-liar,nacional,22.2
Wessex Red Flake (50 g),tabaco-liar,nacional,19.25
Wessex Tradition (50 g),tabaco-liar,nacional,18.9
West (30 g),tabaco-liar,nacional,6.9
West (40 g),tabaco-liar,nacional,7
West (46 g),tabaco-liar,nacional,10.3
West 21 (Edicion Limitada) (20),cigarrillos,nacional,4.9
West 67G EL (67 g),tabaco-liar,nacional,15.15
West 83G EL (83 g),tabaco-liar,nacional,18.85
West Authentic (24),cigarrillos,nacional,6.2
West Blue 100 (20),cigarrillos,nacional,5
West Blue Compact,otros,nacional,5.4
West Bote (30 g),tabaco-liar,nacional,6.9
West Brooklyn (53 g),tabaco-liar,nacional,9.25
West Brooklyn 100's,otros,nacional,5
West Brooklyn 100'S 21 Limited Edition (21),cigarrillos,nacional,4.75
West Brooklyn 100's CM,otros,nacional,3.15
West Brooklyn Azul Duro,otros,nacional,5.1
West Brooklyn Rojo Duro,otros,nacional,5.1
West Brooklyn Rojo Duro (22),cigarrillos,nacional,5.5
West Brooklyn Rojo Duro (24),cigarrillos,nacional,6.2
West Brooklyn Rojo Duro CM,otros,nacional,3.25
WEST Cigarritos (el envase de 17),cigarrillos,nacional,3.1
West Fresh (20),cigarrillos,nacional,5.5
West Polar,otros,nacional,5.5
West Red Compact,otros,nacional,5.4
West Red KS Box 40,otros,nacional,10
West Silver,otros,nacional,5.55
Whim (30 g),tabaco-liar,nacional,5.5
"Wild Reserve (12,5 g)",otros,nacional,1.6
WILLEM II  Corona Optimum (25),cigarrillos,nacional,2.2
WILLEM II  Corona Optimum (25) CM,cigarrillos,nacional,1.8
WILLEM II  Moments Premium Aroma Cigars (El envase de 20),puros,nacional,4
WILLEM II  Moments Premium Blue Cigars (El envase de 20),puros,nacional,4
WILLEM II  Moments Premium Original Cigars (El envase de 20),puros,nacional,4
WILLEM II  Primini Original (El Envase de 20),otros,nacional,3.5
WILLEM II  Primini Original (El Envase de 20) CM,otros,nacional,3.07
WILLEM II  Primini Vanilla (El Envase de 20),otros,nacional,3.5
WILLEM II  Primini Vanilla (El Envase de 20) CM,otros,nacional,3.07
WILLEM II  Wings Cigarillos (El Envase de 20),puros,nacional,4.4
WILLEM II  Wings Cigarillos (El Envase de 20) CM,puros,nacional,3.9
WILLEM II  Wings Mini Blue (El Envase de 20),otros,nacional,3.3
WILLEM II  Wings Mini Blue (El Envase de 20) CM,otros,nacional,2.98
WILLEM II  Wings Mini Cigarillos (El Envase de 20),puros,nacional,4.2
WILLEM II  Wings Mini Cigarillos (El Envase de 20) CM,puros,nacional,3.7
WILLEM II  Wings Mini Vainilla (El Envase de 20),otros,nacional,4.6
WILLEM II  Wings Mini Vainilla (El Envase de 20) CM,otros,nacional,4.1
WILLEM II  Wings Vainilla Filter (El Envase de 20),otros,nacional,4.8
WILLEM II  Wings Vainilla Filter (El Envase de 20) CM,otros,nacional,4.2
WILLEM II Primo (El envase de 10),otros,nacional,2.1
WILLEM II Primo Mini (El envase de 20),otros,nacional,4
WILLEM II Wings AB 105 (El envase de 10),otros,nacional,1.75
WILLEM II Wings AB 75 (El envase de 10),otros,nacional,1.5
WILLEM II Wings Cigarillos (El envase de 10),puros,nacional,1.6
WILLEM II Wings Mini Blue (El envase de 10),otros,nacional,1.4
WILLEM II Wings Mini Cigarillos (El envase de 10),puros,nacional,1.5
WILLEM II Wings Mini Vainilla (El envase de 10),otros,nacional,1.7
WILLEM II Wings Mini Vainilla (El envase de 10) CM,otros,nacional,1.35
WILLEM II Wings Vainilla Filter (El envase de 10),otros,nacional,1.8
WILLEM II Wings Vainilla Filter (El envase de 10) CM,otros,nacional,1.44
Wilsons of Sharrow Snuff Apricot (10 g),tabaco-liar,nacional,1.45
Wilsons of Sharrow Snuff Crumbs of Comfort (10 g),tabaco-liar,nacional,1.45
Wilsons of Sharrow Snuff Honey Menthol (10 g),tabaco-liar,nacional,1.45
Wilsons of Sharrow Snuff SP 100 (10 g),tabaco-liar,nacional,1.45
Windsor Blue Superkings,otros,nacional,4.35
Winfield Red,otros,nacional,8.4
Winston Blue 20s,otros,nacional,5.85
Winston Blue Picadura de Liar (70 g),tabaco-liar,nacional,16.2
WINSTON CHURCHILL Spitfire (5),otros,nacional,3
Winston Cigarette Tobacco (12 g),tabaco-liar,nacional,2.2
Winston Cigarette Tobacco (35 g),tabaco-liar,nacional,6.15
Winston Cigarette Tobacco (48 g),tabaco-liar,nacional,8.4
Winston Cigarette Tobacco (53 g),tabaco-liar,nacional,8.9
Winston Classic 100s,otros,nacional,5.5
Winston Classic Ks Box,otros,nacional,6
Winston Classic Ks Box CM,otros,nacional,4.25
Winston Classic Red Ks Soft,otros,nacional,4.6
Winston Evolution Red,otros,nacional,4.4
Winston Expand,otros,nacional,4.45
Winston Picadura de Liar (30g),tabaco-liar,nacional,7.1
Winston picadura de liar o entubar (135 g),tabaco-liar,nacional,33.4
Winston picadura de liar o entubar (200 g),tabaco-liar,nacional,47.6
Winston Picadura de Liar o Entubar (30 g),tabaco-liar,nacional,6.9
Winston picadura de liar o entubar (430 g),tabaco-liar,nacional,103.3
Winston picadura de liar o entubar (450 g),tabaco-liar,nacional,108
Winston picadura de liar o entubar (46 g),tabaco-liar,nacional,11
Winston Picadura de Liar o Entubar (67 g),tabaco-liar,nacional,15.7
Winston Picadura de liar o entubar (82 g),tabaco-liar,nacional,19.9
Winston Picadura de liar o entubar (83 g),tabaco-liar,nacional,20
Winston Picadura Liar (70 g),tabaco-liar,nacional,16.9
Winston Red 100s,otros,nacional,5.65
Winston Red 100s (28),cigarrillos,nacional,7.75
Winston Red 20s,otros,nacional,5.85
Winston Red 20s (cajetilla blanda),otros,nacional,5.75
Winston Red 22s,otros,nacional,4.75
Winston Red 23s (23),cigarrillos,nacional,6.2
Winston Red 35s (35),cigarrillos,nacional,9.6
Winston Selection 100s (20),cigarrillos,nacional,5.25
Winston Selection 20s  (20),cigarrillos,nacional,5.1
Winston Selection 22s (22),cigarrillos,nacional,5.5
Winston Selection 40s,otros,nacional,10
Winston Selection Blue 20s (20) Duty Free,cigarrillos,nacional,5.1
Winston Selection Largo 28s,otros,nacional,7
Winston Selection Largo 29s,otros,nacional,7.35
Winston Tabaco de Liar (25 g),tabaco-liar,nacional,4.4
Winston Xstyle Gold,otros,nacional,4.6
Winston Xstyle Red,otros,nacional,4.4
WO Larsen Wøl Edition 2023 (100 g),tabaco-liar,nacional,20.15
WØL Edition 2024 (100 g),tabaco-liar,nacional,20.5
Wøl Edition 2025 (100 g),tabaco-liar,nacional,24.5
WØL Edition 2026 (100 g),tabaco-liar,nacional,25
WTF! WTF! Berlin Shisharillos (El envase 20),otros,nacional,5.7
WTF! WTF! Cray Shisharillo (5),otros,nacional,0.3
WTF! WTF! Cray Shisharillo Tipsy (El envase de 5),otros,nacional,2.2
WTF! WTF! Cray Shisharrillos (el envase de 20),otros,nacional,5.7
WTF! WTF! Lit Shisharillo (5),otros,nacional,0.3
WTF! WTF! Lit Shisharillo Tipsy (El envase de 5),otros,nacional,2.2
WTF! WTF! Lit Shisharrillos (el envase de 20),otros,nacional,5.7
WTF! WTF! Miami Shisharillos (El envase de 20),otros,nacional,5.7
WTF! WTF! Sheeesh Shisharillo (5),otros,nacional,0.3
WTF! WTF! Sheeesh Shisharillo Tipsy (El envase de 5),otros,nacional,2.2
WTF! WTF! Sheeesh Shisharrillos (el envase de 20),otros,nacional,5.7
WTF! WTF! Squad Shisharillo (5),otros,nacional,0.3
WTF! WTF! Squad Shisharillo Tipsy (El envase de 5),otros,nacional,2.2
WTF! WTF! Squad Shisharrillos (el envase de 20),otros,nacional,5.7
Yesmoke Green Planet (20),cigarrillos,nacional,4.1
Yesmoke Red (20),cigarrillos,nacional,3.95
Yesmoke White Red (20),cigarrillos,nacional,3.95
York International Blue,otros,nacional,3.95
York International Red,otros,nacional,3.95
Zibb American Blend (15 g),tabaco-liar,nacional,2.5
Zibb American Blend (30 g),tabaco-liar,nacional,3.5
Ziggy Amazon Breeze (250 g),tabaco-liar,nacional,20.3
Ziggy Amazon Breeze (250 g) CM,tabaco-liar,nacional,16.25
Ziggy Amazon Breeze (50 g),tabaco-liar,nacional,4.25
Ziggy Amazon Breeze (50 g) CM,tabaco-liar,nacional,3.4
Ziggy Beach Crush (250 g),tabaco-liar,nacional,20.3
Ziggy Beach Crush (250 g) CM,tabaco-liar,nacional,16.25
Ziggy Beach Crush (50 g),tabaco-liar,nacional,4.25
Ziggy Beach Crush (50 g) CM,tabaco-liar,nacional,3.4
Ziggy Brazilian Gold (250 g),tabaco-liar,nacional,20.3
Ziggy Brazilian Gold (250 g) CM,tabaco-liar,nacional,16.25
Ziggy Brazilian Gold (50 g),tabaco-liar,nacional,4.25
Ziggy Brazilian Gold (50 g) CM,tabaco-liar,nacional,3.4
Ziggy Green Hapocalyx (250 g),tabaco-liar,nacional,20.3
Ziggy Green Hapocalyx (250 g) CM,tabaco-liar,nacional,16.25
Ziggy Green Hapocalyx (50 g),tabaco-liar,nacional,4.25
Ziggy Green Hapocalyx (50 g) CM,tabaco-liar,nacional,3.4
Ziggy Green Hapocalyx (990 g),tabaco-liar,nacional,79.5
Ziggy Green Hapocalyx (990 g) CM,tabaco-liar,nacional,63.6
Ziggy Love Diamond (250 g),tabaco-liar,nacional,20.3
Ziggy Love Diamond (250 g) CM,tabaco-liar,nacional,16.25
Ziggy Love Diamond (50 g),tabaco-liar,nacional,4.25
Ziggy Love Diamond (50 g) CM,tabaco-liar,nacional,3.4
Ziggy Lust Crown (250 g),tabaco-liar,nacional,20.3
Ziggy Lust Crown (250 g) CM,tabaco-liar,nacional,16.25
Ziggy Lust Crown (50 g),tabaco-liar,nacional,4.25
Ziggy Lust Crown (50 g) CM,tabaco-liar,nacional,3.4
Ziggy Lust Queen (250 g),tabaco-liar,nacional,20.3
Ziggy Lust Queen (250 g) CM,tabaco-liar,nacional,16.25
Ziggy Lust Queen (50 g),tabaco-liar,nacional,4.25
Ziggy Lust Queen (50 g) CM,tabaco-liar,nacional,3.4
Ziggy Morning Glance (250 g),tabaco-liar,nacional,20.3
Ziggy Morning Glance (250 g) CM,tabaco-liar,nacional,16.25
Ziggy Morning Glance (50 g),tabaco-liar,nacional,4.25
Ziggy Morning Glance (50 g) CM,tabaco-liar,nacional,3.4
Ziggy Native Lines (250 g),tabaco-liar,nacional,20.3
Ziggy Native Lines (250 g) CM,tabaco-liar,nacional,16.25
Ziggy Native Lines (50 g),tabaco-liar,nacional,4.25
Ziggy Native Lines (50 g) CM,tabaco-liar,nacional,3.4
Ziggy Pool Party (250 g),tabaco-liar,nacional,20.3
Ziggy Pool Party (250 g) CM,tabaco-liar,nacional,16.25
Ziggy Pool Party (50 g),tabaco-liar,nacional,4.25
Ziggy Pool Party (50 g) CM,tabaco-liar,nacional,3.4
Ziggy Purple Starburst (250 g),tabaco-liar,nacional,20.3
Ziggy Purple Starburst (250 g) CM,tabaco-liar,nacional,16.25
Ziggy Purple Starburst (50 g),tabaco-liar,nacional,4.25
Ziggy Purple Starburst (50 g) CM,tabaco-liar,nacional,3.4
Ziggy Rainbow Blast (250 g),tabaco-liar,nacional,20.3
Ziggy Rainbow Blast (250 g) CM,tabaco-liar,nacional,16.25
Ziggy Rainbow Blast (50 g),tabaco-liar,nacional,4.25
Ziggy Rainbow Blast (50 g) CM,tabaco-liar,nacional,3.4
Ziggy Red Starburst (250 g),tabaco-liar,nacional,20.3
Ziggy Red Starburst (250 g) CM,tabaco-liar,nacional,16.25
Ziggy Red Starburst (50 g),tabaco-liar,nacional,4.25
Ziggy Red Starburst (50 g) CM,tabaco-liar,nacional,3.4
Ziggy Rocket Flame (250 g),tabaco-liar,nacional,20.3
Ziggy Rocket Flame (250 g) CM,tabaco-liar,nacional,16.25
Ziggy Rocket Flame (50 g),tabaco-liar,nacional,4.25
Ziggy Rocket Flame (50 g) CM,tabaco-liar,nacional,3.4
Ziggy Rubi Shade (250 g),tabaco-liar,nacional,20.3
Ziggy Rubi Shade (250 g) CM,tabaco-liar,nacional,16.25
Ziggy Rubi Shade (50 g),tabaco-liar,nacional,4.25
Ziggy Rubi Shade (50 g) CM,tabaco-liar,nacional,3.4
Ziggy Show Dream (250 g),tabaco-liar,nacional,20.3
Ziggy Show Dream (250 g) CM,tabaco-liar,nacional,16.25
Ziggy Show Dream (50 g),tabaco-liar,nacional,4.25
Ziggy Show Dream (50 g) CM,tabaco-liar,nacional,3.4
Ziggy Summer Sunrise (250 g),tabaco-liar,nacional,20.3
Ziggy Summer Sunrise (250 g) CM,tabaco-liar,nacional,16.25
Ziggy Summer Sunrise (50 g),tabaco-liar,nacional,4.25
Ziggy Summer Sunrise (50 g) CM,tabaco-liar,nacional,3.4
Ziggy Summer Sunrise (990 g),tabaco-liar,nacional,79.5
Ziggy Summer Sunrise (990 g) CM,tabaco-liar,nacional,63.6
Ziggy Thrill Hunter (250 g),tabaco-liar,nacional,20.3
Ziggy Thrill Hunter (250 g) CM,tabaco-liar,nacional,16.25
Ziggy Thrill Hunter (50 g),tabaco-liar,nacional,4.25
Ziggy Thrill Hunter (50 g) CM,tabaco-liar,nacional,3.4
Ziggy Tropical (250 g),tabaco-liar,nacional,20.3
Ziggy Tropical (250 g) CM,tabaco-liar,nacional,16.25
Ziggy Tropical (50 g),tabaco-liar,nacional,4.25
Ziggy Tropical (50 g) CM,tabaco-liar,nacional,3.4
Ziggy Valentine's Kiss (250 g),tabaco-liar,nacional,20.3
Ziggy Valentine's Kiss (250 g) CM,tabaco-liar,nacional,16.25
Ziggy Valentine's Kiss (50 g),tabaco-liar,nacional,4.25
Ziggy Valentine's Kiss (50 g) CM,tabaco-liar,nacional,3.4
Ziggy Velvet Petals (250 g),tabaco-liar,nacional,20.3
Ziggy Velvet Petals (250 g) CM,tabaco-liar,nacional,16.25
Ziggy Velvet Petals (50 g),tabaco-liar,nacional,4.25
Ziggy Velvet Petals (50 g) CM,tabaco-liar,nacional,3.4
Ziggy Wild Dive (250 g),tabaco-liar,nacional,20.3
Ziggy Wild Dive (250 g) CM,tabaco-liar,nacional,16.25
Ziggy Wild Dive (50 g),tabaco-liar,nacional,4.25
Ziggy Wild Dive (50 g) CM,tabaco-liar,nacional,3.4
Ziggy Yellow Hype (250 g),tabaco-liar,nacional,20.3
Ziggy Yellow Hype (250 g) CM,tabaco-liar,nacional,16.25
Ziggy Yellow Hype (50 g),tabaco-liar,nacional,4.25
Ziggy Yellow Hype (50 g) CM,tabaco-liar,nacional,3.4
ZINO Gran Corona,otros,nacional,4.35
ZINO Gran Corona CM,otros,nacional,4
ZINO Nº 3 Tubos (20),cigarrillos,nacional,6.6
ZINO Nº 3 Tubos (20)  CM,cigarrillos,nacional,5.5
ZINO Nº 5 (25),cigarrillos,nacional,3.95
ZINO Nº 5 (25) CM,cigarrillos,nacional,3.55
ZINO Nº 5 (5),otros,nacional,3.95
ZINO Nº 5 (5) CM,otros,nacional,3.55
ZINO Platinum Chubby (12),cigarrillos,nacional,5.5
ZINO Platinum Chubby (3),otros,nacional,5.5
ZINO Platinum Crown Series Barrel (3),otros,nacional,22.9
ZINO Platinum Stout (12),cigarrillos,nacional,6.6
ZINO Platinum Stout (3),otros,nacional,6.6
ZINO Platinum XS (10),cigarrillos,nacional,2
ZINO Platinum Z-Class (20),cigarrillos,nacional,4.05
ZINO Platinum Z-Class (20) CM,cigarrillos,nacional,6.1
ZINO Robusto (4),otros,nacional,6.45
ZINO Robusto (4) CM,otros,nacional,5.8
ZINO Zino Honduras Half Corona (5),otros,nacional,4.9
ZINO Zino Honduras Robusto (25),cigarrillos,nacional,5.8
ZINO Zino Honduras Robusto (5),otros,nacional,5.8
ZINO Zino Honduras Toro (25),cigarrillos,nacional,6.6
ZINO Zino Honduras Toro (5),otros,nacional,6.6
ZINO Zino Mini Nicaragua (El envase de 20),otros,nacional,8.4
ZINO Zino Mini Red (El envase de 20),otros,nacional,8.4
ZINO Zino Nicaragua Gordo (25),cigarrillos,nacional,7.3
ZINO Zino Nicaragua Gordo (4),otros,nacional,7.3
ZINO Zino Nicaragua Half Corona (5),otros,nacional,4.9
ZINO Zino Nicaragua Robusto (25),cigarrillos,nacional,5.9
ZINO Zino Nicaragua Robusto (4),otros,nacional,5.9
ZINO Zino Nicaragua Robusto (5),otros,nacional,5.9
ZINO Zino Nicaragua Short Puritos (El envase de 10),otros,nacional,8
ZINO Zino Nicaragua Short Torpedo (25),cigarrillos,nacional,5.6
ZINO Zino Nicaragua Short Torpedo (4),otros,nacional,5.6
ZINO Zino Nicaragua Toro (25),cigarrillos,nacional,6.9
ZINO Zino Nicaragua Toro (4),otros,nacional,6.9
ZINO Zino Nicaragua Toro (5),otros,nacional,6.9
Zomo Carneiros (200 g),tabaco-liar,nacional,14.85
Zomo Carneiros (50 g),tabaco-liar,nacional,3.7
Zomo Copacabana (200 g),tabaco-liar,nacional,14.85
Zomo Copacabana (50 g),tabaco-liar,nacional,3.7
Zomo Florianópolis (200 g),tabaco-liar,nacional,14.85
Zomo Florianópolis (50 g),tabaco-liar,nacional,3.7
Zomo Genipabu (200 g),tabaco-liar,nacional,14.85
Zomo Genipabu (50 g),tabaco-liar,nacional,3.7
Zomo Grumari (200 g),tabaco-liar,nacional,14.85
Zomo Grumari (50 g),tabaco-liar,nacional,3.7
Zomo Guarujá (200 g),tabaco-liar,nacional,14.85
Zomo Guarujá (50 g),tabaco-liar,nacional,3.7
Zomo Gunga (200 g),tabaco-liar,nacional,14.85
Zomo Gunga (50 g),tabaco-liar,nacional,3.7
Zomo Ipamena (200 g),tabaco-liar,nacional,14.85
Zomo Ipamena (50 g),tabaco-liar,nacional,3.7
Zomo Jericoacoara (200 g),tabaco-liar,nacional,14.85
Zomo Jericoacoara (50 g),tabaco-liar,nacional,3.7
Zomo Lopes Mendes (200 g),tabaco-liar,nacional,14.85
Zomo Lopes Mendes (50 g),tabaco-liar,nacional,3.7
Zomo Santa Catarina (200 g),tabaco-liar,nacional,14.85
Zomo Santa Catarina (50 g),tabaco-liar,nacional,3.7
Zomo Ubatuba (200 g),tabaco-liar,nacional,14.85
Zomo Ubatuba (50 g),tabaco-liar,nacional,3.7
American Blend Pink (30 g) CM,tabaco-liar,ceuta-melilla,2.9
Virginia Blend Authentic (30 g) CM,tabaco-liar,ceuta-melilla,3
Virginia Blend Green (30 g) CM,tabaco-liar,ceuta-melilla,2.9
Virginia Blend Yellow (30 g) CM,tabaco-liar,ceuta-melilla,2.9
A.FLORES A. Flores Half Corona-Capa Madura Latas M (25) CM,cigarrillos,ceuta-melilla,3.25
A.FLORES Gran Reserva Half Corona-Capa Corojo latas (25) CM,cigarrillos,ceuta-melilla,3.25
A.FLORES Gran Reserva Half Corona-Capa Sungrown latas (25) CM,cigarrillos,ceuta-melilla,3.25
Adalya Adalya Power (50 g) CM,tabaco-liar,ceuta-melilla,2.2
Adalya AppGrade (50 g) CM,tabaco-liar,ceuta-melilla,2.2
Adalya Bagdadi (50 g) CM,tabaco-liar,ceuta-melilla,2.2
Adalya Berlin Nights (1000 g) CM,tabaco-liar,ceuta-melilla,33
Adalya Berlin Nights (50 g) CM,tabaco-liar,ceuta-melilla,2.2
Adalya Berlin Nights (990 g) CM,tabaco-liar,ceuta-melilla,33
Adalya Billionaire (50 g) CM,tabaco-liar,ceuta-melilla,2.2
Adalya Black Cane Mnt (50 g) CM,tabaco-liar,ceuta-melilla,2.2
Adalya Black Dragon (50 g) CM,tabaco-liar,ceuta-melilla,2.1
Adalya Black Horchachi (50 g) CM,tabaco-liar,ceuta-melilla,2.1
Adalya Black Lem Bry (50 g) CM,tabaco-liar,ceuta-melilla,2.2
Adalya Black Pych (50 g) CM,tabaco-liar,ceuta-melilla,2.2
Adalya Black Voodoo (50 g) CM,tabaco-liar,ceuta-melilla,2.1
Adalya Blue Dragan (50 g) CM,tabaco-liar,ceuta-melilla,2.2
Adalya Blue I´ss (200 g) CM,tabaco-liar,ceuta-melilla,8
Adalya Blue I'ss (1000 g) CM,tabaco-liar,ceuta-melilla,33
Adalya Blue I'ss (50 g) CM,tabaco-liar,ceuta-melilla,2.2
Adalya Blue I'ss (990 g) CM,tabaco-liar,ceuta-melilla,33
Adalya Blue Lych (50 g) CM,tabaco-liar,ceuta-melilla,2.2
Adalya Blue Yellow (200 g) CM,tabaco-liar,ceuta-melilla,8
Adalya Blue Yellow (50 g) CM,tabaco-liar,ceuta-melilla,2.2
Adalya Chwng Kizz (1000 g) CM,tabaco-liar,ceuta-melilla,31.95
Adalya Chwng Waterloo (50 g) CM,tabaco-liar,ceuta-melilla,2.2
Adalya Chwng Wood Kizz (1000 g) CM,tabaco-liar,ceuta-melilla,31.95
Adalya Chwng Wood Kizz (200 g) CM,tabaco-liar,ceuta-melilla,8
Adalya Chwng Wood Kizz (50 g) CM,tabaco-liar,ceuta-melilla,2.2
Adalya Cindy's (50 g) CM,tabaco-liar,ceuta-melilla,2.2
Adalya Desperado (50 g) CM,tabaco-liar,ceuta-melilla,2.2
Adalya Dragan Code (50 g) CM,tabaco-liar,ceuta-melilla,2.2
Adalya Dulcinea (50 g) CM,tabaco-liar,ceuta-melilla,2.2
Adalya Eskimo Leon  (50 g) CM,tabaco-liar,ceuta-melilla,2.2
Adalya Esmeralda (50 g) CM,tabaco-liar,ceuta-melilla,2.2
Adalya Exotic Rush (50 g) CM,tabaco-liar,ceuta-melilla,2.2
Adalya Gipsy Kings (200 g) CM,tabaco-liar,ceuta-melilla,8
Adalya Gipsy Kings (50 g) CM,tabaco-liar,ceuta-melilla,2.2
Adalya Green Leon Kizz (50 g) CM,tabaco-liar,ceuta-melilla,2.2
Adalya Hawaii (1000 g) CM,tabaco-liar,ceuta-melilla,33
Adalya Hawaii (200 g) CM,tabaco-liar,ceuta-melilla,8
Adalya Hawaii (50 g) CM,tabaco-liar,ceuta-melilla,2.2
Adalya Hawaii (990 g) CM,tabaco-liar,ceuta-melilla,33
Adalya I´ss Kaktu (50 g) CM,tabaco-liar,ceuta-melilla,2.2
Adalya I'ss (50 g) CM,tabaco-liar,ceuta-melilla,2.2
Adalya I'ss Boni (50 g) CM,tabaco-liar,ceuta-melilla,2.2
Adalya I'ss Lie On The Rocks (1000 g) CM,tabaco-liar,ceuta-melilla,33
Adalya I'ss Lie on the Rocks (50 g) CM,tabaco-liar,ceuta-melilla,2.2
Adalya I'ss Lie On The Rocks (990 g) CM,tabaco-liar,ceuta-melilla,33
Adalya Jungle Jungle (50 g) CM,tabaco-liar,ceuta-melilla,2.2
Adalya Kizz (1000 g) CM,tabaco-liar,ceuta-melilla,33
Adalya Kizz (200 g) CM,tabaco-liar,ceuta-melilla,6.95
Adalya Kizz (50 g) CM,tabaco-liar,ceuta-melilla,2.2
Adalya Kizz 2.0 (990 g) CM,tabaco-liar,ceuta-melilla,33
Adalya Krosty App (50 g) CM,tabaco-liar,ceuta-melilla,2.1
Adalya L. Kill (1000 g) CM,tabaco-liar,ceuta-melilla,33
Adalya L. Kill (200 g) CM,tabaco-liar,ceuta-melilla,8
Adalya L. Kill (50 g) CM,tabaco-liar,ceuta-melilla,2.2
Adalya L. Kill 2.0 (990 g) CM,tabaco-liar,ceuta-melilla,33
Adalya La Bonita (50 g) CM,tabaco-liar,ceuta-melilla,2.2
Adalya Leon Pi (50 g) CM,tabaco-liar,ceuta-melilla,2.2
Adalya Love66 (1000 g) CM,tabaco-liar,ceuta-melilla,33
Adalya Love66 (200 g) CM,tabaco-liar,ceuta-melilla,8
Adalya Love66 (50 g) CM,tabaco-liar,ceuta-melilla,2.2
Adalya Love66 (990 g) CM,tabaco-liar,ceuta-melilla,33
Adalya M.M. (50 g) CM,tabaco-liar,ceuta-melilla,2.1
Adalya Manko Tanko (50 g) CM,tabaco-liar,ceuta-melilla,2.2
Adalya Manko Tanko I'ss (1000 g) CM,tabaco-liar,ceuta-melilla,33
Adalya Manko Tanko I'ss (200 g) CM,tabaco-liar,ceuta-melilla,8
Adalya Manko Tanko I'ss (50 g) CM,tabaco-liar,ceuta-melilla,2.2
Adalya Manko Tanko I'ss (990 g) CM,tabaco-liar,ceuta-melilla,33
Adalya Moon Dream (200 g) CM,tabaco-liar,ceuta-melilla,8
Adalya Moon Dream (50 g) CM,tabaco-liar,ceuta-melilla,2.2
Adalya Pair Kizz (50 g) CM,tabaco-liar,ceuta-melilla,2.2
Adalya Paradiso I'ss (50 g) CM,tabaco-liar,ceuta-melilla,2.2
Adalya Passion Kizz (50 g) CM,tabaco-liar,ceuta-melilla,2.2
Adalya Punkman (50 g) CM,tabaco-liar,ceuta-melilla,2.2
Adalya Pych Blue Kizz (50 g) CM,tabaco-liar,ceuta-melilla,2.2
Adalya Red Alert I'ss (1000 g) CM,tabaco-liar,ceuta-melilla,31.95
Adalya Red Alert l'ss (50 g) CM,tabaco-liar,ceuta-melilla,2.2
Adalya Rhapsody (50 g) CM,tabaco-liar,ceuta-melilla,2.2
Adalya Skyfall (50 g) CM,tabaco-liar,ceuta-melilla,2.2
Adalya Sweess Boom (1000 g) CM,tabaco-liar,ceuta-melilla,33
Adalya Sweess Boom (200 g) CM,tabaco-liar,ceuta-melilla,8
Adalya Sweess Boom (50 g) CM,tabaco-liar,ceuta-melilla,2.2
Adalya Sweess Boom (990 g) CM,tabaco-liar,ceuta-melilla,33
Adalya Three Angels (50 g) CM,tabaco-liar,ceuta-melilla,2.2
Adalya Tony´s Destiny (50 g) CM,tabaco-liar,ceuta-melilla,2.2
Adalya Twist Pi (50 g) CM,tabaco-liar,ceuta-melilla,2.1
Adalya Two App (50 g) CM,tabaco-liar,ceuta-melilla,2.2
Adalya Two Yellow I´ss (50 g) CM,tabaco-liar,ceuta-melilla,2.2
Adalya Tynky Wynky (200 g) CM,tabaco-liar,ceuta-melilla,8
Adalya Tynky Wynky (50 g) CM,tabaco-liar,ceuta-melilla,2.2
Adalya Van (50 g) CM,tabaco-liar,ceuta-melilla,2.2
Adalya Waterlon Kizz (50 g) CM,tabaco-liar,ceuta-melilla,2.2
Adalya Waterloo Kizz (200g) CM,tabaco-liar,ceuta-melilla,8
AGIO Mehari's Brasil (El Envase de 20) CM,otros,ceuta-melilla,5.9
AGIO Mehari's Ecuador (El Envase de 20) CM,otros,ceuta-melilla,6.9
AGIO Mehari's Java (El Envase de 20) CM,otros,ceuta-melilla,6.9
AGIO Mehari's Red Orient (El Envase de 20) CM,otros,ceuta-melilla,6.9
Al Fakher Amber Rise (100 g) CM,tabaco-liar,ceuta-melilla,6.5
Al Fakher Big Green (1000 g) CM,tabaco-liar,ceuta-melilla,38
Al Fakher Big Green (250 g) CM,tabaco-liar,ceuta-melilla,12
Al Fakher Big Green (50 g) CM,tabaco-liar,ceuta-melilla,2.5
Al Fakher Big Green (5000 g) CM,tabaco-liar,ceuta-melilla,200
Al Fakher Big Red Splash (200 g) CM,tabaco-liar,ceuta-melilla,9.95
Al Fakher Black Mist (1000 g) CM,tabaco-liar,ceuta-melilla,32
Al Fakher Black Mist (250 g) CM,tabaco-liar,ceuta-melilla,9.95
Al Fakher Blueberry (50 g) CM,tabaco-liar,ceuta-melilla,1.9
Al Fakher Blueberry Mint (50 g) CM,tabaco-liar,ceuta-melilla,1.9
Al Fakher Crimson Crush (100 g) CM,tabaco-liar,ceuta-melilla,6.5
Al Fakher Fusion Lucid Dream (50 g) CM,tabaco-liar,ceuta-melilla,2.3
Al Fakher Fusion Magic Love (250 g) CM,tabaco-liar,ceuta-melilla,10.5
Al Fakher Fusion Magic Love (50 g) CM,tabaco-liar,ceuta-melilla,2.3
Al Fakher Grapes (50 g) CM,tabaco-liar,ceuta-melilla,1.9
Al Fakher Grapes-Mint (50 g) CM,tabaco-liar,ceuta-melilla,1.9
Al Fakher Grapio Night (250 g) CM,tabaco-liar,ceuta-melilla,10.5
Al Fakher Green Chu (1000 g) CM,tabaco-liar,ceuta-melilla,38
Al Fakher Green Chu (50 g) CM,tabaco-liar,ceuta-melilla,2.2
Al Fakher Green Velvet (1000 g) CM,tabaco-liar,ceuta-melilla,34
Al Fakher Ivory Gold (100 g) CM,tabaco-liar,ceuta-melilla,6.5
Al Fakher Magic Love (200 g) CM,tabaco-liar,ceuta-melilla,9.95
Al Fakher Magic Love Crafted Mixes (900 g) CM,tabaco-liar,ceuta-melilla,29.95
Al Fakher Majestic Aurora (100 g) CM,tabaco-liar,ceuta-melilla,6.5
Al Fakher Master Edition Flower Pop (200 g) CM,tabaco-liar,ceuta-melilla,7.95
Al Fakher Master Edition Jazzy Summer (200 g) CM,tabaco-liar,ceuta-melilla,7.95
Al Fakher Master Edition Summer Mix (200 g) CM,tabaco-liar,ceuta-melilla,7.95
Al Fakher Melon (50 g) CM,tabaco-liar,ceuta-melilla,1.9
Al Fakher Mint with Cream (50 g) CM,tabaco-liar,ceuta-melilla,1.9
Al Fakher Nº (-18) (250 g) CM,tabaco-liar,ceuta-melilla,10.5
Al Fakher Nº (-18) (50 g) CM,tabaco-liar,ceuta-melilla,2.3
Al Fakher Nº (-25) (50 g) CM,tabaco-liar,ceuta-melilla,2.3
Al Fakher Nº 18 (50 g) CM,tabaco-liar,ceuta-melilla,1.9
Al Fakher Nº 19 (250 g) CM,tabaco-liar,ceuta-melilla,9
Al Fakher Nº 19 (50 g) CM,tabaco-liar,ceuta-melilla,1.9
Al Fakher Nº 22 (250 g) CM,tabaco-liar,ceuta-melilla,9
Al Fakher Nº 24 (50 g) CM,tabaco-liar,ceuta-melilla,1.9
Al Fakher Nº 31 (50 g) CM,tabaco-liar,ceuta-melilla,1.9
Al Fakher Nº 32 (50 g) CM,tabaco-liar,ceuta-melilla,1.9
Al Fakher Nº 38 (250 g) CM,tabaco-liar,ceuta-melilla,9
Al Fakher Nº 66 (50 g) CM,tabaco-liar,ceuta-melilla,1.9
Al Fakher Nº 7 (250 g) CM,tabaco-liar,ceuta-melilla,9
Al Fakher Nº 8 (250 g) CM,tabaco-liar,ceuta-melilla,9
Al Fakher Polar Freeze (100 g) CM,tabaco-liar,ceuta-melilla,6.5
Al Fakher Strawberry (50 g) CM,tabaco-liar,ceuta-melilla,1.9
Al Fakher The Double Crunch (1000 g) CM,tabaco-liar,ceuta-melilla,40
Al Fakher The Double Crunch (250 g) CM,tabaco-liar,ceuta-melilla,12
Al Fakher The Double Crunch (50 g) CM,tabaco-liar,ceuta-melilla,2.5
Al Fakher The Double Crunch (5000 g) CM,tabaco-liar,ceuta-melilla,200
Al Fakher Watermelon (50 g) CM,tabaco-liar,ceuta-melilla,1.9
Al Fakher Watermelon-Mint (50 g) CM,tabaco-liar,ceuta-melilla,1.9
Al Fakher Wicked Emerald (100 g) CM,tabaco-liar,ceuta-melilla,6.5
Al Fakher Yellow (200 g) CM,tabaco-liar,ceuta-melilla,9.95
Al Fakher Yellow (250 g) CM,tabaco-liar,ceuta-melilla,10.5
Al Fakher Yellow (50 g) CM,tabaco-liar,ceuta-melilla,1.9
Al Sultan Molasses 2 Apple And Cardamon Flavour (50 g) CM,tabaco-liar,ceuta-melilla,1.3
Al Sultan Molasses 2 Apples (250 g) CM,tabaco-liar,ceuta-melilla,6.5
Al Sultan Molasses 2 Apples Flavour  Bote (250 g) CM,tabaco-liar,ceuta-melilla,4.5
Al Sultan Molasses 2 Apples Flavour (50 g) CM,tabaco-liar,ceuta-melilla,1.3
Al Sultan Molasses 2 Apples Flavour 1 Kg (1000 g) CM,tabaco-liar,ceuta-melilla,25
Al Sultan Molasses 5 Apples (250 g) CM,tabaco-liar,ceuta-melilla,6.5
Al Sultan Molasses 5 Apples Flavour (50 g) CM,tabaco-liar,ceuta-melilla,1.3
Al Sultan Molasses 5 Apples Flavour 1 Kg (1000 g) CM,tabaco-liar,ceuta-melilla,25
Al Sultan Molasses 5 Apples Flavour Bote (250 g) CM,tabaco-liar,ceuta-melilla,4.5
Al Sultan Molasses Banana and Milk Flavour (250 g) CM,tabaco-liar,ceuta-melilla,6.5
Al Sultan Molasses Banana and Milk Flavour (50 g) CM,tabaco-liar,ceuta-melilla,1.3
Al Sultan Molasses Banana and Milk Flavour Bote (250 g) CM,tabaco-liar,ceuta-melilla,4.5
Al Sultan Molasses Black Grape Flavour Bote (250 g) CM,tabaco-liar,ceuta-melilla,4.5
Al Sultan Molasses Blackberry Flavour (50 g) CM,tabaco-liar,ceuta-melilla,1.3
Al Sultan Molasses Cappuccino (250 g) CM,tabaco-liar,ceuta-melilla,6.5
Al Sultan Molasses Cappuccino Flavour (50 g) CM,tabaco-liar,ceuta-melilla,1.3
Al Sultan Molasses Cappuccino Flavour Bote (250 g) CM,tabaco-liar,ceuta-melilla,4.5
Al Sultan Molasses Cherry (250 g) CM,tabaco-liar,ceuta-melilla,6.5
Al Sultan Molasses Cherry Flavour Bote (250 g) CM,tabaco-liar,ceuta-melilla,4.5
Al Sultan Molasses Chocolate (250 g) CM,tabaco-liar,ceuta-melilla,6.5
Al Sultan Molasses Chocolate Flavour (50 g) CM,tabaco-liar,ceuta-melilla,1.3
Al Sultan Molasses Chocolate Flavour Bote (250 g) CM,tabaco-liar,ceuta-melilla,4.5
Al Sultan Molasses Cocktail (250 g) CM,tabaco-liar,ceuta-melilla,6.5
Al Sultan Molasses Cocktail Flavour (50 g) CM,tabaco-liar,ceuta-melilla,1.3
Al Sultan Molasses Cocktail Flavour Bote (250 g) CM,tabaco-liar,ceuta-melilla,4.5
Al Sultan Molasses Cola (250 g) CM,tabaco-liar,ceuta-melilla,6.5
Al Sultan Molasses Cola Flavour (50 g) CM,tabaco-liar,ceuta-melilla,1.3
Al Sultan Molasses Cola Flavour 1 Kg (1000 g) CM,tabaco-liar,ceuta-melilla,25
Al Sultan Molasses Cola Flavour Bote (250 g) CM,tabaco-liar,ceuta-melilla,4.5
Al Sultan Molasses Energy Drink Flavour (50 g) CM,tabaco-liar,ceuta-melilla,1.3
Al Sultan Molasses Grape (250 g) CM,tabaco-liar,ceuta-melilla,6.5
Al Sultan Molasses Grape and Mint Flavour (50 g) CM,tabaco-liar,ceuta-melilla,1.3
Al Sultan Molasses Grape Flavour (50 g) CM,tabaco-liar,ceuta-melilla,1.3
Al Sultan Molasses Grape Flavour 1 Kg (1000 g) CM,tabaco-liar,ceuta-melilla,25
Al Sultan Molasses Grape Flavour Bote (250 g) CM,tabaco-liar,ceuta-melilla,4.5
Al Sultan Molasses Green Apple Flavour (50 g) CM,tabaco-liar,ceuta-melilla,1.3
Al Sultan Molasses Gum And Mint Flavour (50 g) CM,tabaco-liar,ceuta-melilla,1.5
Al Sultan Molasses Gum Flavour (250 g) CM,tabaco-liar,ceuta-melilla,6.5
Al Sultan Molasses Gum Flavour (50 g) CM,tabaco-liar,ceuta-melilla,1.5
Al Sultan Molasses Gum Flavour Bote (250 g) CM,tabaco-liar,ceuta-melilla,4.5
Al Sultan Molasses Gum&Mint Flavour 1 Kg (1000 g) CM,tabaco-liar,ceuta-melilla,25
Al Sultan Molasses Honey (250 g) CM,tabaco-liar,ceuta-melilla,6.5
Al Sultan Molasses Honey Flavour Bote (250 g) CM,tabaco-liar,ceuta-melilla,4.5
Al Sultan Molasses Kiwi Flavour (250 g) CM,tabaco-liar,ceuta-melilla,6.5
Al Sultan Molasses Kiwi Flavour (50 g) CM,tabaco-liar,ceuta-melilla,1.3
Al Sultan Molasses Kiwi Flavour Bote (250 g) CM,tabaco-liar,ceuta-melilla,4.5
Al Sultan Molasses Lemon Flavour (250 g) CM,tabaco-liar,ceuta-melilla,6.5
Al Sultan Molasses Lemon Flavour (50 g) CM,tabaco-liar,ceuta-melilla,1.3
Al Sultan Molasses Lemon Flavour 1 Kg (1000 g) CM,tabaco-liar,ceuta-melilla,25
Al Sultan Molasses Lemon Flavour Bote (250 g) CM,tabaco-liar,ceuta-melilla,4.5
Al Sultan Molasses Licorice Flavour (250 g) CM,tabaco-liar,ceuta-melilla,6.5
Al Sultan Molasses Licorice Flavour (50 g) CM,tabaco-liar,ceuta-melilla,1.3
Al Sultan Molasses Licorice Flavour Bote (250 g) CM,tabaco-liar,ceuta-melilla,4.5
Al Sultan Molasses Mango Flavour (250 g) CM,tabaco-liar,ceuta-melilla,6.5
Al Sultan Molasses Mango Flavour Bote (250 g) CM,tabaco-liar,ceuta-melilla,4.5
Al Sultan Molasses Melon (250 g) CM,tabaco-liar,ceuta-melilla,6.5
Al Sultan Molasses Melon Flavour (50 g) CM,tabaco-liar,ceuta-melilla,1.3
Al Sultan Molasses Melon Flavour Bote (250 g) CM,tabaco-liar,ceuta-melilla,4.5
Al Sultan Molasses Mint (250 g) CM,tabaco-liar,ceuta-melilla,6.5
Al Sultan Molasses Mint Flavour (50 g) CM,tabaco-liar,ceuta-melilla,1.5
Al Sultan Molasses Mint Flavour 1 Kg (1000 g) CM,tabaco-liar,ceuta-melilla,25
Al Sultan Molasses Mint Flavour Bote (250 g) CM,tabaco-liar,ceuta-melilla,4.5
Al Sultan Molasses Nº 1 (50 g) CM,tabaco-liar,ceuta-melilla,1.3
Al Sultan Molasses Nº 10 (50 g) CM,tabaco-liar,ceuta-melilla,1.3
Al Sultan Molasses Nº 12 (50 g) CM,tabaco-liar,ceuta-melilla,1.3
Al Sultan Molasses Nº 14 (50 g) CM,tabaco-liar,ceuta-melilla,1.3
Al Sultan Molasses Nº 15 (50 g) CM,tabaco-liar,ceuta-melilla,1.3
Al Sultan Molasses Nº 19 (50 g) CM,tabaco-liar,ceuta-melilla,1.3
Al Sultan Molasses Nº 22 (50 g) CM,tabaco-liar,ceuta-melilla,1.3
Al Sultan Molasses Nº 24 (50 g) CM,tabaco-liar,ceuta-melilla,1.3
Al Sultan Molasses Nº 27 (50 g) CM,tabaco-liar,ceuta-melilla,1.3
Al Sultan Molasses Nº 3 (50 g) CM,tabaco-liar,ceuta-melilla,1.3
Al Sultan Molasses Nº 32 (50 g) CM,tabaco-liar,ceuta-melilla,1.3
Al Sultan Molasses Nº 34 (50 g) CM,tabaco-liar,ceuta-melilla,1.3
Al Sultan Molasses Nº 37 (50 g) CM,tabaco-liar,ceuta-melilla,1.3
Al Sultan Molasses Nº 41 (50 g) CM,tabaco-liar,ceuta-melilla,1.3
Al Sultan Molasses Nº 43 (50 g) CM,tabaco-liar,ceuta-melilla,1.3
Al Sultan Molasses Nº 45 (50 g) CM,tabaco-liar,ceuta-melilla,1.3
Al Sultan Molasses Nº 46 (50 g) CM,tabaco-liar,ceuta-melilla,1.3
Al Sultan Molasses Nº 49 (50 g) CM,tabaco-liar,ceuta-melilla,1.3
Al Sultan Molasses Nº 52 (50 g) CM,tabaco-liar,ceuta-melilla,1.3
Al Sultan Molasses Nº 53 (50 g) CM,tabaco-liar,ceuta-melilla,1.3
Al Sultan Molasses Nº 55 (50 g) CM,tabaco-liar,ceuta-melilla,1.3
Al Sultan Molasses Nº 56 (50 g) CM,tabaco-liar,ceuta-melilla,1.3
Al Sultan Molasses Nº 57 (250g) CM,tabaco-liar,ceuta-melilla,8
Al Sultan Molasses Nº 57 (50 g) CM,tabaco-liar,ceuta-melilla,1.3
Al Sultan Molasses Nº 59 (50 g) CM,tabaco-liar,ceuta-melilla,1.3
Al Sultan Molasses Nº 6 (50 g) CM,tabaco-liar,ceuta-melilla,1.3
Al Sultan Molasses Nº 61 (50 g) CM,tabaco-liar,ceuta-melilla,1.3
Al Sultan Molasses Nº 63 (50 g) CM,tabaco-liar,ceuta-melilla,1.3
Al Sultan Molasses Nº 66 (50 g) CM,tabaco-liar,ceuta-melilla,1.3
Al Sultan Molasses Nº 67 (50 g) CM,tabaco-liar,ceuta-melilla,1.3
Al Sultan Molasses Nº 70 (50 g) CM,tabaco-liar,ceuta-melilla,1.3
Al Sultan Molasses Nº 71 (50 g) CM,tabaco-liar,ceuta-melilla,1.3
Al Sultan Molasses Nº 76 (50 g) CM,tabaco-liar,ceuta-melilla,1.3
Al Sultan Molasses Nº 78 (50 g) CM,tabaco-liar,ceuta-melilla,1.3
Al Sultan Molasses Nº 8 (50 g) CM,tabaco-liar,ceuta-melilla,1.3
Al Sultan Molasses Nº 81 (50 g) CM,tabaco-liar,ceuta-melilla,1.3
Al Sultan Molasses Nº 83 (50 g) CM,tabaco-liar,ceuta-melilla,1.3
Al Sultan Molasses Nº 84 (50 g) CM,tabaco-liar,ceuta-melilla,1.3
Al Sultan Molasses Orange (250 g) CM,tabaco-liar,ceuta-melilla,6.5
Al Sultan Molasses Orange Flavour (50 g)  CM,tabaco-liar,ceuta-melilla,1.3
Al Sultan Molasses Orange Flavour Bote (250 g)  CM,tabaco-liar,ceuta-melilla,4.5
Al Sultan Molasses Passion Flavour (250 g) CM,tabaco-liar,ceuta-melilla,6.5
Al Sultan Molasses Passión Flavour (50 g) CM,tabaco-liar,ceuta-melilla,1.3
Al Sultan Molasses Passión Flavour Bote (250 g) CM,tabaco-liar,ceuta-melilla,4.5
Al Sultan Molasses Peach (250 g) CM,tabaco-liar,ceuta-melilla,6.5
Al Sultan Molasses Peach Flavour  Bote (250 g) CM,tabaco-liar,ceuta-melilla,4.5
Al Sultan Molasses Peach Flavour (50 g) CM,tabaco-liar,ceuta-melilla,1.3
Al Sultan Molasses Rasperry Flavour (50 g) CM,tabaco-liar,ceuta-melilla,1.3
Al Sultan Molasses Rose Flavour (250 g) CM,tabaco-liar,ceuta-melilla,6.5
Al Sultan Molasses Rose Flavour (50 g) CM,tabaco-liar,ceuta-melilla,1.3
Al Sultan Molasses Rose Flavour Bote (250 g) CM,tabaco-liar,ceuta-melilla,4.5
Al Sultan Molasses Strawberry (250 g) CM,tabaco-liar,ceuta-melilla,6.5
Al Sultan Molasses Strawberry Flavour (50 g) CM,tabaco-liar,ceuta-melilla,1.3
Al Sultan Molasses Strawberry Flavour Bote (250 g) CM,tabaco-liar,ceuta-melilla,4.5
Al Sultan Molasses Vanilla Flavour (250 g) CM,tabaco-liar,ceuta-melilla,6.5
Al Sultan Molasses Vanilla Flavour (50 g) CM,tabaco-liar,ceuta-melilla,1.3
Al Sultan Molasses Vanilla Flavour Bote (250 g) CM,tabaco-liar,ceuta-melilla,4.5
Al Sultan Molasses Water Melon Flavour (250 g) CM,tabaco-liar,ceuta-melilla,6.5
Al Sultan Molasses Water Melon Flavour (50 g) CM,tabaco-liar,ceuta-melilla,1.3
Al Sultan Molasses Water Melon Flavour Bote (250 g) CM,tabaco-liar,ceuta-melilla,4.5
Al Sultan Molasses Watermelon and Mint Flavour (50 g) CM,tabaco-liar,ceuta-melilla,1.3
Al Waha Ali Baba (50 g) CM,tabaco-liar,ceuta-melilla,2.1
Al Waha Ringle Rangle (50 g) CM,tabaco-liar,ceuta-melilla,2.1
ALBERO Cigarritos CM,cigarrillos,ceuta-melilla,0.18
ALBERO Nº 1 CM,otros,ceuta-melilla,1.8
Allure Lilac CM,otros,ceuta-melilla,2.2
Allure Organic CM,otros,ceuta-melilla,2.2
"Allure White 0,1 KS CM",otros,ceuta-melilla,2.2
Almassiva 4B (200 g) CM,tabaco-liar,ceuta-melilla,12.3
Almassiva 4B (50 g) CM,tabaco-liar,ceuta-melilla,3.2
Almassiva Black Lebanese (50 g) CM,tabaco-liar,ceuta-melilla,3.2
Almassiva Blaulicht (200 g) CM,tabaco-liar,ceuta-melilla,12.3
Almassiva Blaulicht (50 g) CM,tabaco-liar,ceuta-melilla,3.2
Almassiva Sommer In Beirut (50 g) CM,tabaco-liar,ceuta-melilla,3.2
Almassiva The Big M (50 g) CM,tabaco-liar,ceuta-melilla,3.2
Aloha American (50 g) CM,tabaco-liar,ceuta-melilla,2.45
Aloha Atlantic (200 g) CM,tabaco-liar,ceuta-melilla,10.75
Aloha Double Up (100 g) CM,tabaco-liar,ceuta-melilla,5.7
Aloha Double Up (200 g) CM,tabaco-liar,ceuta-melilla,10.75
Aloha Los Locos (50 g) CM,tabaco-liar,ceuta-melilla,2.45
Aloha Maverick (50 g) CM,tabaco-liar,ceuta-melilla,2.45
Aloha Pacific (50 g) CM,tabaco-liar,ceuta-melilla,2.45
Aloha Somo (200 g) CM,tabaco-liar,ceuta-melilla,10.75
Aloha Splash (50 g) CM,tabaco-liar,ceuta-melilla,2.45
Aloha T.Riko (200 g) CM,tabaco-liar,ceuta-melilla,10.75
Alsbo Black (50 g) CM,tabaco-liar,ceuta-melilla,7.7
Alsbo Gold (50 g) CM,tabaco-liar,ceuta-melilla,7.7
Alsbo Ruby (50 g) CM,tabaco-liar,ceuta-melilla,7.6
Alsbo Sungold (50 g) CM,tabaco-liar,ceuta-melilla,7.4
ALVARO Brevas (50) CM,cigarrillos,ceuta-melilla,0.35
ALVARO Cedros (25) CM,cigarrillos,ceuta-melilla,0.54
ALVARO Regalos CM,otros,ceuta-melilla,0.31
ALVARO Saludos (25) CM,cigarrillos,ceuta-melilla,0.35
Al-Waha 66 (50 g) CM,tabaco-liar,ceuta-melilla,2.1
Al-Waha Amor (50 g) CM,tabaco-liar,ceuta-melilla,2.1
Al-Waha Big Boy (50 g) CM,tabaco-liar,ceuta-melilla,3.35
Al-Waha Blue Lion (50 g) CM,tabaco-liar,ceuta-melilla,3.35
Al-Waha Casper (50 g) CM,tabaco-liar,ceuta-melilla,3.35
Al-Waha Dirty Thirty (50 g) CM,tabaco-liar,ceuta-melilla,2.1
Al-Waha Dólar (50 g) CM,tabaco-liar,ceuta-melilla,2.1
Al-Waha Fresh Loco (50 g) CM,tabaco-liar,ceuta-melilla,2.1
Al-Waha Fresh Mara  (50 g) CM,tabaco-liar,ceuta-melilla,2.1
Al-Waha Freshy Cherr (50 g) CM,tabaco-liar,ceuta-melilla,2.1
Al-Waha Funky Fresh (50 g) CM,tabaco-liar,ceuta-melilla,2.1
Al-Waha Hot'n Cold (50 g) CM,tabaco-liar,ceuta-melilla,2.1
Al-Waha Lcorce (200 g) CM,tabaco-liar,ceuta-melilla,13.35
Al-Waha Lcorce (50 g) CM,tabaco-liar,ceuta-melilla,3.35
Al-Waha Lem Min (50 g) CM,tabaco-liar,ceuta-melilla,2.1
Al-Waha Panana Van (50 g) CM,tabaco-liar,ceuta-melilla,3.35
Al-Waha Sodala (50 g) CM,tabaco-liar,ceuta-melilla,2.1
Al-Waha Sweet Africa (50 g) CM,tabaco-liar,ceuta-melilla,2.1
Al-Waha Tornado (200 g) CM,tabaco-liar,ceuta-melilla,13.35
Al-Waha Tornado (50 g) CM,tabaco-liar,ceuta-melilla,3.35
Al-Waha Zero Gravity (50 g) CM,tabaco-liar,ceuta-melilla,2.1
American Legend CM,otros,ceuta-melilla,2.5
American Legend Menthol CM,otros,ceuta-melilla,2.2
American Legend White CM,otros,ceuta-melilla,2.5
American Spirit Original Blend (30 g) CM,tabaco-liar,ceuta-melilla,3.85
AMIGOS Amigos (El envase de 10) CM,otros,ceuta-melilla,3.15
AMIGOS Amigos (El envase de 20) CM,otros,ceuta-melilla,4.4
AMIGOS Amigos (El envase de 50) CM,otros,ceuta-melilla,16.5
AMIGOS Amigos Medium (El envase de 10) CM,otros,ceuta-melilla,2.45
AMIGOS Amigos Minutos Red (El envase de 20) CM,otros,ceuta-melilla,3.4
AMIGOS Amigos Minutos White (El envase de 20) CM,otros,ceuta-melilla,3.4
AMIGOS Amigos Pocket Red Filter AB (El envase de 20) CM,otros,ceuta-melilla,2.45
AMIGOS Authentic (el envase de 20) CM,otros,ceuta-melilla,4.4
AMIGOS Filter  (El envase de 20) CM,otros,ceuta-melilla,4.5
AMIGOS Pocket (El envase de 20) CM,otros,ceuta-melilla,3.25
AMIGOS Pocket Filter (El envase de 10) CM,otros,ceuta-melilla,1.7
AMIGOS Pocket Filter (El envase de 20) CM,otros,ceuta-melilla,3.15
AMIGOS Pocket Filter AB (el envase de 20) CM,otros,ceuta-melilla,2.45
AMIGOS Pocket Filter White (el envase de 20) CM,otros,ceuta-melilla,2.45
Amphora Full (50 g) CM,tabaco-liar,ceuta-melilla,3.75
ANDREA'S Especiales CM,otros,ceuta-melilla,2.25
ANDREA'S Individual CM,otros,ceuta-melilla,8.15
ANDREA'S Nº 1 CM,otros,ceuta-melilla,2.7
ANDREA'S Nº 2 CM,otros,ceuta-melilla,2.95
ANDREA'S Nº 3 CM,otros,ceuta-melilla,3.05
AQM Babbel (50 g) CM,tabaco-liar,ceuta-melilla,2.1
AQM Black Box (50 g) CM,tabaco-liar,ceuta-melilla,2.2
AQM Black&White (50 g) CM,tabaco-liar,ceuta-melilla,2.1
AQM Fanex (50 g) CM,tabaco-liar,ceuta-melilla,2.2
AQM Golden Anna (50 g) CM,tabaco-liar,ceuta-melilla,2.2
AQM Green Leo (50 g) CM,tabaco-liar,ceuta-melilla,2.2
AQM Kamasutra (50 g) CM,tabaco-liar,ceuta-melilla,2.2
AQM Purple Teeny (50 g) CM,tabaco-liar,ceuta-melilla,2.1
AQM Red Balls (50 g) CM,tabaco-liar,ceuta-melilla,2.2
AQM Red Fall (50 g) CM,tabaco-liar,ceuta-melilla,2.2
AQM Violet Dream (50 g) CM,tabaco-liar,ceuta-melilla,2.1
AQM Zero (50 g) CM,tabaco-liar,ceuta-melilla,2.2
Arábica Molasses 2 Apples Flavour (200 g) CM,tabaco-liar,ceuta-melilla,4.5
Arábica Molasses 2 Apples Flavour (50 g) CM,tabaco-liar,ceuta-melilla,1.2
Arábica Molasses 5 Apples Flavour (200 g) CM,tabaco-liar,ceuta-melilla,4.5
Arábica Molasses 5 Apples Flavour (50 g) CM,tabaco-liar,ceuta-melilla,1.2
Arábica Molasses Banana & Milk Flavour (200 g) CM,tabaco-liar,ceuta-melilla,4.5
Arábica Molasses Banana & Milk Flavour (50 g) CM,tabaco-liar,ceuta-melilla,1.2
Arábica Molasses Cherry Flavour (200 g) CM,tabaco-liar,ceuta-melilla,4.5
Arábica Molasses Cherry Flavour (50 g) CM,tabaco-liar,ceuta-melilla,1.2
Arábica Molasses Chocolate Flavour (200 g) CM,tabaco-liar,ceuta-melilla,4.5
Arábica Molasses Chocolate Flavour (50 g) CM,tabaco-liar,ceuta-melilla,1.2
Arábica Molasses Cola Flavour (200 g) CM,tabaco-liar,ceuta-melilla,4.5
Arábica Molasses Cola Flavour (50 g) CM,tabaco-liar,ceuta-melilla,1.2
Arábica Molasses Grape Flavour (200 g) CM,tabaco-liar,ceuta-melilla,4.5
Arábica Molasses Gum Flavour (200 g) CM,tabaco-liar,ceuta-melilla,4.5
Arábica Molasses Gum Flavour (50 g) CM,tabaco-liar,ceuta-melilla,1.2
Arábica Molasses Kiwi Flavour (50 g) CM,tabaco-liar,ceuta-melilla,1.2
Arábica Molasses Lemon Flavour (200 g) CM,tabaco-liar,ceuta-melilla,4.5
Arábica Molasses Lemon Flavour (50 g) CM,tabaco-liar,ceuta-melilla,1.2
Arábica Molasses Licuorice Flavour (50 g) CM,tabaco-liar,ceuta-melilla,1.2
Arábica Molasses Melon Flavour (50 g) CM,tabaco-liar,ceuta-melilla,1.2
Arábica Molasses Mint Flavour (200 g) CM,tabaco-liar,ceuta-melilla,4.5
Arábica Molasses Mint Flavour (50 g) CM,tabaco-liar,ceuta-melilla,1.2
Arábica Molasses Mix Fruit Flavour (200 g) CM,tabaco-liar,ceuta-melilla,4.5
Arábica Molasses Mix Fruit Flavour (50 g) CM,tabaco-liar,ceuta-melilla,1.2
Arábica Molasses Orange Flavour (200 g) CM,tabaco-liar,ceuta-melilla,4.5
Arábica Molasses Orange Flavour (50 g) CM,tabaco-liar,ceuta-melilla,1.2
Arábica Molasses Peach Flavour (200 g) CM,tabaco-liar,ceuta-melilla,4.5
Arábica Molasses Peach Flavour (50 g) CM,tabaco-liar,ceuta-melilla,1.2
Arábica Molasses Strawberry Flavour (200 g) CM,tabaco-liar,ceuta-melilla,4.5
Arábica Molasses Strawberry Flavour (50 g) CM,tabaco-liar,ceuta-melilla,1.2
Arábica Molasses Watermelon Flavour (200 g) CM,tabaco-liar,ceuta-melilla,4.5
Arábica Molasses Watermelon Flavour (50 g) CM,tabaco-liar,ceuta-melilla,1.2
AVO Domaine 20 CM,otros,ceuta-melilla,4.9
AVO Domaine 30 CM,otros,ceuta-melilla,6.8
AVO Domaine 60 CM,otros,ceuta-melilla,4.4
AVO Domaine Assortment (El envase de 3) CM,otros,ceuta-melilla,17.1
AVO Puritos Classic (10)  CM,cigarrillos,ceuta-melilla,1.65
AVO Puritos Domaine (10)  CM,cigarrillos,ceuta-melilla,1.65
B.N. Clásico Duro CM,otros,ceuta-melilla,2.9
Bali Rounded Virginia (40 g) CM,tabaco-liar,ceuta-melilla,5.1
BANDOLERO Audaces (25) CM,cigarrillos,ceuta-melilla,2.2
BANDOLERO Osados (40) CM,cigarrillos,ceuta-melilla,1.95
BANDOLERO Sagaces (35) CM,cigarrillos,ceuta-melilla,2.15
BANDOLERO Salvajes (30) CM,cigarrillos,ceuta-melilla,2
Big Ben (25 g) CM,tabaco-liar,ceuta-melilla,1.6
Big Ben Classic Green (150 g) CM,tabaco-liar,ceuta-melilla,9.6
Big Ben Classic Green (25 g) CM,tabaco-liar,ceuta-melilla,1.6
Big Ben Classic Mixture (100 g) CM,tabaco-liar,ceuta-melilla,5.9
Big Chief Leaf (30 g) CM,tabaco-liar,ceuta-melilla,3.5
Big Chief Leaf (80 g) CM,tabaco-liar,ceuta-melilla,8
Big Chief Pipe Tobacco Special Indian Cut (80 g) CM,tabaco-liar,ceuta-melilla,3
Black Devil Green (20) CM,cigarrillos,ceuta-melilla,2.2
Black Devil Pink CM,otros,ceuta-melilla,2.2
Black Devil Special Flavour CM,otros,ceuta-melilla,2.2
Blue Horse Alhambra (50 g) CM,tabaco-liar,ceuta-melilla,2.2
Blue Horse Amsterdam Lights (50 g) CM,tabaco-liar,ceuta-melilla,2.1
Blue Horse Baku Nights (50 g) CM,tabaco-liar,ceuta-melilla,2.2
Blue Horse Beirut Al Araq (50 g) CM,tabaco-liar,ceuta-melilla,2.2
Blue Horse Discovery (50 g) CM,tabaco-liar,ceuta-melilla,2.2
Blue Horse Istanblue (50 g) CM,tabaco-liar,ceuta-melilla,2.2
Blue Horse La Beirut (50 g) CM,tabaco-liar,ceuta-melilla,2.2
Blue Horse London Fog (50 g) CM,tabaco-liar,ceuta-melilla,2.1
Blue Horse Mi Amor (1000 g) CM,tabaco-liar,ceuta-melilla,33
Blue Horse Mi Amor (200 g) CM,tabaco-liar,ceuta-melilla,8
Blue Horse Mi Amor (50 g) CM,tabaco-liar,ceuta-melilla,2.2
Blue Horse Mi Amor (990 g) CM,tabaco-liar,ceuta-melilla,31.95
Blue Horse Moscow Evenings (1000 g) CM,tabaco-liar,ceuta-melilla,31.95
Blue Horse Moskow Evenings (50 g) CM,tabaco-liar,ceuta-melilla,2.2
Blue Horse No Woman No Cry (50 g) CM,tabaco-liar,ceuta-melilla,2.2
Blue Horse Paris Romantique (50 g) CM,tabaco-liar,ceuta-melilla,2.1
Blue Horse Rio Kiss (50 g) CM,tabaco-liar,ceuta-melilla,2.1
Blue Horse Sputnik (50 g) CM,tabaco-liar,ceuta-melilla,2.1
Blue Horse Strangers in the Night (50 g) CM,tabaco-liar,ceuta-melilla,2.1
Blue Horse The Coldest Green (200 g) CM,tabaco-liar,ceuta-melilla,8
Blue Horse The Coldest Green (50 g) CM,tabaco-liar,ceuta-melilla,2.2
Blue Horse The Perfect Storm (50 g) CM,tabaco-liar,ceuta-melilla,2.1
Blue Horse Thor´s Flash (50 g) CM,tabaco-liar,ceuta-melilla,2.2
Blue Horse Tokyo Desire (50 g) CM,tabaco-liar,ceuta-melilla,2.2
Blue Horse Venezia Serenata (50 g) CM,tabaco-liar,ceuta-melilla,2.2
Blue Horse Wind Of Amazon (50 g) CM,tabaco-liar,ceuta-melilla,2.2
Blunt Wrap 2X Amber P-5 CM,otros,ceuta-melilla,1
Blunt Wrap 2X Azure P-5 CM,otros,ceuta-melilla,1
Blunt Wrap 2X Black P-5 CM,otros,ceuta-melilla,1
Blunt Wrap 2X Blue P-5 CM,otros,ceuta-melilla,1
Blunt Wrap 2X Brown P-5 CM,otros,ceuta-melilla,1
Blunt Wrap 2X Green P-5 CM,otros,ceuta-melilla,1
Blunt Wrap 2X Ivory P-5 CM,otros,ceuta-melilla,1
Blunt Wrap 2X Jade P-5 CM,otros,ceuta-melilla,1
Blunt Wrap 2X Maroon P-5 CM,otros,ceuta-melilla,1
Blunt Wrap 2X Pink P-5 CM,otros,ceuta-melilla,1
Blunt Wrap 2X Purple P-5 CM,otros,ceuta-melilla,1
Blunt Wrap 2X Red P-5 CM,otros,ceuta-melilla,1
Blunt Wrap 2X Turquoise P-5 CM,otros,ceuta-melilla,1
Blunt Wrap 2X Violet P-5 CM,otros,ceuta-melilla,1
Blunt Wrap 2X White P-5 CM,otros,ceuta-melilla,1
Blunt Wrap 2X Yellow P-5 CM,otros,ceuta-melilla,1
Blunt Wrap 3X Bubble Gum (X3)  CM,otros,ceuta-melilla,1.5
Blunt Wrap 3X Jamaican Rum (X3) CM,otros,ceuta-melilla,1.5
Blunt Wrap 3X Kush (X3) CM,otros,ceuta-melilla,1.5
Blunt Wrap 3X Mojito (X3) CM,otros,ceuta-melilla,1.5
Blunt Wrap 3X Whiskey N'Cola (X3) CM,otros,ceuta-melilla,1.5
Blunt Wrap 3X Zero Natural Flavor (X3) CM,otros,ceuta-melilla,1.5
Blunt Wrap Doble Platinum Bubble Gum (X2) CM,otros,ceuta-melilla,1
Blunt Wrap Doble Platinum Jamaica Rum (X2) CM,otros,ceuta-melilla,1
Blunt Wrap Doble Platinum Mojito (X2) CM,otros,ceuta-melilla,1
Blunt Wrap Doble Platinum Zero (X2) CM,otros,ceuta-melilla,1
Blunt Wrap Double Platinum Apple Martini (X2) CM,otros,ceuta-melilla,1
Blunt Wrap Double Platinum Berries (X2) CM,otros,ceuta-melilla,1
Blunt Wrap Double Platinum Blueberry Bursti (X2) CM,otros,ceuta-melilla,1
Blunt Wrap Double Platinum Chocolate (X2) CM,otros,ceuta-melilla,1
Blunt Wrap Double Platinum Cosmopolitan (X2) CM,otros,ceuta-melilla,1
Blunt Wrap Double Platinum French Vanilla (X2) CM,otros,ceuta-melilla,1
Blunt Wrap Double Platinum Gin & Juice (X2) CM,otros,ceuta-melilla,1
Blunt Wrap Double Platinum Grape a Licious (X2) CM,tabaco-aspirar,ceuta-melilla,1
Blunt Wrap Double Platinum Mello Mango (X2) CM,otros,ceuta-melilla,1
Blunt Wrap Double Platinum Peach Passion (X2) CM,otros,ceuta-melilla,1
Blunt Wrap Double Platinum Pina Colada (X2) CM,otros,ceuta-melilla,1
Blunt Wrap Double Platinum Purple (X2) CM,otros,ceuta-melilla,1
Blunt Wrap Double Platinum Sparkling Gold (X2) CM,otros,ceuta-melilla,1
Blunt Wrap Double Platinum Strawberry Kiwi (X2) CM,otros,ceuta-melilla,1
Blunt Wrap Double Platinum Watermelon (X2) CM,otros,ceuta-melilla,1
Blunt Wrap Double Platinum Wet Cherry (X2) CM,otros,ceuta-melilla,1
Blunt Wrap Double Platinum Wild Honey (X2) CM,otros,ceuta-melilla,1
Blunt Wrap Double Platinum XO Cognac (X2) CM,otros,ceuta-melilla,1
BOLIVAR Belicosos Finos (25) CM,cigarrillos,ceuta-melilla,15.4
BOLIVAR Petit Coronas (25) CM,cigarrillos,ceuta-melilla,9
BOLIVAR Royal Corona Tubo (10) CM,cigarrillos,ceuta-melilla,17.2
BOLIVAR Royal Coronas (25) CM,cigarrillos,ceuta-melilla,16.6
BONESHAKER Mace 60 (20) CM,cigarrillos,ceuta-melilla,5.25
BONESHAKER Maul 54 (20) CM,cigarrillos,ceuta-melilla,6.1
Borkum Riff Black (50 g) CM,tabaco-liar,ceuta-melilla,7.9
Borkum Riff Bronze (50 g) CM,tabaco-liar,ceuta-melilla,7.4
Borkum Riff Champagne (50 g) CM,tabaco-liar,ceuta-melilla,4.95
Borkum Riff Copper (50 g) CM,tabaco-liar,ceuta-melilla,7.9
Borkum Riff Edición Limitada 2012 (100 g) CM,tabaco-liar,ceuta-melilla,8.7
Borkum Riff Edición Limitada 2013 (100 g) CM,tabaco-liar,ceuta-melilla,8.7
Borkum Riff Malt Bronze (200 g) CM,tabaco-liar,ceuta-melilla,22.4
Borkum Riff Orange (50 g) CM,tabaco-liar,ceuta-melilla,7.7
Borkum Riff Original (50 g) CM,tabaco-liar,ceuta-melilla,7.5
Borkum Riff Ruby (50 g) CM,tabaco-liar,ceuta-melilla,7.6
Borkum Riff Scandinavian Mixture (50 g)  CM,tabaco-liar,ceuta-melilla,4.75
Borkum Riff Special Mixture Nº 8 (50 g) CM,tabaco-liar,ceuta-melilla,4.7
Borkum Riff Sungold (50 g) CM,tabaco-liar,ceuta-melilla,7.8
BRANIFF American Blend Filter 100 (El envase de 17) CM,otros,ceuta-melilla,1.5
BRANIFF Linea D'Oro Red (El envase de 20) CM,otros,ceuta-melilla,2
BRANIFF Linea D'Oro White (El envase de 20) CM,otros,ceuta-melilla,1.6
BRANIFF Negro Filt Capa Natural (El envase de 20) CM,otros,ceuta-melilla,1.5
BRANIFF White Filter 100 (el envase de 17) CM,otros,ceuta-melilla,1.5
Bravo American Blend (200 g) CM,tabaco-liar,ceuta-melilla,11.5
Bravo American Blend (25 g) CM,tabaco-liar,ceuta-melilla,1.5
Bravo American Blend (40 g) CM,tabaco-liar,ceuta-melilla,2.3
Bravo American Blend 100's CM,otros,ceuta-melilla,2.4
Bravo American Blend CM,otros,ceuta-melilla,2.4
Bravo American Blend XL (200 g) CM,tabaco-liar,ceuta-melilla,15.2
Bravo Blue 100's CM,otros,ceuta-melilla,2.4
Bravo Blue CM,otros,ceuta-melilla,2.4
Bravo Clásico (40 g) CM,tabaco-liar,ceuta-melilla,2.6
Bravo Clásico Black is Black (20) CM,cigarrillos,ceuta-melilla,2.4
Bravo Clásico CM,otros,ceuta-melilla,2.2
Bravo Clásico Duro (20) CM,cigarrillos,ceuta-melilla,2.4
Bravo Original Blend (30 g) CM,tabaco-liar,ceuta-melilla,2
Bravo Original Blend (80 g) CM,tabaco-liar,ceuta-melilla,5
Bravo Original blend CM,otros,ceuta-melilla,2.2
BRAVO Pop Green ( el envase de 17) CM,otros,ceuta-melilla,1.7
BRAVO Pop Purple (El envase de 17) CM,otros,ceuta-melilla,1.7
BRAVO POR TI Mini Vainilla P20 (El envase de 20) CM,otros,ceuta-melilla,2.6
Bravo Press & Play Choice CM,otros,ceuta-melilla,2.5
Bravo Virginia The Golden Life & Tobacco (25g) CM,tabaco-liar,ceuta-melilla,1.9
Bravo Xpand (49 g) CM,tabaco-liar,ceuta-melilla,3.9
BRAVOS Churchill CM,otros,ceuta-melilla,1
BRAVOS Robusto CM,otros,ceuta-melilla,1.2
BRAVOS Toro CM,otros,ceuta-melilla,1.3
BREAK Blue (el envase de 17) CM,otros,ceuta-melilla,2.6
Break Blue 130 (65 g) CM,tabaco-liar,ceuta-melilla,10.15
Break Blue 22 c.(10 g) CM,tabaco-liar,ceuta-melilla,1.5
Break Blue 30 (15 g) CM,tabaco-liar,ceuta-melilla,2.35
BREAK Original (el envase de 17) CM,otros,ceuta-melilla,2.6
Break Original 130 (65 g) CM,tabaco-liar,ceuta-melilla,10.15
Break Original 22 c.(10 g) CM,tabaco-liar,ceuta-melilla,1.5
Break Original 30 (15 g) CM,tabaco-liar,ceuta-melilla,2.35
BREAK Silver (el envase de 17) CM,otros,ceuta-melilla,2.6
Brookfield (50 g) CM,tabaco-liar,ceuta-melilla,3.2
Brookfield Black Bourbon (50 g) CM,tabaco-liar,ceuta-melilla,3.2
BULLBRAND Bullbrand American Blend Filter Cigars 20 (El envase de 20) CM,puros,ceuta-melilla,1.55
BULLBRAND Filter Cigars (El envase de 20) CM,puros,ceuta-melilla,1.55
Bullbrand Negro (48 g) CM,tabaco-liar,ceuta-melilla,4.55
BUNDLE Selection Churchill (16) CM,cigarrillos,ceuta-melilla,2.4
BUNDLE Selection Corona (16)  CM,cigarrillos,ceuta-melilla,2
BUNDLE Selection Figurado (16) CM,cigarrillos,ceuta-melilla,2.05
BUNDLE Selection Lonsdale (16)  CM,cigarrillos,ceuta-melilla,2.1
BUNDLE Selection Petit Corona (16) CM,cigarrillos,ceuta-melilla,1.8
BUNDLE Selection Petit Panatela (16) CM,cigarrillos,ceuta-melilla,1.6
BUNDLE Selection Robusto (16)  CM,cigarrillos,ceuta-melilla,2.25
Burton Original 20 CM,otros,ceuta-melilla,2.1
CALYPSO Dannemann Moods (el envase de 20) CM,otros,ceuta-melilla,5.35
CALYPSO Dannemann Moods Filter (El Envase de 20) CM,otros,ceuta-melilla,5.7
CALYPSO Reig 15 (10) CM,cigarrillos,ceuta-melilla,0.62
CALYPSO Reig 15 Minor (10) CM,cigarrillos,ceuta-melilla,0.45
CALYPSO Reig Mini (el envase de 20) CM,otros,ceuta-melilla,5.45
CALYPSO Reig Mini Filter (el envase de 20) CM,otros,ceuta-melilla,5.55
CAMACHO Corojo Machitos Cello (8) CM,otros,ceuta-melilla,1.15
CAMACHO Criollo Monarca Tubos (10) CM,cigarrillos,ceuta-melilla,4.5
Camel Blue 20 CM,otros,ceuta-melilla,4.4
Camel Filter Box 20 CM,otros,ceuta-melilla,4.4
CANDLELIGHT Filter Cherry (El envase de 10) CM,otros,ceuta-melilla,1
CANDLELIGHT Filter Vainilla (El envase de 10) CM,otros,ceuta-melilla,1
CANDLELIGHT Robusto Sumatra CM,otros,ceuta-melilla,0.67
CANDLELIGHT Señoritas Sumatra CM,otros,ceuta-melilla,0.18
Cannibal Beast (45 g) CM,tabaco-liar,ceuta-melilla,2.6
Cannibal Bloody (45 g) CM,tabaco-liar,ceuta-melilla,2.6
Cannibal Bloody (60 g) CM,tabaco-liar,ceuta-melilla,3.5
Cannibal Blue Moon (45 g) CM,tabaco-liar,ceuta-melilla,2.6
Cannibal Blue Moon (60 g) CM,tabaco-liar,ceuta-melilla,3.5
Cannibal Brute (45 g) CM,tabaco-liar,ceuta-melilla,2.6
Cannibal Brute (60 g) CM,tabaco-liar,ceuta-melilla,3.5
Cannibal Bubble (45 g) CM,tabaco-liar,ceuta-melilla,2.6
Cannibal Clown (45 g) CM,tabaco-liar,ceuta-melilla,2.6
Cannibal Clown (60 g) CM,tabaco-liar,ceuta-melilla,3.5
Cannibal Cold Blood (45 g) CM,tabaco-liar,ceuta-melilla,2.6
Cannibal Crazy (45 g) CM,tabaco-liar,ceuta-melilla,2.6
Cannibal Crazy (60 g) CM,tabaco-liar,ceuta-melilla,3.5
Cannibal Dark Blood (45 g) CM,tabaco-liar,ceuta-melilla,2.6
Cannibal Dark Blood (60 g) CM,tabaco-liar,ceuta-melilla,3.5
Cannibal Great (180 g) CM,tabaco-liar,ceuta-melilla,9.75
Cannibal Great (60 g) CM,tabaco-liar,ceuta-melilla,3.5
Cannibal Heartless (45 g) CM,tabaco-liar,ceuta-melilla,2.6
Cannibal Lion (45 g) CM,tabaco-liar,ceuta-melilla,2.6
Cannibal Mybro (180 g) CM,tabaco-liar,ceuta-melilla,9.75
Cannibal Ripping (180 g) CM,tabaco-liar,ceuta-melilla,9.75
Cannibal Ripping (60 g) CM,tabaco-liar,ceuta-melilla,3.5
Cannibal Scary (60 g) CM,tabaco-liar,ceuta-melilla,3.5
Cannibal Shadow (60 g) CM,tabaco-liar,ceuta-melilla,3.5
Cannibal Special Christmas (50 g) CM,tabaco-liar,ceuta-melilla,2.5
Cannibal Sweet Bite (45 g) CM,tabaco-liar,ceuta-melilla,2.6
Cannibal Tigrish (45g) CM,tabaco-liar,ceuta-melilla,2.6
Cannibal Tigrish (60 g) CM,tabaco-liar,ceuta-melilla,3.5
Cannibal White Panther (45 g) CM,tabaco-liar,ceuta-melilla,2.6
Cannibal Wild (60 g) CM,tabaco-liar,ceuta-melilla,3.5
CAPITOL Casino (10) CM,cigarrillos,ceuta-melilla,9.25
CAPITOL Gala (10) CM,cigarrillos,ceuta-melilla,10.95
CAPITOL Jack (10) CM,cigarrillos,ceuta-melilla,7.6
Capstan Gold Navy Cut (50 g) CM,tabaco-liar,ceuta-melilla,5.5
Capstan Original Navy Cut (50 g) CM,tabaco-liar,ceuta-melilla,6.5
CASA DE GARCÍA Casa de García Wide Short (10) CM,cigarrillos,ceuta-melilla,1.35
CASA DE GARCÍA Magnum (10) CM,cigarrillos,ceuta-melilla,1.65
CASA DE GARCÍA Robusto (10) CM,cigarrillos,ceuta-melilla,1.35
CASA DE GARCÍA Short Robusto (10) CM,cigarrillos,ceuta-melilla,1.2
CASA DE GARCÍA Toro (10) CM,cigarrillos,ceuta-melilla,1.55
Chaos Baby Noah (50 g) CM,tabaco-liar,ceuta-melilla,1.75
Chaos El Patron (50 g) CM,tabaco-liar,ceuta-melilla,1.75
Chaos Elektra (50 g) CM,tabaco-liar,ceuta-melilla,1.75
Chaos Iceman (50 g) CM,tabaco-liar,ceuta-melilla,1.75
Chaos Mangana (50 g) CM,tabaco-liar,ceuta-melilla,1.75
Chaos Memento (50 g) CM,tabaco-liar,ceuta-melilla,1.75
Chaos Mr. Roboto (50 g) CM,tabaco-liar,ceuta-melilla,1.75
Chaos Passionata (50 g) CM,tabaco-liar,ceuta-melilla,1.75
Chaos Policeman (50 g) CM,tabaco-liar,ceuta-melilla,1.75
Chema Classic (30 g) CM,tabaco-liar,ceuta-melilla,1.6
Chema V-Type (30 g) CM,tabaco-liar,ceuta-melilla,1.6
Chesterfield Label (20) CM,cigarrillos,ceuta-melilla,3
Chesterfield Original Duro CM,otros,ceuta-melilla,4.25
CHURCHILL Nº 4 CM,otros,ceuta-melilla,1.89
Clan (50 g) CM,tabaco-liar,ceuta-melilla,7.7
Clan Blue (50 g) CM,tabaco-liar,ceuta-melilla,7.9
Clan Highland Gold (50 g) CM,tabaco-liar,ceuta-melilla,3.95
Clan Hollandia (40 g) CM,tabaco-liar,ceuta-melilla,5.2
Cleopatra Molasses Amaretto (250 g) CM,tabaco-liar,ceuta-melilla,3
Cleopatra Molasses Amaretto (50 g) CM,tabaco-liar,ceuta-melilla,0.9
Cleopatra Molasses Apple (250 g) CM,tabaco-liar,ceuta-melilla,3
Cleopatra Molasses Apple (50 g) CM,tabaco-liar,ceuta-melilla,0.9
Cleopatra Molasses Café (250 g) CM,tabaco-liar,ceuta-melilla,3
Cleopatra Molasses Cherry (250 g) CM,tabaco-liar,ceuta-melilla,3
Cleopatra Molasses Cherry (50 g) CM,tabaco-liar,ceuta-melilla,0.9
Cleopatra Molasses Chocolate (250 g) CM,tabaco-liar,ceuta-melilla,3
Cleopatra Molasses Chocolate (50 g) CM,tabaco-liar,ceuta-melilla,0.9
Cleopatra Molasses Chocolate With Mint (250 g) CM,tabaco-liar,ceuta-melilla,3
Cleopatra Molasses Chocolate With Mint (50 g) CM,tabaco-liar,ceuta-melilla,0.9
Cleopatra Molasses Coconut (250 g) CM,tabaco-liar,ceuta-melilla,3
Cleopatra Molasses Coconut (50 g) CM,tabaco-liar,ceuta-melilla,0.9
Cleopatra Molasses Fruits (250 g) CM,tabaco-liar,ceuta-melilla,3
Cleopatra Molasses Fruits (50 g) CM,tabaco-liar,ceuta-melilla,0.9
Cleopatra Molasses Grapes (250 g) CM,tabaco-liar,ceuta-melilla,3
Cleopatra Molasses Grapes (50 g) CM,tabaco-liar,ceuta-melilla,0.9
Cleopatra Molasses Mango (250 g) CM,tabaco-liar,ceuta-melilla,3
Cleopatra Molasses Mango (50 g) CM,tabaco-liar,ceuta-melilla,0.9
Cleopatra Molasses Mint (250 g) CM,tabaco-liar,ceuta-melilla,3
Cleopatra Molasses Mint (50 g) CM,tabaco-liar,ceuta-melilla,0.9
Cleopatra Molasses Peach (250 g) CM,tabaco-liar,ceuta-melilla,3
Cleopatra Molasses Peach (50 g) CM,tabaco-liar,ceuta-melilla,0.9
Cleopatra Molasses Strawberry (250 g) CM,tabaco-liar,ceuta-melilla,3
Cleopatra Molasses Strawberry (50 g) CM,tabaco-liar,ceuta-melilla,0.9
Cleopatra Molasses Sweet Melon (250 g) CM,tabaco-liar,ceuta-melilla,3
Cleopatra Molasses Sweet Melon (50 g) CM,tabaco-liar,ceuta-melilla,0.9
Cleopatra Molasses Water Melon (250 g) CM,tabaco-liar,ceuta-melilla,3
Cleopatra Molasses Water Melon (50 g) CM,tabaco-liar,ceuta-melilla,0.9
Cleopatra Molasses Watermelon With Mint (250 g) CM,tabaco-liar,ceuta-melilla,3
Cleopatra Molasses Watermelon With Mint (50 g) CM,tabaco-liar,ceuta-melilla,0.9
CLUBMASTER Mini Blue (El envase de 20) CM,otros,ceuta-melilla,3.4
CLUBMASTER Mini Brown (el envase de 20) CM,otros,ceuta-melilla,3.4
CLUBMASTER Mini Filter Red  (El envase de 20) CM,otros,ceuta-melilla,3.5
CLUBMASTER Mini Nº 121 Sum (El Envase de 20) CM,otros,ceuta-melilla,3.4
CLUBMASTER Mini Red 232 (El Envase de 20) CM,otros,ceuta-melilla,3.4
CLUBMASTER Superior Filter Red ( el envase de 10) CM,otros,ceuta-melilla,1.8
CLUBMASTER Superior Filter White (el envase de 10) CM,otros,ceuta-melilla,1.8
COHIBA Behike BHK 52 (10) CM,cigarrillos,ceuta-melilla,194.35
COHIBA Behike BHK 54 (10) CM,cigarrillos,ceuta-melilla,245.05
COHIBA Behike BHK 56 (10) CM,cigarrillos,ceuta-melilla,270.4
COHIBA Club (El Envase de 10) CM,otros,ceuta-melilla,8.2
COHIBA Club (El envase de 20) CM,otros,ceuta-melilla,16
COHIBA Coronas Especiales (25) CM,cigarrillos,ceuta-melilla,50.05
COHIBA Coronas Especiales (5) CM,otros,ceuta-melilla,50.05
COHIBA Esplendidos (25) CM,cigarrillos,ceuta-melilla,108.7
COHIBA Esplendidos (3) CM,otros,ceuta-melilla,108.7
COHIBA Exquisitos (25) CM,cigarrillos,ceuta-melilla,33.15
COHIBA Exquisitos (5) CM,otros,ceuta-melilla,33.15
COHIBA Lanceros (25) CM,cigarrillos,ceuta-melilla,81.65
COHIBA Maduro 5 Genios (10) CM,cigarrillos,ceuta-melilla,86.2
COHIBA Maduro 5 Genios (25) CM,cigarrillos,ceuta-melilla,86.2
COHIBA Maduro 5 Mágicos (10) CM,cigarrillos,ceuta-melilla,71.45
COHIBA Maduro 5 Mágicos (25) CM,cigarrillos,ceuta-melilla,71.45
COHIBA Maduro 5 Secretos (10) CM,cigarrillos,ceuta-melilla,33.1
COHIBA Maduro 5 Secretos (25) CM,cigarrillos,ceuta-melilla,33.1
COHIBA Medio Siglo (25) CM,cigarrillos,ceuta-melilla,57.45
COHIBA Mini (El Envase de 10) CM,otros,ceuta-melilla,6.5
COHIBA Mini (El envase de 20) CM,otros,ceuta-melilla,12.6
COHIBA Panatelas (25) CM,cigarrillos,ceuta-melilla,26.2
COHIBA Panatelas (5) CM,otros,ceuta-melilla,26.2
COHIBA Piramides Extra (10) CM,cigarrillos,ceuta-melilla,107.35
COHIBA Piramides Extra Tubo  (3) CM,otros,ceuta-melilla,109.05
COHIBA Robusto Tubo (3) CM,otros,ceuta-melilla,69.75
COHIBA Robustos (25) CM,cigarrillos,ceuta-melilla,68.05
COHIBA Robustos (3) CM,otros,ceuta-melilla,68.05
COHIBA Short (10) CM,cigarrillos,ceuta-melilla,1.4
COHIBA Siglo I  (5) CM,otros,ceuta-melilla,28.75
COHIBA Siglo I (25) CM,cigarrillos,ceuta-melilla,28.75
COHIBA Siglo I Tubo en Estuche (3) CM,otros,ceuta-melilla,30.4
COHIBA Siglo II (25) CM,cigarrillos,ceuta-melilla,33.1
COHIBA Siglo II (5) CM,otros,ceuta-melilla,33.1
COHIBA Siglo II Tubo (3) CM,otros,ceuta-melilla,34.8
COHIBA Siglo III (25) CM,cigarrillos,ceuta-melilla,48.35
COHIBA Siglo III (5) CM,otros,ceuta-melilla,48.35
COHIBA Siglo III Tubo en Estuche (3) CM,otros,ceuta-melilla,50.05
COHIBA Siglo IV (25) CM,cigarrillos,ceuta-melilla,54.6
COHIBA Siglo IV Tubo (3) CM,otros,ceuta-melilla,56.3
COHIBA Siglo IV(5) CM,otros,ceuta-melilla,54.6
COHIBA Siglo V (25) CM,cigarrillos,ceuta-melilla,59.3
COHIBA Siglo V (5) CM,otros,ceuta-melilla,59.3
COHIBA Siglo V Tubo en Estuche (3) CM,otros,ceuta-melilla,61
COHIBA Siglo VI (10) CM,cigarrillos,ceuta-melilla,93.1
COHIBA Siglo VI (25) CM,cigarrillos,ceuta-melilla,93.1
COHIBA Siglo VI Tubo (3) CM,otros,ceuta-melilla,94.8
COHIBA White Club (El envase de 10) CM,otros,ceuta-melilla,8.2
COHIBA White Club (El envase de 20) CM,otros,ceuta-melilla,16
COHIBA White Mini (El envase de 10) CM,otros,ceuta-melilla,6.5
COHIBA White Mini (El envase de 20) CM,otros,ceuta-melilla,12.6
Colts Blue (70 g) CM,tabaco-liar,ceuta-melilla,5.6
Colts Dutch Blend (40 g) CM,tabaco-liar,ceuta-melilla,3.2
Colts Original (70 g) CM,tabaco-liar,ceuta-melilla,5.6
Colts Red (100 g) CM,tabaco-liar,ceuta-melilla,7.9
Colts Red (20 g) CM,tabaco-liar,ceuta-melilla,1.7
Colts Yellow (40 g) CM,tabaco-liar,ceuta-melilla,3.2
CONSTANTINO GONZALEZ Constantino Gonzalez Corto 4 x 50 (Mazo de 10) CM,otros,ceuta-melilla,2.75
CONSTANTINO GONZALEZ Constantino Gonzalez Corto 4 X 50 M (25) CM,cigarrillos,ceuta-melilla,2.75
CONSTANTINO GONZALEZ Constantino Gonzalez Lancero 7 x 42 M (10) CM,cigarrillos,ceuta-melilla,3.9
CONSTANTINO GONZALEZ Constantino Gonzalez Robusto 5 x 52 (Mazo de 10) CM,otros,ceuta-melilla,3.25
CONSTANTINO GONZALEZ Constantino Gonzalez Robusto 5 X 52 M (25) CM,cigarrillos,ceuta-melilla,3.25
CONSTANTINO GONZALEZ Constantino Gonzalez Toro Extra 6 x 54 (Mazo de 10) CM,otros,ceuta-melilla,3.8
CONVICTO Convicto Coronas (10) CM,cigarrillos,ceuta-melilla,0.5
CONVICTO Convicto Coronas (25) CM,cigarrillos,ceuta-melilla,0.5
CONVICTO Convicto Coronas Celofán (25) CM,cigarrillos,ceuta-melilla,0.5
Coronas A.B. Duro CM,otros,ceuta-melilla,2.5
Coronas Clásico Blando CM,otros,ceuta-melilla,2.5
CORONAS RESERVA Cigarritos (20) CM,cigarrillos,ceuta-melilla,0.13
Corset Lilas Superslims CM,otros,ceuta-melilla,2.8
Corset Marine Superslims CM,otros,ceuta-melilla,2.8
Corset Pink Superslims CM,otros,ceuta-melilla,2.8
Corset White Superslims CM,otros,ceuta-melilla,2.8
Crossroad Natural Gold (25 g) CM,tabaco-liar,ceuta-melilla,3.9
Crossroad Natural Original (25 g) CM,tabaco-liar,ceuta-melilla,3.9
Crossroad Ryo Gold (30 g) CM,tabaco-liar,ceuta-melilla,6
Crossroad Ryo Original (30 g) CM,tabaco-liar,ceuta-melilla,6
Crossroad Ryo Virginia (30 g) CM,tabaco-liar,ceuta-melilla,6
CUABA Distinguidos (10) CM,cigarrillos,ceuta-melilla,18.2
CUABA Divinos (25) CM,cigarrillos,ceuta-melilla,8.05
CUABA Tradicionales (25) CM,cigarrillos,ceuta-melilla,9.65
CUBERO Aroma Filter (el envase de 20) CM,otros,ceuta-melilla,3.05
CUBERO Blue Filtro (El envase de 10) CM,otros,ceuta-melilla,1.65
CUBERO Cubero (El envase de 20) CM,otros,ceuta-melilla,3.3
CUBERO Mini Aroma Filter (el envase de 20) CM,otros,ceuta-melilla,3
CUBERO Mini Red Filter (El envase de 10) CM,otros,ceuta-melilla,1.6
CUBERO Original (el envase de 20) CM,otros,ceuta-melilla,2.75
CUBERO Red Mini (el envase de 10) CM,otros,ceuta-melilla,1.6
CUBERO Vanilla Filter (El envase de 20) CM,otros,ceuta-melilla,3.3
CUSANO Churchill (16) CM,cigarrillos,ceuta-melilla,2.45
CUSANO Churchill (4) CM,otros,ceuta-melilla,2.45
CUSANO Corona (16) CM,cigarrillos,ceuta-melilla,2
CUSANO Corona (4) CM,otros,ceuta-melilla,2
CUSANO Figurado (16) CM,cigarrillos,ceuta-melilla,2.05
CUSANO Figurado (4) CM,otros,ceuta-melilla,2.05
CUSANO Lonsdale (16) CM,cigarrillos,ceuta-melilla,2.1
CUSANO Lonsdale (4) CM,otros,ceuta-melilla,2.1
CUSANO Magnum Corona (16) CM,cigarrillos,ceuta-melilla,0.95
CUSANO Magnum Corona (4) CM,otros,ceuta-melilla,0.95
CUSANO Magnum Robusto (16) CM,cigarrillos,ceuta-melilla,1.1
CUSANO Magnum Robusto (4) CM,otros,ceuta-melilla,1.1
CUSANO Petit Corona (16) CM,cigarrillos,ceuta-melilla,2.44
CUSANO Petit Corona (4) CM,otros,ceuta-melilla,1.8
CUSANO Petit Panetela (16) CM,cigarrillos,ceuta-melilla,1.6
CUSANO Petit Panetela (4) CM,otros,ceuta-melilla,1.6
CUSANO Robusto (16) CM,cigarrillos,ceuta-melilla,2.25
CUSANO Robusto (4) CM,otros,ceuta-melilla,2.25
Danske Club Black Luxury (50 g) CM,tabaco-liar,ceuta-melilla,8.1
DAVIDOFF 1000 (25) CM,cigarrillos,ceuta-melilla,6
DAVIDOFF 1000 (5) CM,otros,ceuta-melilla,6
DAVIDOFF 2000 Tubos (20) CM,cigarrillos,ceuta-melilla,8
DAVIDOFF 2000 Tubos (4) CM,otros,ceuta-melilla,8
DAVIDOFF 3000 (25) CM,cigarrillos,ceuta-melilla,9
DAVIDOFF 3000 (5) CM,otros,ceuta-melilla,9
DAVIDOFF 4000 (25) CM,cigarrillos,ceuta-melilla,11.25
DAVIDOFF 4000 (5) CM,otros,ceuta-melilla,11.25
DAVIDOFF 6000 (25) CM,cigarrillos,ceuta-melilla,7.9
DAVIDOFF 6000 (4) CM,otros,ceuta-melilla,7.9
DAVIDOFF Ambassadrice  (25) CM,cigarrillos,ceuta-melilla,5.9
DAVIDOFF Ambassadrice (10) CM,cigarrillos,ceuta-melilla,5.9
DAVIDOFF Aniversario Entreacto (4) CM,otros,ceuta-melilla,7
DAVIDOFF Aniversario Nº 3 Tubos (20)  CM,cigarrillos,ceuta-melilla,14.9
DAVIDOFF Aniversario Nº 3 Tubos (3) CM,otros,ceuta-melilla,14.9
DAVIDOFF Assortment (La caja de 9) CM,otros,ceuta-melilla,103.4
DAVIDOFF Club Cigarillo (10) CM,puros,ceuta-melilla,0.75
DAVIDOFF Demi Tasse (10) CM,cigarrillos,ceuta-melilla,1.35
DAVIDOFF Doble R (10)  CM,cigarrillos,ceuta-melilla,25.3
DAVIDOFF Entreacto (20)  CM,cigarrillos,ceuta-melilla,5.55
DAVIDOFF Exquisitos (10) CM,cigarrillos,ceuta-melilla,2.05
DAVIDOFF Grand Cru Nº 1 (25) CM,cigarrillos,ceuta-melilla,10.9
DAVIDOFF Grand Cru Nº 1 (5) CM,otros,ceuta-melilla,10.9
DAVIDOFF Grand Cru Nº 2 (25) CM,cigarrillos,ceuta-melilla,9.65
DAVIDOFF Grand Cru Nº 2 (5) CM,otros,ceuta-melilla,9.65
DAVIDOFF Grand Cru Nº 3 (25) CM,cigarrillos,ceuta-melilla,9
DAVIDOFF Grand Cru Nº 3 (5) CM,otros,ceuta-melilla,9
DAVIDOFF Grand Cru Nº 4 (25) CM,cigarrillos,ceuta-melilla,7.15
DAVIDOFF Grand Cru Nº 4 (5) CM,otros,ceuta-melilla,7.15
DAVIDOFF Grand Cru Nº 5 (25) CM,cigarrillos,ceuta-melilla,5.85
DAVIDOFF Grand Cru Nº 5 (5) CM,otros,ceuta-melilla,5.85
"""DAVIDOFF Limited Edition 2008 """"Robusto Extra-Reserva 12"""" (10) CM""",cigarrillos,ceuta-melilla,15
DAVIDOFF Long Panetella (10)  CM,cigarrillos,ceuta-melilla,1.95
DAVIDOFF Millenium Blend Petit Corona (25)  CM,cigarrillos,ceuta-melilla,6.5
DAVIDOFF Millenium Blend Petit Corona (5)  CM,otros,ceuta-melilla,6.5
DAVIDOFF Millenium Blend Robusto (25)  CM,cigarrillos,ceuta-melilla,15
DAVIDOFF Millenium Blend Robusto (4)  CM,otros,ceuta-melilla,15
DAVIDOFF Millenium Blend Short Robusto (20) CM,cigarrillos,ceuta-melilla,7.35
DAVIDOFF Millenium Blend Short Robusto (4) CM,otros,ceuta-melilla,7.35
DAVIDOFF Millennium Blend Lanceros (10) CM,cigarrillos,ceuta-melilla,14.45
DAVIDOFF Nº 1 (25) CM,cigarrillos,ceuta-melilla,13.9
DAVIDOFF Nº 1 (5) CM,otros,ceuta-melilla,13.9
DAVIDOFF Nº 2 (25) CM,cigarrillos,ceuta-melilla,12.55
DAVIDOFF Nº 2 (5) CM,otros,ceuta-melilla,12.55
DAVIDOFF Nº 2 Tubos (20) CM,cigarrillos,ceuta-melilla,13.05
DAVIDOFF Nº 2 Tubos (4) CM,otros,ceuta-melilla,13.05
DAVIDOFF Nº 2000 (25) CM,cigarrillos,ceuta-melilla,7.75
DAVIDOFF Nº 3 (25) CM,cigarrillos,ceuta-melilla,5.95
DAVIDOFF Nº 3 (5) CM,otros,ceuta-melilla,5.95
DAVIDOFF Primeros (6) CM,otros,ceuta-melilla,3.1
DAVIDOFF Puro D'Oro Deliciosos (10) CM,puros,ceuta-melilla,8.85
DAVIDOFF Puro D'Oro Deliciosos (4) CM,puros,ceuta-melilla,8.85
DAVIDOFF Puro D'Oro Magníficos (10) CM,puros,ceuta-melilla,12.35
DAVIDOFF Puro D'Oro Magníficos (4) CM,puros,ceuta-melilla,12.35
DAVIDOFF Puro D'Oro Notables (10) CM,puros,ceuta-melilla,11.4
DAVIDOFF Puro D'Oro Notables (4) CM,puros,ceuta-melilla,11.4
DAVIDOFF Puro D'Oro Sublimes (10) CM,puros,ceuta-melilla,6.9
DAVIDOFF Puro D'Oro Sublimes (4) CM,puros,ceuta-melilla,6.9
DAVIDOFF Robusto Collection (El envase de 5) CM,otros,ceuta-melilla,60.35
Davidoff Scottish Mixture (50g) CM,tabaco-liar,ceuta-melilla,13.12
DAVIDOFF Short Perfecto (25)  CM,cigarrillos,ceuta-melilla,9.8
DAVIDOFF Short Perfecto (4) CM,otros,ceuta-melilla,9.8
DAVIDOFF Signature Nº 2000 (5) CM,otros,ceuta-melilla,11.36
"""DAVIDOFF Special """"C"""" CM""",otros,ceuta-melilla,7.6
DAVIDOFF Special C ND 8*3 (24) CM,cigarrillos,ceuta-melilla,10.75
DAVIDOFF Special R (25) CM,cigarrillos,ceuta-melilla,12.8
DAVIDOFF Special R (4) CM,otros,ceuta-melilla,12.8
DAVIDOFF Special R Tubos (20)  CM,cigarrillos,ceuta-melilla,13.1
DAVIDOFF Special R Tubos (3) CM,otros,ceuta-melilla,13.1
DAVIDOFF Special T  (4) CM,otros,ceuta-melilla,13.1
DAVIDOFF Special T (20)  CM,cigarrillos,ceuta-melilla,13.1
DAVIDOFF Tubos Assortment (El Envase de 3) CM,otros,ceuta-melilla,33.7
Del Mar North Blue (20 g) CM,tabaco-liar,ceuta-melilla,1.2
Del Mar South Red (20 g) CM,tabaco-liar,ceuta-melilla,1.2
DENIM Denim Arctic Blue Filter Cigar (El envase de 17) CM,puros,ceuta-melilla,1.5
DENIM Denim Crystal Purple Filter Cigar (El envase de 17) CM,puros,ceuta-melilla,1.5
DENIM Denim Frozen Green Filter Cigar (El envase de 17) CM,puros,ceuta-melilla,1.5
Denim Red 100 (20) CM,cigarrillos,ceuta-melilla,2
Denim Red American Blend (20) CM,cigarrillos,ceuta-melilla,2.3
DIPLOMATICOS Diplomáticos  Nº 2 (25) CM,cigarrillos,ceuta-melilla,17.45
Domingo Autentico (30 g) CM,tabaco-liar,ceuta-melilla,2.6
Domingo Natural Flavour (25 g) CM,tabaco-liar,ceuta-melilla,2.1
Domingo Natural Flavour Intenso  (25 g) CM,tabaco-liar,ceuta-melilla,2.1
Domingo Negro (30 g) CM,tabaco-liar,ceuta-melilla,2.6
DON SEBASTIAN Corona Cristal (20) CM,cigarrillos,ceuta-melilla,2.7
DON TOMAS Bundles Petit Corona (10) CM,cigarrillos,ceuta-melilla,1.75
DON TOMAS Bundles Robusto (10) CM,cigarrillos,ceuta-melilla,2
DON TOMAS Bundles Rothschild (10) CM,cigarrillos,ceuta-melilla,1.9
DON TOMAS Bundles Toro (10) CM,cigarrillos,ceuta-melilla,1.9
DON TOMAS Clásico 3 Vitolas (El envase de 60) CM,otros,ceuta-melilla,135.2
DON TOMAS Clásico Cofradia (8) CM,otros,ceuta-melilla,2.95
DON TOMAS Clásico Lindos (25) CM,cigarrillos,ceuta-melilla,3.3
DON TOMAS Clásico Nº 4 (5) CM,otros,ceuta-melilla,2.45
DON TOMAS Clasico Robusto (25) CM,cigarrillos,ceuta-melilla,3.9
DON TOMAS Clásico Robusto Selection (60) CM,cigarrillos,ceuta-melilla,2.7
DON TOMAS Clasico Rothschild (25) CM,cigarrillos,ceuta-melilla,3.65
DON TOMAS Classico Cetros Nº 2 (25) CM,cigarrillos,ceuta-melilla,2.65
DON TOMAS Classico Nº 4 (25) CM,cigarrillos,ceuta-melilla,2.45
DON TOMAS Don Tomas Clasico Allegro Tube (20) CM,cigarrillos,ceuta-melilla,5.8
DON TOMAS Toro (10) CM,cigarrillos,ceuta-melilla,3.15
DOS GONZALEZ Petit Corona (El envase de 10) CM,otros,ceuta-melilla,9.55
DOS GONZALEZ Robusto (El envase de 10) CM,otros,ceuta-melilla,10.45
DOS GONZALEZ Rothschild (El envase de 10) CM,otros,ceuta-melilla,10
DOS GONZALEZ Toro (El envase de 10) CM,otros,ceuta-melilla,11.3
Dozaj Amnesia (200 g) CM,tabaco-liar,ceuta-melilla,9.9
Dozaj Black Atomic (50 g) CM,tabaco-liar,ceuta-melilla,3.1
Dozaj Black Berga (50 g) CM,tabaco-liar,ceuta-melilla,3.1
Dozaj Black Booster (50 g) CM,tabaco-liar,ceuta-melilla,3.1
Dozaj Black Cia (50 g) CM,tabaco-liar,ceuta-melilla,3.1
Dozaj Black Code (200 g) CM,tabaco-liar,ceuta-melilla,3
Dozaj Black Code (50 g) CM,tabaco-liar,ceuta-melilla,3.1
Dozaj Black Dark Purple (50 g) CM,tabaco-liar,ceuta-melilla,3.1
Dozaj Black Lux (50 g) CM,tabaco-liar,ceuta-melilla,3.1
Dozaj Black Max (50 g) CM,tabaco-liar,ceuta-melilla,3.1
Dozaj Black Nube (50 g) CM,tabaco-liar,ceuta-melilla,3.1
Dozaj Black Paradox (50 g) CM,tabaco-liar,ceuta-melilla,3.1
Dozaj Black S.O.S. (50 g) CM,tabaco-liar,ceuta-melilla,3.1
Dozaj Carnival (200 g) CM,tabaco-liar,ceuta-melilla,9.9
Dozaj Carnival (50 g) CM,tabaco-liar,ceuta-melilla,2.7
Dozaj Carnival (950 g) CM,tabaco-liar,ceuta-melilla,41.9
Dozaj Cuba Dream (50 g) CM,tabaco-liar,ceuta-melilla,2.7
Dozaj Euphoria (200 g) CM,tabaco-liar,ceuta-melilla,9.9
Dozaj Euphoria (50 g) CM,tabaco-liar,ceuta-melilla,2.7
Dozaj Euphoria (950 g) CM,tabaco-liar,ceuta-melilla,41.9
Dozaj Excalibur (50 g) CM,tabaco-liar,ceuta-melilla,2.7
Dozaj Filomena (200 g) CM,tabaco-liar,ceuta-melilla,9.9
Dozaj Filomena (50 g) CM,tabaco-liar,ceuta-melilla,2.7
Dozaj Furious (200 g) CM,tabaco-liar,ceuta-melilla,9.9
Dozaj Furious (50 g) CM,tabaco-liar,ceuta-melilla,2.7
Dozaj Huracan (200 g) CM,tabaco-liar,ceuta-melilla,9.9
Dozaj Huracan (50 g) CM,tabaco-liar,ceuta-melilla,2.7
Dozaj Huracan (950 g) CM,tabaco-liar,ceuta-melilla,41.9
Dozaj Invisible (200 g) CM,tabaco-liar,ceuta-melilla,9.9
Dozaj Invisible (50 g) CM,tabaco-liar,ceuta-melilla,2.7
Dozaj Krasava (200 g) CM,tabaco-liar,ceuta-melilla,9.9
Dozaj Krasava (50 g) CM,tabaco-liar,ceuta-melilla,2.7
Dozaj Land of Fire (50 g) CM,tabaco-liar,ceuta-melilla,2.7
Dozaj Lio (200 g) CM,tabaco-liar,ceuta-melilla,9.9
Dozaj Lio (50 g) CM,tabaco-liar,ceuta-melilla,2.7
Dozaj Lio (950 g) CM,tabaco-liar,ceuta-melilla,41.9
Dozaj Mangolia (200 g) CM,tabaco-liar,ceuta-melilla,9.9
Dozaj Mangolia (50 g) CM,tabaco-liar,ceuta-melilla,2.7
Dozaj Marshall (50 g) CM,tabaco-liar,ceuta-melilla,2.7
Dozaj Mito (200 g) CM,tabaco-liar,ceuta-melilla,9.9
Dozaj Mito (50 g) CM,tabaco-liar,ceuta-melilla,2.7
Dozaj Old School (200 g) CM,tabaco-liar,ceuta-melilla,9.9
Dozaj Old School (50 g) CM,tabaco-liar,ceuta-melilla,2.7
Dozaj Old School (950 g) CM,tabaco-liar,ceuta-melilla,41.9
Dozaj Orko (200 g) CM,tabaco-liar,ceuta-melilla,9.9
Dozaj Orko (50 g) CM,tabaco-liar,ceuta-melilla,2.7
Dozaj Purple (200 g) CM,tabaco-liar,ceuta-melilla,9.9
Dozaj Purple (50 g) CM,tabaco-liar,ceuta-melilla,2.7
Dozaj Purple (950 g) CM,tabaco-liar,ceuta-melilla,41.9
Dozaj R.I.P. Nairobi (200 g) CM,tabaco-liar,ceuta-melilla,9.9
Dozaj R.I.P. Nairobi (50 g) CM,tabaco-liar,ceuta-melilla,2.7
Dozaj Rich (200 g) CM,tabaco-liar,ceuta-melilla,9.9
Dozaj Rich (50 g) CM,tabaco-liar,ceuta-melilla,2.7
Dozaj Rio Lady (50 g) CM,tabaco-liar,ceuta-melilla,2.7
Dozaj Royal Style (200 g) CM,tabaco-liar,ceuta-melilla,9.9
Dozaj Royal Style (50 g) CM,tabaco-liar,ceuta-melilla,2.7
Dozaj Solo (200 g) CM,tabaco-liar,ceuta-melilla,9.9
Dozaj Solo (50 g) CM,tabaco-liar,ceuta-melilla,2.7
Dozaj Solo (950 g) CM,tabaco-liar,ceuta-melilla,41.9
Dozaj Sweet Night (50 g) CM,tabaco-liar,ceuta-melilla,2.7
Dozaj Timeless (50 g) CM,tabaco-liar,ceuta-melilla,2.7
Dozaj Tokyo (200 g) CM,tabaco-liar,ceuta-melilla,9.9
Dozaj Tokyo (50 g) CM,tabaco-liar,ceuta-melilla,2.7
Dozaj Tokyo (950 g) CM,tabaco-liar,ceuta-melilla,41.9
Dozaj Uff (200g) CM,tabaco-liar,ceuta-melilla,9.9
Dozaj Uff (50 g) CM,tabaco-liar,ceuta-melilla,2.7
Dozaj Uff (950 g) CM,tabaco-liar,ceuta-melilla,41.9
Dozaj Utopia (50 g) CM,tabaco-liar,ceuta-melilla,2.7
Dozaj Vip 44 (50 g) CM,tabaco-liar,ceuta-melilla,2.7
Drugoy Smoke B Chill (50 g) CM,tabaco-liar,ceuta-melilla,3.5
Drugoy Smoke Bigway (50 g) CM,tabaco-liar,ceuta-melilla,3.5
Drugoy Smoke Blue Mix (50 g) CM,tabaco-liar,ceuta-melilla,3.5
Drugoy Smoke B-Nuts (50 g) CM,tabaco-liar,ceuta-melilla,3.5
Drugoy Smoke Exolove (50 g) CM,tabaco-liar,ceuta-melilla,3.5
Drugoy Smoke Fundango (50 g) CM,tabaco-liar,ceuta-melilla,3.5
Drugoy Smoke Icy Kiss (50 g) CM,tabaco-liar,ceuta-melilla,3.5
Drugoy Smoke Kiss With Love (50 g) CM,tabaco-liar,ceuta-melilla,3.5
Drugoy Smoke Pink Mix (50 g) CM,tabaco-liar,ceuta-melilla,3.5
Drugoy Smoke Red Party (50 g) CM,tabaco-liar,ceuta-melilla,3.5
Drugoy Smoke Sub Zero (50 g) CM,tabaco-liar,ceuta-melilla,3.5
Drugoy Smoke XY Beach (50 g) CM,tabaco-liar,ceuta-melilla,3.5
Drugoy Smoke Yellow Mix (50 g) CM,tabaco-liar,ceuta-melilla,3.5
Drugoy Smoke Zitricola (50 g) CM,tabaco-liar,ceuta-melilla,3.5
Drum (50 g) CM,tabaco-liar,ceuta-melilla,7.5
Drum Bright Blue (50 g) CM,tabaco-liar,ceuta-melilla,4.7
Drum Gold (50 g) CM,tabaco-liar,ceuta-melilla,4.7
Ducados Azul Blando CM,otros,ceuta-melilla,4.25
Ducados Azul Duro CM,otros,ceuta-melilla,4.25
Ducados Azul/Blanco Blando CM,otros,ceuta-melilla,2.65
DUCADOS Mini (El envase de 20) CM,otros,ceuta-melilla,3.6
DUCADOS Mini Classic (El Envase de 20) CM,otros,ceuta-melilla,3.6
DUCADOS Mini Classic (El envase de 60) CM,otros,ceuta-melilla,10.6
Ducados Rubio Blue Box by John Payer Special CM,otros,ceuta-melilla,2.4
Ducados Rubio by John Player Special (30 g) CM,tabaco-liar,ceuta-melilla,3.2
Ducados Rubio Red Box (20) CM,cigarrillos,ceuta-melilla,3.8
Ducal Red CM,otros,ceuta-melilla,2.5
DUX Maior (El Envase de 10) CM,otros,ceuta-melilla,3.1
DUX Puritos ( El Envase de 2) CM,otros,ceuta-melilla,0.44
DUX Puritos (El envase de 10) CM,otros,ceuta-melilla,2.8
EL CAVALLER Caliqueño Nº 2 (20) CM,cigarrillos,ceuta-melilla,0.7
EL CORSARIO Caliqueños CM,otros,ceuta-melilla,0.34
EL CRIOLLITO DBL Magnum 6X60 C (24) CM,cigarrillos,ceuta-melilla,3.85
EL CRIOLLITO DBL Magnum Mazo (20) CM,cigarrillos,ceuta-melilla,3.6
EL CRIOLLITO Half Corona Mazo (20) CM,cigarrillos,ceuta-melilla,2.5
EL GUAJIRO Aromas (10) CM,cigarrillos,ceuta-melilla,0.34
EL GUAJIRO Brevas (50) CM,cigarrillos,ceuta-melilla,0.6
EL GUAJIRO Cortados (50) CM,cigarrillos,ceuta-melilla,0.23
EL GUAJIRO El Guajiro Trompetas (5) CM,otros,ceuta-melilla,0.37
EL GUAJIRO Especiales Guajiro (50) CM,cigarrillos,ceuta-melilla,0.5
EL GUAJIRO Forte Trompetas (5) CM,otros,ceuta-melilla,0.37
EL GUAJIRO Gran Cedro (25) CM,cigarrillos,ceuta-melilla,1.6
EL GUAJIRO Guajiro Nº 5 (25) CM,cigarrillos,ceuta-melilla,0.9
EL GUAJIRO Mini Trompetas (5) CM,otros,ceuta-melilla,0.34
EL GUAJIRO Palmeritos (El envase de 10) CM,otros,ceuta-melilla,1.9
EL GUAJIRO Palmeros (50) CM,cigarrillos,ceuta-melilla,0.5
EL GUAJIRO Ruffis CM,otros,ceuta-melilla,0.18
EL GUAJIRO Señoritas (50) CM,cigarrillos,ceuta-melilla,0.29
EL GUAJIRO Tarajales (50) CM,cigarrillos,ceuta-melilla,0.29
EL GUAJIRO Trompetas (20) CM,cigarrillos,ceuta-melilla,0.37
EL GUAJIRO Tubulares CM,otros,ceuta-melilla,1.26
EL PESCADOR Marineros Caliqueños CM,otros,ceuta-melilla,0.23
EL TRATADO Bula CM,otros,ceuta-melilla,3
EL TRATADO Bula de Oro CM,otros,ceuta-melilla,4
EL TRATADO Burlón CM,otros,ceuta-melilla,1.1
EL TRATADO Decisión CM,otros,ceuta-melilla,4.1
EL TRATADO El Tratadito CM,otros,ceuta-melilla,0.2
EL TRATADO Meridiano CM,otros,ceuta-melilla,3.55
EL TRATADO Papal CM,otros,ceuta-melilla,3.65
EL TRATADO Tempranillo CM,otros,ceuta-melilla,1.1
Elixyr Ice Pipe (120 g) CM,tabaco-liar,ceuta-melilla,7.3
Elixyr Maxx Pipe (140 g) CM,tabaco-liar,ceuta-melilla,8.3
Elixyr Maxx Pipe (20 g) CM,tabaco-liar,ceuta-melilla,1.25
ENTREFINOS Chicos CM,otros,ceuta-melilla,0.32
ENTREFINOS Cortados (El envase de 10) CM,otros,ceuta-melilla,4.1
ENTREFINOS Java (El envase de 10) CM,otros,ceuta-melilla,4.1
ENTREFINOS Mini (El Envase de 20) CM,otros,ceuta-melilla,4.1
ENTREFINOS Momentos CM,otros,ceuta-melilla,0.3
Erasmus  Amsterdam (50 g) CM,tabaco-liar,ceuta-melilla,2.5
Erasmus  Athenas (50 g) CM,tabaco-liar,ceuta-melilla,2.5
Erasmus  Berlin (50 g) CM,tabaco-liar,ceuta-melilla,2.5
Erasmus  Bruselas (50 g) CM,tabaco-liar,ceuta-melilla,2.5
Erasmus  Helsinki (50 g) CM,tabaco-liar,ceuta-melilla,2.5
Erasmus  London (50 g) CM,tabaco-liar,ceuta-melilla,2.5
Erasmus  Paris (50 g) CM,tabaco-liar,ceuta-melilla,2.5
Erasmus  Roma (50 g) CM,tabaco-liar,ceuta-melilla,2.5
Erasmus Engagement (50 g) CM,tabaco-liar,ceuta-melilla,2.5
Erasmus Hashtag (50 g) CM,tabaco-liar,ceuta-melilla,2.5
Erasmus Inbound (50 g) CM,tabaco-liar,ceuta-melilla,2.5
Erasmus Influencer (50 g) CM,tabaco-liar,ceuta-melilla,2.5
Erasmus Klout (50 g) CM,tabaco-liar,ceuta-melilla,2.5
Erasmus Millennial (50 g) CM,tabaco-liar,ceuta-melilla,2.5
Erasmus Photobomb (50 g) CM,tabaco-liar,ceuta-melilla,2.5
Erasmus Timeline (50 g) CM,tabaco-liar,ceuta-melilla,2.5
Erinmore Flake Lata (50 g) CM,tabaco-liar,ceuta-melilla,11.1
Erinmore Mixture Lata (50 g) CM,tabaco-liar,ceuta-melilla,10.1
ESSENZE Aroma Cigarritos (El envase de 20) CM,cigarrillos,ceuta-melilla,3.9
ESSENZE Coffe Cigarritos (El envase de 20) CM,cigarrillos,ceuta-melilla,3.9
ESSENZE Vanilla Cigarritos (El envase de 20) CM,cigarrillos,ceuta-melilla,3.9
Eternal Smoke Danish Goodies (50 g) CM,tabaco-liar,ceuta-melilla,2.1
Eternal Smoke Delightful Kiss (50 g) CM,tabaco-liar,ceuta-melilla,2.1
Eternal Smoke Lush Lit (50 g) CM,tabaco-liar,ceuta-melilla,2.1
Eternal Smoke Passion Lit (50 g) CM,tabaco-liar,ceuta-melilla,2.1
Eternal Smoke Red Lips (50 g) CM,tabaco-liar,ceuta-melilla,2.1
Eternal Smoke Wild Lit (50 g) CM,tabaco-liar,ceuta-melilla,2.1
Excite Red Duro 20 CM,otros,ceuta-melilla,1.95
FARIAS Chicos (El envase de 10) CM,otros,ceuta-melilla,4.5
FARIAS Club (El envase de 20) CM,otros,ceuta-melilla,5
FARIAS Mini (El Envase de 10) CM,otros,ceuta-melilla,2.5
FARIAS Mini (El envase de 20) CM,otros,ceuta-melilla,4.8
FARIAS Puritos (El envase de 10) CM,otros,ceuta-melilla,4.1
FARIAS Superiores (2)  CM,otros,ceuta-melilla,0.74
FARIAS Superiores (25) CM,cigarrillos,ceuta-melilla,1.45
FARIAS Superiores (5) CM,otros,ceuta-melilla,1.45
FARIAS Superiores (50) CM,cigarrillos,ceuta-melilla,1.45
FARIAS Superiores (El Envase de 1) CM,otros,ceuta-melilla,0.77
FARIAS Superiores sin Celofan (5)  CM,otros,ceuta-melilla,0.74
Flandria Ecos Natural Tobacco (20 g) CM,tabaco-liar,ceuta-melilla,2.35
Flandria English Virginia (30 g) CM,tabaco-liar,ceuta-melilla,3.4
Flandria Negro (20 g) CM,tabaco-liar,ceuta-melilla,2.35
Flandria Negro (30 g) CM,tabaco-liar,ceuta-melilla,3.4
Flandria Sauvage (100 g) CM,tabaco-liar,ceuta-melilla,10.45
Flandria Sauvage (20 g) CM,tabaco-liar,ceuta-melilla,2.2
Flandria Sauvage (30 g) CM,tabaco-liar,ceuta-melilla,3.4
Flandria Tabac Special (100 g) CM,tabaco-liar,ceuta-melilla,11.8
Flandria Virginia (30 g) CM,tabaco-liar,ceuta-melilla,4.25
Flandria Virginia English Style (20 g) CM,tabaco-liar,ceuta-melilla,2.35
Flandria Virginia Natural (20 g) CM,tabaco-liar,ceuta-melilla,2.3
Flandria Wild (30 g) CM,tabaco-liar,ceuta-melilla,3.4
FLEUR DE SAVANE Mini Aromático CM,otros,ceuta-melilla,0.19
FLEUR DE SAVANE Petit Cigare (El envase de 20) CM,puros,ceuta-melilla,4.9
FLEUR DE SAVANE Petit Cigare Beige CM,puros,ceuta-melilla,0.19
FLEUR DE SAVANE Petit Cigare CM,puros,ceuta-melilla,0.19
FLEUR DE SAVANE Tradition CM,otros,ceuta-melilla,0.2
FLOR DE CANO Petit Coronas (25) CM,cigarrillos,ceuta-melilla,3.3
FLOR DE CANO Selectos (25) CM,cigarrillos,ceuta-melilla,3.3
FLOR DE FILIPINAS Coronas (25) CM,cigarrillos,ceuta-melilla,0.4
FLOR DE FILIPINAS Coronitas (25) CM,cigarrillos,ceuta-melilla,0.4
FLOR DE FILIPINAS Robusto (25) CM,cigarrillos,ceuta-melilla,0.4
FLOR DE T. PARTAGAS 8-9-8 (25) CM,cigarrillos,ceuta-melilla,20.55
FLOR DE T. PARTAGAS Aristocrats (25)  CM,cigarrillos,ceuta-melilla,3.65
FLOR DE T. PARTAGAS Coronas Junior (25) CM,cigarrillos,ceuta-melilla,7.7
FLOR DE T. PARTAGAS Coronas Junior (3) CM,otros,ceuta-melilla,7.7
FLOR DE T. PARTAGAS Coronas Senior (3) CM,otros,ceuta-melilla,8.4
FLOR DE T. PARTAGAS Coronas Senior Tubo (25) CM,cigarrillos,ceuta-melilla,8.4
FLOR DE T. PARTAGAS Habaneros (25) CM,cigarrillos,ceuta-melilla,6.7
FLOR DE T. PARTAGAS Lusitanias (25) CM,cigarrillos,ceuta-melilla,27.2
FLOR DE T. PARTAGAS Lusitanias (50) CM,cigarrillos,ceuta-melilla,27.2
FLOR DE T. PARTAGAS Luxe (25) CM,cigarrillos,ceuta-melilla,9.65
FLOR DE T. PARTAGAS Mille Fleurs (10) CM,cigarrillos,ceuta-melilla,6.25
FLOR DE T. PARTAGAS Mille Fleurs (25) CM,cigarrillos,ceuta-melilla,6.25
FLOR DE T. PARTAGAS Mille Fleurs (5) CM,otros,ceuta-melilla,6.25
FLOR DE T. PARTAGAS Mini (El envase de 20) CM,otros,ceuta-melilla,8.1
FLOR DE T. PARTAGAS Partagas Serie D N 5 (10) CM,cigarrillos,ceuta-melilla,8.1
FLOR DE T. PARTAGAS Partagas Serie D N 5 (25) CM,cigarrillos,ceuta-melilla,8.1
FLOR DE T. PARTAGAS Presidentes (25) CM,cigarrillos,ceuta-melilla,16
FLOR DE T. PARTAGAS Salomones (10) CM,cigarrillos,ceuta-melilla,32.3
FLOR DE T. PARTAGAS Serie D N 5 (10) CM,cigarrillos,ceuta-melilla,13.55
FLOR DE T. PARTAGAS Serie D N 5 (25) CM,cigarrillos,ceuta-melilla,13.55
FLOR DE T. PARTAGAS Serie D N.6 (20) CM,cigarrillos,ceuta-melilla,10.55
FLOR DE T. PARTAGAS Serie D N.6 (5) CM,otros,ceuta-melilla,10.55
FLOR DE T. PARTAGAS Serie D Nº 4 (25) CM,cigarrillos,ceuta-melilla,17.9
FLOR DE T. PARTAGAS Serie D Nº 4 (3)  CM,otros,ceuta-melilla,9.25
FLOR DE T. PARTAGAS Serie D Nº 4 Caja (10) CM,cigarrillos,ceuta-melilla,17.9
FLOR DE T. PARTAGAS Serie D Nº 4 T/Alum. (3) CM,otros,ceuta-melilla,18.5
FLOR DE T. PARTAGAS Serie D Nº 5 Tubo (3) CM,otros,ceuta-melilla,14.15
FLOR DE T. PARTAGAS Serie E N 2 (25) CM,cigarrillos,ceuta-melilla,22.65
FLOR DE T. PARTAGAS Serie E N 2 (5) CM,otros,ceuta-melilla,22.65
FLOR DE T. PARTAGAS Serie P Nº 2 (10) CM,cigarrillos,ceuta-melilla,20.05
FLOR DE T. PARTAGAS Serie P Nº 2 (25) CM,cigarrillos,ceuta-melilla,20.05
FLOR DE T. PARTAGAS Serie P Nº 2 T/Alum.(3) CM,otros,ceuta-melilla,20.6
FLOR DE T. PARTAGAS Shorts (25) CM,cigarrillos,ceuta-melilla,6.1
FLOR DE T. PARTAGAS Shorts (50)  CM,cigarrillos,ceuta-melilla,3.5
FLOR DE T. PARTAGAS Super Partagas (25) CM,cigarrillos,ceuta-melilla,8.6
FLOR DEL SOL Robusto (10) CM,cigarrillos,ceuta-melilla,2.4
FLOR DEL SOL Short Robusto (10) CM,cigarrillos,ceuta-melilla,2.2
FLOR ISABELA Corona CM,otros,ceuta-melilla,0.98
FM Fm Play Red Filter Cigar (El envase de 17) CM,puros,ceuta-melilla,1.35
FM FM Play Squizz Filter Cigar (El envase de 17) CM,puros,ceuta-melilla,1.6
FM FM Play White Filter Cigar (El envase de 17) CM,puros,ceuta-melilla,1.35
FONSECA Cadetes KDT (25) CM,cigarrillos,ceuta-melilla,3.65
FONSECA Cosacos (25) CM,cigarrillos,ceuta-melilla,6.2
FONSECA Delicias (25) CM,cigarrillos,ceuta-melilla,3.75
FONSECA Fonseca Nº 1 (25) CM,cigarrillos,ceuta-melilla,8.5
Forever Gold Budapest With Love (200 g) CM,tabaco-liar,ceuta-melilla,12
Forever Gold Budapest With Love (50 g) CM,tabaco-liar,ceuta-melilla,3.5
Forever Gold Storm Jazz Music (200 g) CM,tabaco-liar,ceuta-melilla,14.5
Forever Gold Storm Jazz Music (50 g) CM,tabaco-liar,ceuta-melilla,3.75
Forever Gold Storm Jess Pirate (200 g) CM,tabaco-liar,ceuta-melilla,14.5
Forever Gold Storm Jess Pirate (50 g) CM,tabaco-liar,ceuta-melilla,3.75
Forever Gold Storm Pinkman (200 g) CM,tabaco-liar,ceuta-melilla,14.5
Forever Gold Storm The Cave (200 g) CM,tabaco-liar,ceuta-melilla,14.5
Forever Gold Storm The Cave (50 g) CM,tabaco-liar,ceuta-melilla,3.75
Fortuna Menthol Duro CM,otros,ceuta-melilla,2.85
Fortuna Original  Blue (Azul) 20 CM,otros,ceuta-melilla,3.9
Fortuna Original (20) CM,cigarrillos,ceuta-melilla,3.9
Fortuna Original 23 CM,otros,ceuta-melilla,4.25
Fortuna Original Blando (20) CM,cigarrillos,ceuta-melilla,3.9
Fortuna Plata Duro CM,otros,ceuta-melilla,1.9
Gauloises Rubio Azul CM,otros,ceuta-melilla,2.65
Gawith Original (10 g) CM,tabaco-liar,ceuta-melilla,2
George Karelias And Sons Selected Virginia (20) CM,cigarrillos,ceuta-melilla,3
Gletscherprise (10 g) CM,tabaco-liar,ceuta-melilla,2
Golden Virginia (50 g) CM,tabaco-liar,ceuta-melilla,9.5
Golden Virginia Yellow (50 g) CM,tabaco-liar,ceuta-melilla,4.6
GUANTANAMERA Cristales (25) CM,cigarrillos,ceuta-melilla,1.8
GUANTANAMERA Cristales (5) CM,otros,ceuta-melilla,1.8
GUANTANAMERA Decimos (10) CM,cigarrillos,ceuta-melilla,1.3
GUANTANAMERA Puritos (5) CM,otros,ceuta-melilla,0.65
H.UPMANN Connoisseur Nº 1 (25) CM,cigarrillos,ceuta-melilla,14.45
H.UPMANN Coronas Junior T/Alum (25) CM,cigarrillos,ceuta-melilla,6.25
H.UPMANN Coronas Major T/Alum (25) CM,cigarrillos,ceuta-melilla,7.95
H.UPMANN Epicures (25) CM,cigarrillos,ceuta-melilla,4.6
H.UPMANN Half Corona (25) CM,cigarrillos,ceuta-melilla,5.7
H.UPMANN Magnum 46 (25) CM,cigarrillos,ceuta-melilla,16.1
H.UPMANN Magnum 46 (3) CM,otros,ceuta-melilla,16.1
H.UPMANN Magnum 46 Tubo (3) CM,otros,ceuta-melilla,16.7
H.UPMANN Magnum 50 (25) CM,cigarrillos,ceuta-melilla,19.5
H.UPMANN Magnum 50 Caja (10) CM,cigarrillos,ceuta-melilla,19.5
H.UPMANN Magnum 50 Tubo (3) CM,otros,ceuta-melilla,20.1
H.UPMANN Petit Coronas (25) CM,cigarrillos,ceuta-melilla,8.05
H.UPMANN Regalías (25) N W CM,cigarrillos,ceuta-melilla,9.1
H.UPMANN Sir Winston (25) CM,cigarrillos,ceuta-melilla,25.3
H.UPMANN Upmann Nº 2 (25) CM,cigarrillos,ceuta-melilla,18.5
H.W. CAFÉ CRÈME Café Crème Filter Arome (El Envase de 20) CM,otros,ceuta-melilla,4.85
H.W. CAFÉ CRÈME Café Crème Finos French Vanilla (El envase de 20) CM,otros,ceuta-melilla,3.6
H.W. CAFÉ CRÈME Café Crème Finos Italian Macchiato (El envase de 20) CM,otros,ceuta-melilla,3.6
H.W. CAFÉ CRÈME Filter & Flavour Caramel Cream 10 (El envase de 10) CM,otros,ceuta-melilla,2.3
H.W. CAFÉ CRÈME Filter & Flavour Espresso Rumtwis 10 (El envase de 10) CM,otros,ceuta-melilla,2.3
H.W. CAFÉ CRÈME Filter & Flavour Vanilla Honeyswirl 10 (El envase de 10) CM,otros,ceuta-melilla,2.3
H.W. CAFÉ CRÈME Filter & Flavour X3 (El envase de 3) CM,otros,ceuta-melilla,0.75
H.W. CAFÉ CRÈME Finos Filter Blue (El envase de 10) CM,otros,ceuta-melilla,1.6
Half & Half (50 g) CM,tabaco-liar,ceuta-melilla,7.7
Hampton (20 g) CM,tabaco-liar,ceuta-melilla,1.3
Hampton (30 g) CM,tabaco-liar,ceuta-melilla,2
Hampton Pipe Green (12 g) CM,tabaco-liar,ceuta-melilla,1
Hampton Pipe Negro (100 g) CM,tabaco-liar,ceuta-melilla,7.2
Hampton Pipe's Tobacco (60 g) CM,tabaco-liar,ceuta-melilla,4.2
Hampton Pure Pipe (12 g) CM,tabaco-liar,ceuta-melilla,1
HANDELSGOLD Handelsgold Blond Cigarritos (El envase de 5) CM,cigarrillos,ceuta-melilla,0.9
HANDELSGOLD Handelsgold Brown (El envase de 5) CM,otros,ceuta-melilla,0.9
HANDELSGOLD Handelsgold Classic Cigarritos (El envase de 5) CM,cigarrillos,ceuta-melilla,0.9
HANDELSGOLD Handelsgold White (El envase de 5) CM,otros,ceuta-melilla,0.9
HANDELSGOLD No.100 (El envase de 10) CM,otros,ceuta-melilla,1.8
Haze Banarama (200 g) CM,tabaco-liar,ceuta-melilla,11.5
Haze Chaitastic (200 g) CM,tabaco-liar,ceuta-melilla,11.5
Haze Cotton Clouds (200 g) CM,tabaco-liar,ceuta-melilla,11.5
Haze Cotton Clouds (50 g) CM,tabaco-liar,ceuta-melilla,3.35
Haze Double Bubble (50 g) CM,tabaco-liar,ceuta-melilla,2.5
Haze Frozz Lakes (50 g) CM,tabaco-liar,ceuta-melilla,3.35
Haze Line It Up (200 g) CM,tabaco-liar,ceuta-melilla,11.5
Haze Line It Up (50 g) CM,tabaco-liar,ceuta-melilla,3.35
Haze Oh Boy Explosion (50 g) CM,tabaco-liar,ceuta-melilla,2.5
Haze Pacoca (50 g) CM,tabaco-liar,ceuta-melilla,2.5
Haze Pine Krush (200 g) CM,tabaco-liar,ceuta-melilla,11.5
Haze Pine Krush (50 g) CM,tabaco-liar,ceuta-melilla,3.35
Haze Pump King Pleasure (50 g) CM,tabaco-liar,ceuta-melilla,3.35
Haze Purple Krush (50 g) CM,tabaco-liar,ceuta-melilla,3.35
Haze Qcumberita (200 g) CM,tabaco-liar,ceuta-melilla,11.5
Haze Qcumberita (50 g) CM,tabaco-liar,ceuta-melilla,3.35
Haze Sinful (50 g) CM,tabaco-liar,ceuta-melilla,2.5
Haze Squeeze Yellow (50 g) CM,tabaco-liar,ceuta-melilla,3.35
Haze Subzero (200 g) CM,tabaco-liar,ceuta-melilla,11.5
Haze Subzero (50 g) CM,tabaco-liar,ceuta-melilla,3.35
Haze Wam (50 g) CM,tabaco-liar,ceuta-melilla,2.5
HENRI WINTERMANS Half Corona (5) CM,otros,ceuta-melilla,1.64
Herencia Blando CM,otros,ceuta-melilla,4.45
HOLLANDIA Cigarritos (El envase de 20) CM,cigarrillos,ceuta-melilla,3.34
HOLLANDIA Pequeñito Aroma (El envase de 20) CM,otros,ceuta-melilla,2.8
HOLLANDIA Pequeñito Classic (El envase de 20) CM,otros,ceuta-melilla,3.1
HOLLANDIA Selected Cigars Cigarritos (El envase de 20) CM,cigarrillos,ceuta-melilla,3.8
HOLLANDIA Selected Cigars Mini Aroma (El envase de 20) CM,puros,ceuta-melilla,3.1
Hookain American Pei (50 g) CM,tabaco-liar,ceuta-melilla,3.6
Hookain Angry Dragon (200 g) CM,tabaco-liar,ceuta-melilla,12.5
Hookain Angry Dragon (50 g) CM,tabaco-liar,ceuta-melilla,3.6
Hookain Angry Green Dragon (200 g) CM,tabaco-liar,ceuta-melilla,12.5
Hookain Angry Green Dragon (50 g) CM,tabaco-liar,ceuta-melilla,3.6
Hookain Angry Piç Dragon (200 g) CM,tabaco-liar,ceuta-melilla,12.5
Hookain Angry Piç Dragon (50 g) CM,tabaco-liar,ceuta-melilla,3.6
Hookain Angry Red Dragon (200 g) CM,tabaco-liar,ceuta-melilla,12.5
Hookain Angry Red Dragon (50 g) CM,tabaco-liar,ceuta-melilla,3.6
Hookain Bär Lean (50 g) CM,tabaco-liar,ceuta-melilla,3.2
Hookain Big Black Barries (200 g) CM,tabaco-liar,ceuta-melilla,12.5
Hookain Big Black Barries (50 g) CM,tabaco-liar,ceuta-melilla,3.6
Hookain Blaze Baba Gamma (50 g) CM,tabaco-liar,ceuta-melilla,3.85
Hookain Blaze Batluva (50 g) CM,tabaco-liar,ceuta-melilla,3.85
Hookain Blaze Koka Koala (50 g) CM,tabaco-liar,ceuta-melilla,3.85
Hookain Blaze Lym Hype (50 g) CM,tabaco-liar,ceuta-melilla,3.85
Hookain Blaze Nana (50 g) CM,tabaco-liar,ceuta-melilla,3.85
Hookain Blaze White Heaven (50 g) CM,tabaco-liar,ceuta-melilla,3.85
Hookain Blowtus (200 g) CM,tabaco-liar,ceuta-melilla,12.5
Hookain Blowtus (50 g) CM,tabaco-liar,ceuta-melilla,3.6
Hookain Bubblenciaga (200 g) CM,tabaco-liar,ceuta-melilla,12.5
Hookain Bubblenciaga (50 g) CM,tabaco-liar,ceuta-melilla,3.6
Hookain C C C (200 g) CM,tabaco-liar,ceuta-melilla,12.5
Hookain Cactopus (50 g) CM,tabaco-liar,ceuta-melilla,3.6
Hookain Cheri Zkittlez (50 g) CM,tabaco-liar,ceuta-melilla,3.6
Hookain Code in Love (50 g) CM,tabaco-liar,ceuta-melilla,3.6
Hookain Cotton Cndy Craem (50 g) CM,tabaco-liar,ceuta-melilla,3.6
Hookain Dubai Stachio (200 g) CM,tabaco-liar,ceuta-melilla,12.5
Hookain Dubai Stachio (50 g) CM,tabaco-liar,ceuta-melilla,3.6
Hookain Fellatio (200 g) CM,tabaco-liar,ceuta-melilla,12.3
Hookain Fellatio (50 g) CM,tabaco-liar,ceuta-melilla,3.6
Hookain Fuggi Ninja (200 g) CM,tabaco-liar,ceuta-melilla,12.5
Hookain Fuggi Ninja (50 g) CM,tabaco-liar,ceuta-melilla,3.6
Hookain Fyl Big Toy (200 g) CM,tabaco-liar,ceuta-melilla,12.5
Hookain Fyl Big Toy (50 g) CM,tabaco-liar,ceuta-melilla,3.6
Hookain Fyl Cactuz CNDY (200 g) CM,tabaco-liar,ceuta-melilla,12.5
Hookain Fyl Cactuz Cndy (50 g) CM,tabaco-liar,ceuta-melilla,3.6
Hookain Fyl Clitrus (200 g) CM,tabaco-liar,ceuta-melilla,12.5
Hookain Fyl Clitrus (50 g) CM,tabaco-liar,ceuta-melilla,3.6
Hookain Fyl Über (200 g) CM,tabaco-liar,ceuta-melilla,12.5
Hookain Fyl Über (50 g) CM,tabaco-liar,ceuta-melilla,3.6
Hookain Green Crack (50 g) CM,tabaco-liar,ceuta-melilla,3.6
Hookain Green Lean (200 g) CM,tabaco-liar,ceuta-melilla,12.5
Hookain Green Lean (50 g) CM,tabaco-liar,ceuta-melilla,3.6
Hookain Hijo de Prut (50 g) CM,tabaco-liar,ceuta-melilla,3.6
Hookain Jizzy Pia (50 g) CM,tabaco-liar,ceuta-melilla,3.6
Hookain Kaffa Yayo (200 g) CM,tabaco-liar,ceuta-melilla,12.5
Hookain Kaffa Yayo (50 g) CM,tabaco-liar,ceuta-melilla,3.6
Hookain Kaffa Yayo (950 g) CM,tabaco-liar,ceuta-melilla,52
Hookain Kivy King (50 g) CM,tabaco-liar,ceuta-melilla,3.6
Hookain Kw King (200 g) CM,tabaco-liar,ceuta-melilla,12.5
Hookain Laoz (200 g) CM,tabaco-liar,ceuta-melilla,12.5
Hookain Laoz (50 g) CM,tabaco-liar,ceuta-melilla,3.6
Hookain Lemenciaga (200 g) CM,tabaco-liar,ceuta-melilla,12.5
Hookain Lemenciaga (50 g) CM,tabaco-liar,ceuta-melilla,3.6
Hookain Lemenciaga (950 g) CM,tabaco-liar,ceuta-melilla,52
Hookain Mega Loco (50 g) CM,tabaco-liar,ceuta-melilla,3.6
Hookain Millionair (50 g) CM,tabaco-liar,ceuta-melilla,3.6
Hookain Original Vanta Zotic (50 g) CM,tabaco-liar,ceuta-melilla,3.6
Hookain Orog!na (50 g) CM,tabaco-liar,ceuta-melilla,3.2
Hookain Pa Ya Mongo (50 g) CM,tabaco-liar,ceuta-melilla,3.2
Hookain Pink Lemenciaga (200 g) CM,tabaco-liar,ceuta-melilla,12.3
Hookain Pink Lemenciaga (50 g) CM,tabaco-liar,ceuta-melilla,3.6
Hookain Pumpgun Spy (200 g) CM,tabaco-liar,ceuta-melilla,12.5
Hookain Pumpgun Spy (50 g) CM,tabaco-liar,ceuta-melilla,3.6
Hookain Punani (50 g) CM,tabaco-liar,ceuta-melilla,3.6
Hookain Sm!nt (50 g) CM,tabaco-liar,ceuta-melilla,3.6
Hookain Soleiro Spliff (50 g) CM,tabaco-liar,ceuta-melilla,3.6
Hookain Spiced Lean (50 g) CM,tabaco-liar,ceuta-melilla,3.2
Hookain Swii Ti (50 g) CM,tabaco-liar,ceuta-melilla,3.6
Hookain Vantanaz (200 g) CM,tabaco-liar,ceuta-melilla,12.3
Hookain Vantanaz (50 g) CM,tabaco-liar,ceuta-melilla,3.2
Hookain Virgin Batluva (50 g) CM,tabaco-liar,ceuta-melilla,3.6
Hookain White (200 g) CM,tabaco-liar,ceuta-melilla,12.5
Hookain White (50 g) CM,tabaco-liar,ceuta-melilla,3.6
Hookain White (950 g) CM,tabaco-liar,ceuta-melilla,52
Hookain White Brown (200 g) CM,tabaco-liar,ceuta-melilla,12.5
Hookain White Brown (50 g) CM,tabaco-liar,ceuta-melilla,3.6
Hookain White Caek Alman (200 g) CM,tabaco-liar,ceuta-melilla,12.5
Hookain White Caek Alman (50 g) CM,tabaco-liar,ceuta-melilla,3.6
Hookain X-Treme Blue Bay (50 g) CM,tabaco-liar,ceuta-melilla,3.6
Hookain Zenter Schox (50 g) CM,tabaco-liar,ceuta-melilla,3.6
Horizon (30 g) CM,tabaco-liar,ceuta-melilla,5.4
Horizon (75 g) CM,tabaco-liar,ceuta-melilla,7.3
Horizon Blue (30 g) CM,tabaco-liar,ceuta-melilla,5.4
Horizon Virginia (30 g) CM,tabaco-liar,ceuta-melilla,5.4
HOYO DE MONTERREY Double Coronas (25) CM,cigarrillos,ceuta-melilla,27.2
HOYO DE MONTERREY Double Coronas (50) CM,cigarrillos,ceuta-melilla,27.2
HOYO DE MONTERREY Epicure Especial Caja (10) CM,cigarrillos,ceuta-melilla,19.1
HOYO DE MONTERREY Epicure Especial Caja (25) CM,cigarrillos,ceuta-melilla,19.1
HOYO DE MONTERREY Epicure Especial Tubo en Estuche (3) CM,otros,ceuta-melilla,19.7
HOYO DE MONTERREY Epicure Nº 1 (25) CM,cigarrillos,ceuta-melilla,17.9
HOYO DE MONTERREY Epicure Nº 2 (25) CM,cigarrillos,ceuta-melilla,17.9
HOYO DE MONTERREY Epicure Nº 2 (3) CM,otros,ceuta-melilla,17.9
HOYO DE MONTERREY Epicure Nº 2 (50) CM,cigarrillos,ceuta-melilla,17.9
HOYO DE MONTERREY Epicure Nº 2 Tubo (3) CM,otros,ceuta-melilla,18.5
HOYO DE MONTERREY Hoyo San Juan T (3) CM,otros,ceuta-melilla,21.55
HOYO DE MONTERREY Le Hoyo du Depute (25) CM,cigarrillos,ceuta-melilla,7.65
HOYO DE MONTERREY Le Hoyo du Maire (25) CM,cigarrillos,ceuta-melilla,4.75
HOYO DE MONTERREY Le Hoyo du Prince (25) CM,cigarrillos,ceuta-melilla,8.6
HOYO DE MONTERREY Le Hoyo du Prince (5) CM,otros,ceuta-melilla,8.6
HOYO DE MONTERREY Le Hoyo San Juan (10) CM,cigarrillos,ceuta-melilla,21
HOYO DE MONTERREY Petit Robustos (25) CM,cigarrillos,ceuta-melilla,13.05
HOYO DE MONTERREY Petit Robustos (3) CM,otros,ceuta-melilla,13.05
Indian Summer (50 g) CM,tabaco-liar,ceuta-melilla,7.6
J.CORTES Club (el envase de 5) CM,otros,ceuta-melilla,7.5
J.CORTES Corona Sumatra 100 % Selected (El envase de 10) CM,otros,ceuta-melilla,31
J.CORTES J.Cortés Mini Dominican (El envase de 20) CM,otros,ceuta-melilla,11
J.CORTES J.Cortés Mini Honduras (El envase de 20) CM,otros,ceuta-melilla,11
J.CORTES Mini (el envase de 20) CM,otros,ceuta-melilla,11
JOCKEY Blue Filter Cigar (El envase de 17) CM,puros,ceuta-melilla,1.9
JOCKEY Red Filter Cigar (El envase de 17) CM,puros,ceuta-melilla,1.9
JOSE L. PIEDRA Cazadores (25) CM,cigarrillos,ceuta-melilla,1.85
JOSE L. PIEDRA Cazadores (5) CM,otros,ceuta-melilla,1.85
JOSE L. PIEDRA Conservas (5) CM,otros,ceuta-melilla,1.85
JOSE L. PIEDRA Cremas (5) CM,otros,ceuta-melilla,1.7
JOSE L. PIEDRA Petit Cazadores (25) CM,cigarrillos,ceuta-melilla,1.6
JOSE L. PIEDRA Petit Cazadores (5) CM,otros,ceuta-melilla,1.6
JOSE L. PIEDRA Petit Cetros (5) CM,otros,ceuta-melilla,1.7
Karelia I (spacer pack) (20) CM,cigarrillos,ceuta-melilla,2.9
Karelia L (spacer pack) (20) CM,cigarrillos,ceuta-melilla,2.9
Karelia M (spacer pack) (20) CM,cigarrillos,ceuta-melilla,2.9
Karelia S (spacer pack) (20) CM,cigarrillos,ceuta-melilla,2.9
Karelia Slims Blue CM,otros,ceuta-melilla,2.6
Karelia Slims CM,otros,ceuta-melilla,2.6
Karelia Slims Crem Color CM,otros,ceuta-melilla,2.6
Karelia Slims Mentol CM,otros,ceuta-melilla,2.6
Kentucky Bird (50 g) CM,tabaco-liar,ceuta-melilla,6.8
Ketama Tabaco Natural 100% Sin Aditivos (20 g) CM,tabaco-liar,ceuta-melilla,1.4
Ketama Tabaco Natural 100% Sin Aditivos (25 g) CM,tabaco-liar,ceuta-melilla,1.6
KING EDWARD Imperial (5) CM,otros,ceuta-melilla,1.04
KING EDWARD Imperial (50) CM,cigarrillos,ceuta-melilla,1.04
KING EDWARD Invincible (5) CM,otros,ceuta-melilla,1.15
KING EDWARD Tip Cigarrillo (5) CM,cigarrillos,ceuta-melilla,0.5
King Red 100's CM,otros,ceuta-melilla,2.5
King Red CM,otros,ceuta-melilla,2.5
King Storm (20) CM,cigarrillos,ceuta-melilla,2.3
King Storm 100's (20) CM,cigarrillos,ceuta-melilla,2.4
Kingstreet (19 g) CM,tabaco-liar,ceuta-melilla,1.65
Kingstreet (95 g) CM,tabaco-liar,ceuta-melilla,7.9
Kooliche (200 g) CM,tabaco-liar,ceuta-melilla,8.95
L&M Blue Label Duro CM,otros,ceuta-melilla,4
L&M Red Label Duro CM,otros,ceuta-melilla,4
LA AURORA Belicoso CM,otros,ceuta-melilla,4.33
LA DALIA D. Julián Mini (el envase de 20) CM,otros,ceuta-melilla,5.95
LA DALIA D.Julian Nº 1 (25) CM,cigarrillos,ceuta-melilla,2.55
LA DALIA D.Julian Nº 1 (5) CM,otros,ceuta-melilla,3.56
LA DALIA D.Julian Nº 3 (5) CM,otros,ceuta-melilla,2.21
LA DALIA D.Julian Nº 5 (25)  CM,cigarrillos,ceuta-melilla,1.23
LA DALIA D.Julian Nº 5 (5) CM,otros,ceuta-melilla,1.8
LA DALIA Reig  7 Cortados (10) CM,cigarrillos,ceuta-melilla,0.51
LA DALIA Reig 7 Cortados (10) CM,cigarrillos,ceuta-melilla,0.62
LA DALIA Reig 7 Minor (10) CM,cigarrillos,ceuta-melilla,0.45
LA FINCA La Finca No.3 (25) CM,cigarrillos,ceuta-melilla,2.6
LA FINCA No 10 (25) CM,cigarrillos,ceuta-melilla,3.2
LA FINCA No 5 (25) CM,cigarrillos,ceuta-melilla,2.45
LA FINCA No 7 (25) CM,cigarrillos,ceuta-melilla,2.8
LA FLOR DE LA ISABELA La Flor de la Isabela Corona (10) CM,cigarrillos,ceuta-melilla,0.5
LA FLOR DE LA ISABELA La Flor de la Isabela Corona Celofán (25) CM,cigarrillos,ceuta-melilla,0.5
LA FLOR DE LA ISABELA La Flor de la Isabela Coronitas (25) CM,cigarrillos,ceuta-melilla,0.35
LA FLOR DE LA ISABELA La Flor de la Isabela Mini (El envase de 10) CM,otros,ceuta-melilla,2.7
LA FLOR DE LOS CARIBES Gran Reserva (La caja de 50) CM,otros,ceuta-melilla,92
LA FLOR DE LOS CARIBES Nº 1 CM,otros,ceuta-melilla,0.9
LA GLORIA CUBANA Medaille D'Or Nº 4 (25) CM,cigarrillos,ceuta-melilla,9.15
LA PAZ C.C. Wilde Cigarillos (El Envase de 50) CM,puros,ceuta-melilla,13.5
LA PAZ C.C. Wilde Cigarros (El Envase de 50) CM,cigarrillos,ceuta-melilla,22.08
LA PAZ Corona CM,otros,ceuta-melilla,1.12
LA PAZ Corona Especial CM,otros,ceuta-melilla,1.41
LA PAZ Corona Superior CM,otros,ceuta-melilla,2.03
LA PAZ Gran Corona (25) CM,cigarrillos,ceuta-melilla,2.07
LA PAZ Gran Corona (3) CM,otros,ceuta-melilla,2.07
LA PAZ Gran Reserva Dorada (25) CM,cigarrillos,ceuta-melilla,2.25
LA PAZ Gran Reserva Platinum (25)  CM,cigarrillos,ceuta-melilla,2.25
LA PAZ Medios (El envase de 10) CM,otros,ceuta-melilla,3.45
LA PAZ Mini Wilde Aroma (El Envase de 20) CM,otros,ceuta-melilla,5.4
LA PAZ Mini Wilde Blue (El Envase de 20) CM,otros,ceuta-melilla,5.2
LA PAZ Mini Wilde Cigarillos (20) CM,puros,ceuta-melilla,0.37
LA PAZ Mini Wilde Primeros (El envase de 5) CM,otros,ceuta-melilla,1.35
LA PAZ Wilde Cigarillos (El Envase de 20) CM,puros,ceuta-melilla,8.7
LA PAZ Wilde Cigarillos (El Envase de 50) CM,puros,ceuta-melilla,13.6
LA PAZ Wilde Cigarro (El Envase de 5) CM,cigarrillos,ceuta-melilla,2.8
LA PAZ Wilde Cigarros (El Envase de 20) CM,cigarrillos,ceuta-melilla,13.3
LA PAZ Wilde Corona (El Envase de 5) CM,otros,ceuta-melilla,3.4
LA PAZ Wilde Miniaturas (El Envase de 20) CM,otros,ceuta-melilla,6.3
LA PRIMOROSA Cristales Cedros CM,otros,ceuta-melilla,1.24
LA PRIMOROSA Presidentes CM,otros,ceuta-melilla,1.2
LA PRIMOROSA Soles CM,otros,ceuta-melilla,0.24
LA RICA HOJA Brevas CM,otros,ceuta-melilla,0.39
LA RICA HOJA Coronas nº 2 CM,otros,ceuta-melilla,0.52
LA RICA HOJA Yaguas Finas CM,otros,ceuta-melilla,0.39
Layalina 1001 Nights (50 g) CM,tabaco-liar,ceuta-melilla,2.65
Layalina Apple Mania (50 g) CM,tabaco-liar,ceuta-melilla,2.65
Layalina Blackberry(50 g) CM,tabaco-liar,ceuta-melilla,2.65
Layalina Blueberry Melon (50 g) CM,tabaco-liar,ceuta-melilla,2.65
Layalina Cherry Cola (50 g) CM,tabaco-liar,ceuta-melilla,2.65
Layalina Double Apple (50 g) CM,tabaco-liar,ceuta-melilla,2.65
Layalina Florida (50 g) CM,tabaco-liar,ceuta-melilla,2.65
Layalina Grape (50 g) CM,tabaco-liar,ceuta-melilla,2.65
Layalina Gum (50 g) CM,tabaco-liar,ceuta-melilla,2.65
Layalina Gum Cinnamon (50 g) CM,tabaco-liar,ceuta-melilla,2.65
Layalina Kiwi Strawberry (50 g) CM,tabaco-liar,ceuta-melilla,2.65
Layalina Lemon Mint (50 g) CM,tabaco-liar,ceuta-melilla,2.65
Layalina Mango (50 g) CM,tabaco-liar,ceuta-melilla,2.65
Layalina Mint (50 g) CM,tabaco-liar,ceuta-melilla,2.65
Layalina Ocean Heaven (50 g) CM,tabaco-liar,ceuta-melilla,2.65
Layalina Passion Melon (50 g) CM,tabaco-liar,ceuta-melilla,2.65
Layalina Peach (50 g) CM,tabaco-liar,ceuta-melilla,2.65
Layalina Raspberry Lemon (50 g) CM,tabaco-liar,ceuta-melilla,2.65
Layalina Strawberry (50 g) CM,tabaco-liar,ceuta-melilla,2.65
Layalina Watermelon (50 g) CM,tabaco-liar,ceuta-melilla,2.65
LEON JIMENES Belicoso CM,otros,ceuta-melilla,5.41
Löwenprise (10 g) CM,tabaco-liar,ceuta-melilla,2
Lucky Strike Red CM,otros,ceuta-melilla,3.75
Mac Baren Cherry Choice (40 g) CM,tabaco-liar,ceuta-melilla,3.75
Mac Baren Classic Loose Cut (50 g) CM,tabaco-liar,ceuta-melilla,4.75
Mac Baren Golden Ambrosia (50 g) CM,tabaco-liar,ceuta-melilla,4.75
Mac Baren Mixture (50 g) CM,tabaco-liar,ceuta-melilla,4.75
Mac Baren Mixture Moderm (50 g) CM,tabaco-liar,ceuta-melilla,3.75
Mac Baren Original Choice (40 g) CM,tabaco-liar,ceuta-melilla,4.75
Mac Baren Red Ambrosia (50 g) CM,tabaco-liar,ceuta-melilla,3.75
Mac Baren Vanilla Choice Premium Rolling Tobacco (30 g) CM,tabaco-liar,ceuta-melilla,2.5
MACANUDO  1968 Gigante (20) CM,cigarrillos,ceuta-melilla,6.45
MACANUDO 1968 Corona (20)  CM,cigarrillos,ceuta-melilla,4.15
MACANUDO 1968 Corona (4) CM,otros,ceuta-melilla,3.8
MACANUDO 1968 Robusto (20) CM,cigarrillos,ceuta-melilla,6
MACANUDO 1968 Robusto (4) CM,otros,ceuta-melilla,5.8
MACANUDO 1968 Rothschild (4) CM,otros,ceuta-melilla,4.1
MACANUDO 1968 Rotschild (20) CM,cigarrillos,ceuta-melilla,4.35
MACANUDO 1968 Titán (20) CM,cigarrillos,ceuta-melilla,4.75
MACANUDO Ascots Maduro (El envase de 10) CM,otros,ceuta-melilla,10
MACANUDO Club Mini's (El envase de 20) CM,otros,ceuta-melilla,6.45
MACANUDO Doble Corona (10) CM,cigarrillos,ceuta-melilla,5.9
MACANUDO Hampton Court Café (25) CM,cigarrillos,ceuta-melilla,4.2
MACANUDO Hampton Court Maduro (25) CM,cigarrillos,ceuta-melilla,4.2
MACANUDO London Club Café (25) CM,cigarrillos,ceuta-melilla,2.75
MACANUDO London Club Maduro (25) CM,cigarrillos,ceuta-melilla,2.75
MACANUDO Lord's (25) CM,cigarrillos,ceuta-melilla,4
MACANUDO Macanudo Connecticut Ascots (10) CM,cigarrillos,ceuta-melilla,1.5
MACANUDO Maduro Diplomat (25) CM,cigarrillos,ceuta-melilla,5.7
MACANUDO Maduro Hyde Park Robusto (25) CM,cigarrillos,ceuta-melilla,5.7
MACANUDO Nº 4 (25) CM,cigarrillos,ceuta-melilla,3.7
MACANUDO Pirámides (25) CM,cigarrillos,ceuta-melilla,5.9
MACANUDO Robusto (25) CM,cigarrillos,ceuta-melilla,5.7
MACARENA Doble Corona CM,otros,ceuta-melilla,1.5
MACARENA Lonsdale CM,otros,ceuta-melilla,1.1
MACARENA Robusto CM,otros,ceuta-melilla,1.3
MACARENA Toro CM,otros,ceuta-melilla,1.4
Makla Africaine Bentchikou (25 g) CM,tabaco-liar,ceuta-melilla,1.4
Makla Bouhlel Bentchicou Rouge (20 g) CM,tabaco-liar,ceuta-melilla,1.5
Makla Bouhlel Bentchikou (30 g) CM,tabaco-liar,ceuta-melilla,1.3
Makla El Kantara (20 g) CM,tabaco-liar,ceuta-melilla,1.5
Makla Ifrikia (20 g) CM,tabaco-liar,ceuta-melilla,1.65
Makla Shems (15 g) CM,tabaco-liar,ceuta-melilla,0.85
Mammut Yelow Smoke (50 g) CM,tabaco-liar,ceuta-melilla,2.15
Manitou Fine Cut Virginia Gold (100 g) CM,tabaco-liar,ceuta-melilla,9.6
Manitou Virginia Fine Green (30 g) CM,tabaco-liar,ceuta-melilla,3.5
Manitou Virginia Gold (30 g) CM,tabaco-liar,ceuta-melilla,3.85
Manitou Virginia Gold CM,otros,ceuta-melilla,2.05
Manitou Virginia Green (30 g) CM,tabaco-liar,ceuta-melilla,4.6
Manitou Virginia Pink (30 g) CM,tabaco-liar,ceuta-melilla,3
Manitou Virginia Pink CM,otros,ceuta-melilla,2.05
Manitou Virginia Sky (30 g) CM,tabaco-liar,ceuta-melilla,3
Manitou Virginia Sky CM,otros,ceuta-melilla,2.05
Mark 1 American Blend (20) CM,cigarrillos,ceuta-melilla,2.6
Mark 1 American Blend 25 CM,otros,ceuta-melilla,3.2
Mark 1 Golden Blend (20) CM,cigarrillos,ceuta-melilla,2.6
Mark 1 Negro (20) CM,cigarrillos,ceuta-melilla,2.6
Mark 1 Red 100's (20) CM,cigarrillos,ceuta-melilla,2.6
Mark 1 White & Silver (20) CM,cigarrillos,ceuta-melilla,2.6
Marlboro Crafted KSB (20) CM,cigarrillos,ceuta-melilla,3.5
Marlboro Gold Duro CM,otros,ceuta-melilla,4.4
Marlboro Red Blando CM,otros,ceuta-melilla,4.4
Marlboro Red Duro CM,otros,ceuta-melilla,4.4
MARQUES DE LA PALMA Viuditas25 CM,otros,ceuta-melilla,0.4
Mayflower (50 g) CM,tabaco-liar,ceuta-melilla,3.6
Mazaya French Tobacco Molasses Bahraini App (200 g) CM,tabaco-liar,ceuta-melilla,6
Mazaya French Tobacco Molasses Blu Aloha (50 g) CM,tabaco-liar,ceuta-melilla,1.5
Mazaya French Tobacco Molasses Blu Sun (50 g) CM,tabaco-liar,ceuta-melilla,1.5
Mazaya French Tobacco Molasses Blueberry & Mint (50 g) CM,tabaco-liar,ceuta-melilla,1.5
Mazaya French Tobacco Molasses Blueberry & Orange (50 g) CM,tabaco-liar,ceuta-melilla,1.5
Mazaya French Tobacco Molasses Blueberry Exotica (50 g) CM,tabaco-liar,ceuta-melilla,1.5
Mazaya French Tobacco Molasses Electric Dream (50 g) CM,tabaco-liar,ceuta-melilla,1.5
Mazaya French Tobacco Molasses Exotic Blu (200 g) CM,tabaco-liar,ceuta-melilla,6
Mazaya French Tobacco Molasses Exotic Bunch (50 g) CM,tabaco-liar,ceuta-melilla,1.5
Mazaya French Tobacco Molasses Fuzzy Bang (50 g) CM,tabaco-liar,ceuta-melilla,1.5
Mazaya French Tobacco Molasses Fuzzy BreeZ (50 g) CM,tabaco-liar,ceuta-melilla,1.5
Mazaya French Tobacco Molasses Fuzzy Swirl (50 g) CM,tabaco-liar,ceuta-melilla,1.5
Mazaya French Tobacco Molasses Grape & Berry (50 g) CM,tabaco-liar,ceuta-melilla,1.5
Mazaya French Tobacco Molasses Lemon & Mint (50 g) CM,tabaco-liar,ceuta-melilla,1.5
Mazaya French Tobacco Molasses LOLzy (50 g) CM,tabaco-liar,ceuta-melilla,1.5
Mazaya French Tobacco Molasses Mint (1000 g) CM,tabaco-liar,ceuta-melilla,26
Mazaya French Tobacco Molasses Mystic Slice (50 g) CM,tabaco-liar,ceuta-melilla,1.5
Mazaya French Tobacco Molasses Orange (50 g) CM,tabaco-liar,ceuta-melilla,1.5
Mazaya French Tobacco Molasses Pineapple & Mint  (50 g) CM,tabaco-liar,ceuta-melilla,1.5
Mazaya French Tobacco Molasses Rainblow (50 g) CM,tabaco-liar,ceuta-melilla,1.5
Mazaya French Tobacco Molasses Two Apple (50 g) CM,tabaco-liar,ceuta-melilla,1.5
"MC Brown (4,6) CM",otros,ceuta-melilla,3.3
"MC Gold (4,6 g) CM",otros,ceuta-melilla,3.3
"MC Green Intense (4,6 g) CM",otros,ceuta-melilla,3.3
"MC Orange (4,6) CM",otros,ceuta-melilla,3.3
"MC Red (4,6 g) CM",otros,ceuta-melilla,3.3
"MC Violet (4,6 g) CM",otros,ceuta-melilla,3.3
McChrystal's Original & Genuine Snuff (4 g) CM,tabaco-liar,ceuta-melilla,0.65
MINI DAVIDOFF Davidoff Gold (El envase de 20) CM,otros,ceuta-melilla,12.74
Moe's Blue Beast (50 g) CM,tabaco-liar,ceuta-melilla,3.2
Moe's Pink King (50 g) CM,tabaco-liar,ceuta-melilla,3.2
MONTE NEGRO Brevas Especiales (25) CM,cigarrillos,ceuta-melilla,0.5
MONTE NEGRO Bucaneros (El envase de 10) CM,otros,ceuta-melilla,2
MONTE NEGRO Bucaneros Cuba Blend (El envase de 10) CM,otros,ceuta-melilla,2
MONTE NEGRO Bucaneros Mini (10) CM,cigarrillos,ceuta-melilla,0.15
MONTE NEGRO Coronas 48 Humidor (48) CM,cigarrillos,ceuta-melilla,0.8
MONTE NEGRO Coronitas (25) CM,cigarrillos,ceuta-melilla,0.3
MONTE NEGRO Corsarios (El envase de 10) CM,otros,ceuta-melilla,2.7
MONTE NEGRO Panetelas 80 Humidor (80) CM,cigarrillos,ceuta-melilla,0.75
MONTE NEGRO Piratas (el envase de 10) CM,otros,ceuta-melilla,2.7
MONTE NEGRO Piratas (el envase de 5) CM,otros,ceuta-melilla,1.1
MONTE NEGRO Serie Oro CM,otros,ceuta-melilla,1.65
MONTE NEGRO Serie Oro Edición Especial Limitada CM,otros,ceuta-melilla,1.65
MONTE NEGRO Volcano (10) CM,cigarrillos,ceuta-melilla,0.2
MONTECRISTO Club (El envase de 10) CM,otros,ceuta-melilla,6.75
MONTECRISTO Club (El envase de 20) CM,otros,ceuta-melilla,13.15
MONTECRISTO Double Edmundo (10) CM,cigarrillos,ceuta-melilla,21.8
MONTECRISTO Double Edmundo (25) CM,cigarrillos,ceuta-melilla,21.8
MONTECRISTO Double Edmundo (3) CM,otros,ceuta-melilla,21.8
MONTECRISTO Edmundo (25) CM,cigarrillos,ceuta-melilla,21.75
MONTECRISTO Edmundo (3) CM,otros,ceuta-melilla,21.75
MONTECRISTO Especial (25) CM,cigarrillos,ceuta-melilla,21.5
MONTECRISTO Especial Nº 2 (25) CM,cigarrillos,ceuta-melilla,16
MONTECRISTO Joyitas (25) CM,cigarrillos,ceuta-melilla,7.65
MONTECRISTO Medias Coronas (25) CM,cigarrillos,ceuta-melilla,6.7
MONTECRISTO Mini (El envase de 10) CM,otros,ceuta-melilla,5.3
MONTECRISTO Mini (El envase de 20) CM,otros,ceuta-melilla,10.5
MONTECRISTO Mini (El envase de 50) CM,otros,ceuta-melilla,25.75
MONTECRISTO Mini Blue (El envase de 20) CM,otros,ceuta-melilla,4.15
MONTECRISTO Mini Red (El envase de 20) CM,otros,ceuta-melilla,4.15
MONTECRISTO Montecristo A (5) CM,otros,ceuta-melilla,54.95
MONTECRISTO Montecristo Edmundo Tubo (3) CM,otros,ceuta-melilla,22.2
MONTECRISTO Montecristo Nº 1 (25) CM,cigarrillos,ceuta-melilla,17.65
MONTECRISTO Montecristo Nº 2 (10) CM,cigarrillos,ceuta-melilla,21.8
MONTECRISTO Montecristo Nº 2 (25) CM,cigarrillos,ceuta-melilla,21.8
MONTECRISTO Montecristo Nº 2 (3) CM,otros,ceuta-melilla,21.8
MONTECRISTO Montecristo Nº 3 (25) CM,cigarrillos,ceuta-melilla,14.05
MONTECRISTO Montecristo Nº 3 (5) CM,otros,ceuta-melilla,14.05
MONTECRISTO Montecristo Nº 4 (10) CM,cigarrillos,ceuta-melilla,10.75
MONTECRISTO Montecristo Nº 4 (25) CM,cigarrillos,ceuta-melilla,10.75
MONTECRISTO Montecristo Nº 4 (3) CM,otros,ceuta-melilla,10.75
MONTECRISTO Montecristo Nº 4 (5) CM,otros,ceuta-melilla,10.75
MONTECRISTO Montecristo Nº 5 (10) CM,cigarrillos,ceuta-melilla,7.75
MONTECRISTO Montecristo Nº 5 (25) CM,cigarrillos,ceuta-melilla,7.75
MONTECRISTO Montecristo Nº 5 (5) CM,otros,ceuta-melilla,7.75
MONTECRISTO Montecristo Short (10) CM,cigarrillos,ceuta-melilla,1.1
MONTECRISTO Montecristo Tubos (10) CM,cigarrillos,ceuta-melilla,16.85
MONTECRISTO Montecristo Tubos (25) CM,cigarrillos,ceuta-melilla,16.85
MONTECRISTO Open Eagle Caja (20) CM,cigarrillos,ceuta-melilla,24.05
MONTECRISTO Open Eagle Tubo (3) CM,otros,ceuta-melilla,24.6
MONTECRISTO Open Junior Caja (20) CM,cigarrillos,ceuta-melilla,7.75
MONTECRISTO Open Junior Tubo (3) CM,otros,ceuta-melilla,8.3
MONTECRISTO Open Master Caja (20) CM,cigarrillos,ceuta-melilla,19.1
MONTECRISTO Open Master Tubo (3) CM,otros,ceuta-melilla,19.7
MONTECRISTO Open Regata Caja (20) CM,cigarrillos,ceuta-melilla,12.35
MONTECRISTO Open Regata Tubo (3) CM,otros,ceuta-melilla,12.95
MONTECRISTO Petit Edmundo (10) CM,cigarrillos,ceuta-melilla,15.5
MONTECRISTO Petit Edmundo (25) CM,cigarrillos,ceuta-melilla,15.5
MONTECRISTO Petit Edmundo Tubo (3) CM,otros,ceuta-melilla,16.05
MONTECRISTO Petit N.2 T (3) CM,otros,ceuta-melilla,16.1
MONTECRISTO Petit Nº 2 (10) CM,cigarrillos,ceuta-melilla,15.5
MONTECRISTO Petit Nº 2 (25) CM,cigarrillos,ceuta-melilla,15.5
MONTECRISTO Petit Nº 2 (3) CM,otros,ceuta-melilla,15.5
MONTECRISTO Petit Tubos (25) CM,cigarrillos,ceuta-melilla,11.35
MONTECRISTO Petit Tubos (3) CM,otros,ceuta-melilla,11.35
MONTECRISTO Petit Tubos (5) CM,otros,ceuta-melilla,11.35
MONTECRISTO Puritos (25) CM,cigarrillos,ceuta-melilla,1.55
MONTECRISTO Puritos (5) CM,otros,ceuta-melilla,1.55
Mr. Shisha 1000K (200 g) CM,tabaco-liar,ceuta-melilla,9.8
Mr. Shisha 1000K (50 g) CM,tabaco-liar,ceuta-melilla,2.7
Mr. Shisha Babilonia (200 g) CM,tabaco-liar,ceuta-melilla,9.8
Mr. Shisha Boss Mode (50 g) CM,tabaco-liar,ceuta-melilla,2.7
Mr. Shisha Camdown (200 g) CM,tabaco-liar,ceuta-melilla,9.8
Mr. Shisha Coolio (200 g) CM,tabaco-liar,ceuta-melilla,9.8
Mr. Shisha Ginja Laim (200 g) CM,tabaco-liar,ceuta-melilla,9.8
Mr. Shisha Ginja Laim (50 g) CM,tabaco-liar,ceuta-melilla,2.7
Mr. Shisha Got Dozen (50 g) CM,tabaco-liar,ceuta-melilla,2.7
Mr. Shisha Guayna (200 g) CM,tabaco-liar,ceuta-melilla,9.8
Mr. Shisha Harlem Frap (200 g) CM,tabaco-liar,ceuta-melilla,9.8
Mr. Shisha Haselnat (200 g) CM,tabaco-liar,ceuta-melilla,9.8
Mr. Shisha Haselnat (50 g) CM,tabaco-liar,ceuta-melilla,2.7
Mr. Shisha Jheez (200 g) CM,tabaco-liar,ceuta-melilla,9.8
Mr. Shisha Melo Crush (200 g) CM,tabaco-liar,ceuta-melilla,9.8
Mr. Shisha Otai (200 g) CM,tabaco-liar,ceuta-melilla,9.8
Mr. Shisha Pomaye (200 g) CM,tabaco-liar,ceuta-melilla,9.8
Mr. Shisha Pomaye (50 g) CM,tabaco-liar,ceuta-melilla,2.7
Mr. Shisha Sosiomen (200 g) CM,tabaco-liar,ceuta-melilla,9.8
Mr. Shisha Sosiomen (50 g) CM,tabaco-liar,ceuta-melilla,2.7
Nakhla Coral Red (50 g) CM,tabaco-liar,ceuta-melilla,1.5
Nakhla Double Red (250 g) CM,tabaco-liar,ceuta-melilla,9.95
Nakhla Double Red (50 g) CM,tabaco-liar,ceuta-melilla,2.2
Nakhla El Basha Capuchino (50 g) CM,tabaco-liar,ceuta-melilla,1.4
Nakhla El Basha Caramelo (50 g) CM,tabaco-liar,ceuta-melilla,1.4
Nakhla El Nakhla Coco (50 g) CM,tabaco-liar,ceuta-melilla,1.4
Nakhla El Nakhla Cola (50 g) CM,tabaco-liar,ceuta-melilla,1.4
Nakhla El Nakhla Mandarina (50 g) CM,tabaco-liar,ceuta-melilla,1.4
Nakhla El Nakhla Melón (50 g) CM,tabaco-liar,ceuta-melilla,1.4
Nakhla El Nakhla Plátano (50 g) CM,tabaco-liar,ceuta-melilla,1.4
Nakhla El Nakhla Vainilla (50 g) CM,tabaco-liar,ceuta-melilla,1.4
Nakhla Fakhfakhina Mango (50 g) CM,tabaco-liar,ceuta-melilla,1.4
Nakhla Fakhfakhina Naranja (50 g) CM,tabaco-liar,ceuta-melilla,1.4
Nakhla Grand Green (250 g) CM,tabaco-liar,ceuta-melilla,9.95
Nakhla Grand Green (50 g) CM,tabaco-liar,ceuta-melilla,2.2
Nakhla Ice Apple (50 g) CM,tabaco-liar,ceuta-melilla,1.75
Nakhla Ice Grape Mint (50 g) CM,tabaco-liar,ceuta-melilla,1.4
Nakhla Ice Raspberry Mint (50 g) CM,tabaco-liar,ceuta-melilla,1.75
Nakhla Misty Black (250 g) CM,tabaco-liar,ceuta-melilla,10.95
Nakhla Misty Black (50 g) CM,tabaco-liar,ceuta-melilla,2.2
Nakhla Mizo Cereza (50 g) CM,tabaco-liar,ceuta-melilla,1.75
Nakhla Mizo Manzana (50 g) CM,tabaco-liar,ceuta-melilla,1.75
Nakhla Mizo Melocotón (50 g) CM,tabaco-liar,ceuta-melilla,1.75
Nakhla Mizo Menta (50 g) CM,tabaco-liar,ceuta-melilla,1.75
Nakhla Mizo Sandia (50 g) CM,tabaco-liar,ceuta-melilla,1.75
Nakhla Mizo Uva (50 g) CM,tabaco-liar,ceuta-melilla,1.75
Nakhla Orange Peach (50) CM,cigarrillos,ceuta-melilla,1.75
Nakhla Pearly Indigo (50 g) CM,tabaco-liar,ceuta-melilla,1.95
Nakhla Ruby Red (250 g) CM,tabaco-liar,ceuta-melilla,8.5
Nakhla Ruby Red (50 g) CM,tabaco-liar,ceuta-melilla,1.95
Nakhla Sheherazade Choco Menta (50 g) CM,tabaco-liar,ceuta-melilla,1.4
Nakhla Sheherazade Margarita (50 g) CM,tabaco-liar,ceuta-melilla,1.4
Nakhla Shisha on the Beach (50 g) CM,tabaco-liar,ceuta-melilla,1.75
Nakhla Spark Green (250 g) CM,tabaco-liar,ceuta-melilla,8.5
Nakhla Sparkly Red (50 g) CM,tabaco-liar,ceuta-melilla,1.95
Nakhla Tobac Molasses Surt.1 (500 g) CM,tabaco-liar,ceuta-melilla,14
Nakhla Tobacco Frutas (50 g) CM,tabaco-liar,ceuta-melilla,1.4
Nakhla Zaghloul Negro (50 g) CM,tabaco-liar,ceuta-melilla,1.4
Nameless # Black Box (200 g) CM,tabaco-liar,ceuta-melilla,11.25
Nameless # Black Box (50 g) CM,tabaco-liar,ceuta-melilla,3.25
Nameless # Black Box Bote (50 g) CM,tabaco-liar,ceuta-melilla,3.25
Nameless #06 Dragon Lady (200g) CM,tabaco-liar,ceuta-melilla,11.25
Nameless #07 Ice Ice Baby (200 g) CM,tabaco-liar,ceuta-melilla,10.5
Nameless #100 Yelow Pei (200 g) CM,tabaco-liar,ceuta-melilla,11.25
Nameless #100 Yelow Pei (50 g) CM,tabaco-liar,ceuta-melilla,3.25
Nameless #105 Red Turtle (200 g) CM,tabaco-liar,ceuta-melilla,11.25
Nameless #105 Red Turtle (50 g) CM,tabaco-liar,ceuta-melilla,3.25
Nameless #105 Red Turtle Bote (50 g) CM,tabaco-liar,ceuta-melilla,3.25
Nameless #107 Ice Ice Baby Bote (50 g) CM,tabaco-liar,ceuta-melilla,3.25
Nameless #107 Winter is Coming (200 g) CM,tabaco-liar,ceuta-melilla,11.25
Nameless #107 Winter is Coming (50 g) CM,tabaco-liar,ceuta-melilla,3.25
Nameless #107 Winter is Coming Bote (50 g) CM,tabaco-liar,ceuta-melilla,3.25
Nameless #109 Monkey Brain (200 g) CM,tabaco-liar,ceuta-melilla,11.25
Nameless #109 Monkey Brain (50 g) CM,tabaco-liar,ceuta-melilla,3.25
Nameless #109 Monkey Brain Bote (50 g) CM,tabaco-liar,ceuta-melilla,3.25
Nameless #11 Adam & Eve (200 g) CM,tabaco-liar,ceuta-melilla,11.25
Nameless #11 Adam & Eve (50 g) CM,tabaco-liar,ceuta-melilla,3.25
Nameless #11 Adam & Eve Bote (50 g) CM,tabaco-liar,ceuta-melilla,3.25
Nameless #115 Californication (200g) CM,tabaco-liar,ceuta-melilla,11.25
Nameless #115 Californication (50g) CM,tabaco-liar,ceuta-melilla,3.25
Nameless #115 Californication Bote (50 g) CM,tabaco-liar,ceuta-melilla,3.25
Nameless #116 Pablo (200g) CM,tabaco-liar,ceuta-melilla,11.25
Nameless #116 Pablo (50g) CM,tabaco-liar,ceuta-melilla,3.25
Nameless #116 Pablo (995 g) CM,tabaco-liar,ceuta-melilla,55.95
Nameless #116 Pablo Bote (50 g) CM,tabaco-liar,ceuta-melilla,3.25
Nameless #121 Boogie Bomb (200 g) CM,tabaco-liar,ceuta-melilla,11.25
Nameless #121 Boogie Bomb (50 g) CM,tabaco-liar,ceuta-melilla,3.25
Nameless #121 Boogie Bomb Bote (50 g) CM,tabaco-liar,ceuta-melilla,3.25
Nameless #13 Kivick (200 g) CM,tabaco-liar,ceuta-melilla,11.25
Nameless #13 Kivick (50 g) CM,tabaco-liar,ceuta-melilla,3.25
Nameless #15 Grüner Marokkaner (200 g) CM,tabaco-liar,ceuta-melilla,11.25
Nameless #15 Grüner Marokkaner (50 g) CM,tabaco-liar,ceuta-melilla,3.25
Nameless #15 Grüner Marokkaner Bote (50 g) CM,tabaco-liar,ceuta-melilla,3.25
Nameless #17 Piches (200 g) CM,tabaco-liar,ceuta-melilla,11.25
Nameless #17 Piches (50 g) CM,tabaco-liar,ceuta-melilla,3.25
Nameless #37 Fresh Nana (200 g) CM,tabaco-liar,ceuta-melilla,10.5
Nameless #37 Fresh Nana Bote (50 g) CM,tabaco-liar,ceuta-melilla,3.25
Nameless #40 Black Nana (200 g) CM,tabaco-liar,ceuta-melilla,11.25
Nameless #40 Black Nana (50g) CM,tabaco-liar,ceuta-melilla,3.25
Nameless #40 Black Nana (955 g) CM,tabaco-liar,ceuta-melilla,55.95
Nameless #40 Black Nana (995 g) CM,tabaco-liar,ceuta-melilla,55.95
Nameless #40 Black Nana Bote (50 g) CM,tabaco-liar,ceuta-melilla,3.25
Nameless #40 Dark Nana (200 g) CM,tabaco-liar,ceuta-melilla,10.5
Nameless #43 Nevada (200g) CM,tabaco-liar,ceuta-melilla,11.25
Nameless #43 Nevada Bote (50 g) CM,tabaco-liar,ceuta-melilla,3.25
Nameless #43 Nevadas (50 g) CM,tabaco-liar,ceuta-melilla,3.25
Nameless #45 Brasil (200g) CM,tabaco-liar,ceuta-melilla,10.5
Nameless #6 Dragon Lady (50 g) CM,tabaco-liar,ceuta-melilla,3.25
Nameless #711 L' Oasis (200 g) CM,tabaco-liar,ceuta-melilla,11.25
Nameless #711 L' Oasis (50 g) CM,tabaco-liar,ceuta-melilla,3.25
Nameless #711 L' Oasis Bote (50 g) CM,tabaco-liar,ceuta-melilla,3.25
Nameless Dark Nana (200 g) CM,tabaco-liar,ceuta-melilla,13
Nameless Dark Nana (50 g) CM,tabaco-liar,ceuta-melilla,4.1
Nativo 100 G TPD (100 g) CM,tabaco-liar,ceuta-melilla,5.15
Nativo 12 G TPD (12 g) CM,tabaco-liar,ceuta-melilla,0.75
Nativo 20 G TPD (20 g) CM,tabaco-liar,ceuta-melilla,1.15
Natural American Spirit Organic Blend (25 g) CM,tabaco-liar,ceuta-melilla,3.7
Natural American Spirit Original Blend (80 g) CM,tabaco-liar,ceuta-melilla,10.4
Neffa Bledi (8 g) CM,tabaco-liar,ceuta-melilla,1.5
Neffa Green (8 g) CM,tabaco-liar,ceuta-melilla,1
NEOS Country Cigarillo (el envase de 20) CM,puros,ceuta-melilla,5.9
NEOS Country Mini (el envase de 20) CM,otros,ceuta-melilla,5.35
NEOS Extra Fin (El envase de 20) CM,otros,ceuta-melilla,2.51
NEOS Feelings Mango (El envase de 20) CM,otros,ceuta-melilla,2.69
NEOS Feelings Vanilla (El Envase de 20) CM,otros,ceuta-melilla,3.1
NEOS Mini (El Envase de 20) CM,otros,ceuta-melilla,3
NEOS Mini (El Envase de 50) CM,otros,ceuta-melilla,7.45
NEOS Mini Java (El envase de 20) CM,otros,ceuta-melilla,4.6
NEOS Mini Java (el envase de 50) CM,otros,ceuta-melilla,17
NEOS Mini Red (el envase de 20) CM,otros,ceuta-melilla,4.6
NEOS Mini Red Filter (El envase de 20) CM,otros,ceuta-melilla,4.6
NEOS Mini Silverado (el envase de 20) CM,otros,ceuta-melilla,4.2
NEOS Neos Mini White Filter (El envase de 20) CM,otros,ceuta-melilla,4.6
NEOS Pacific (el envase de 10) CM,otros,ceuta-melilla,3.05
NEOS Pacific (el envase de 50) CM,otros,ceuta-melilla,11.3
NEOS Pacific Red (el envase de 10) CM,otros,ceuta-melilla,2.25
NEWMINSTER Newminster (El envase de 12) CM,otros,ceuta-melilla,1
NEWMINSTER Newminster (El envase de 20) CM,otros,ceuta-melilla,1.55
NEWMINSTER Newminster Negro (El envase de 20) CM,otros,ceuta-melilla,1.55
NEWMINSTER Red 100 mm (el envase de 17) CM,otros,ceuta-melilla,1.5
NEWMINSTER White 100 mm (el envase de 17) CM,otros,ceuta-melilla,1.5
NIÑAS  Express Tradición y Calidad (El envase de 10)  CM,otros,ceuta-melilla,1.5
Nobel Duro CM,otros,ceuta-melilla,3.9
Nobel Plata CM,otros,ceuta-melilla,1.9
Ome (spacer pack) (20) CM,cigarrillos,ceuta-melilla,3
Ome 100'S RC Hollow Filter (20) CM,cigarrillos,ceuta-melilla,2.6
Ome Green (spacer pack) (20) CM,cigarrillos,ceuta-melilla,3
Omè Superslims Menthol CM,otros,ceuta-melilla,2.6
Ome White (spacer pack) (20) CM,cigarrillos,ceuta-melilla,3
Ome White 100'S RC Hollow Filter (20) CM,cigarrillos,ceuta-melilla,2.6
Ome Yellow (spacer pack) (20) CM,cigarrillos,ceuta-melilla,3
Os African King (50 g) CM,tabaco-liar,ceuta-melilla,3.2
Os African Queen (200 g) CM,tabaco-liar,ceuta-melilla,12.3
Os African Queen (50 g) CM,tabaco-liar,ceuta-melilla,3.2
Os Bonnie'n Clyde (50 g) CM,tabaco-liar,ceuta-melilla,3.2
Os Disco (200 g) CM,tabaco-liar,ceuta-melilla,12.3
Os Disco (50 g) CM,tabaco-liar,ceuta-melilla,3.2
Os Lucifero (50 g) CM,tabaco-liar,ceuta-melilla,3.2
Os Tobacco Bonnie'n Clyde (200 g) CM,tabaco-liar,ceuta-melilla,12.3
Os Tobacco Casanova (50 g) CM,tabaco-liar,ceuta-melilla,3.2
Os Tobacco Cosanostra (50 g) CM,tabaco-liar,ceuta-melilla,3.2
Os Unknown (50 g) CM,tabaco-liar,ceuta-melilla,3.2
Overdozz 1St Love (60 g) CM,tabaco-liar,ceuta-melilla,2.8
Overdozz 24 Karatine (60 g) CM,tabaco-liar,ceuta-melilla,2.8
Overdozz All Nighter (200 g) CM,tabaco-liar,ceuta-melilla,12.65
Overdozz All Nighter (60 g) CM,tabaco-liar,ceuta-melilla,2.8
Overdozz Areejan (200 g) CM,tabaco-liar,ceuta-melilla,12.65
Overdozz Areejan (60 g) CM,tabaco-liar,ceuta-melilla,2.8
Overdozz Bad Habit (60 g) CM,tabaco-liar,ceuta-melilla,2.8
Overdozz Banango (200 g) CM,tabaco-liar,ceuta-melilla,12.65
Overdozz Banango (60 g) CM,tabaco-liar,ceuta-melilla,2.8
Overdozz Crazy Ex (60 g) CM,tabaco-liar,ceuta-melilla,2.8
Overdozz Double Trouble (60 g) CM,tabaco-liar,ceuta-melilla,2.8
Overdozz Fresh Green (60 g) CM,tabaco-liar,ceuta-melilla,2.8
Overdozz Go for Broke (60 g) CM,tabaco-liar,ceuta-melilla,2.8
Overdozz Green Mist® (60 g) CM,tabaco-liar,ceuta-melilla,2.8
Overdozz Heat Wave (60 g) CM,tabaco-liar,ceuta-melilla,2.8
Overdozz Ist Love (200 g) CM,tabaco-liar,ceuta-melilla,12.65
Overdozz Judgment Day (60 g) CM,tabaco-liar,ceuta-melilla,2.8
Overdozz K.O. (200 g) CM,tabaco-liar,ceuta-melilla,12.65
Overdozz Kesowawa (200 g) CM,tabaco-liar,ceuta-melilla,12.65
Overdozz Kesowawa (60 g) CM,tabaco-liar,ceuta-melilla,2.8
Overdozz Kooliche (60 g) CM,tabaco-liar,ceuta-melilla,2.8
Overdozz Love Bug (60 g) CM,tabaco-liar,ceuta-melilla,2.8
Overdozz Lusidream (60 g) CM,tabaco-liar,ceuta-melilla,2.8
Overdozz Mad Spiral (200 g) CM,tabaco-liar,ceuta-melilla,12.65
Overdozz One Night Stand (60 g) CM,tabaco-liar,ceuta-melilla,2.8
Overdozz Pombom (200 g) CM,tabaco-liar,ceuta-melilla,12.65
Overdozz Pombom (50 g) CM,tabaco-liar,ceuta-melilla,3.45
Overdozz Psych Out (60 g) CM,tabaco-liar,ceuta-melilla,2.8
Overdozz Rachillo (200 g) CM,tabaco-liar,ceuta-melilla,12.65
Overdozz Rachillo (60 g) CM,tabaco-liar,ceuta-melilla,2.8
Overdozz Sex With an Ex (60 g) CM,tabaco-liar,ceuta-melilla,2.8
Overdozz Summer Fling (60 g) CM,tabaco-liar,ceuta-melilla,2.8
Overdozz Tease Um (200 g) CM,tabaco-liar,ceuta-melilla,12.65
Overdozz Tease Um (50 g) CM,tabaco-liar,ceuta-melilla,3.45
Overdozz Tranquilyser (200 g) CM,tabaco-liar,ceuta-melilla,12.65
Overdozz Wild Night Out (60 g) CM,tabaco-liar,ceuta-melilla,2.8
Overdozz Zero Gravity (60 g) CM,tabaco-liar,ceuta-melilla,2.8
Pall Mall Puerto Rico CM,otros,ceuta-melilla,2
PANTER Desert (El envase de 20)   CM,otros,ceuta-melilla,3.9
PANTER Mignon De Luxe (El Envase de 20) CM,otros,ceuta-melilla,4.7
PANTER Mini Bleu (El envase de 20) CM,otros,ceuta-melilla,5.1
PANTER Mini Filter Bleu (el envase de 20) CM,otros,ceuta-melilla,5.1
PANTER Mini Filter Red (El envase de 20) CM,otros,ceuta-melilla,5.1
PANTER Mini Original (El envase de 20) CM,otros,ceuta-melilla,5.1
PANTER Mini Red (El envase de 20) CM,otros,ceuta-melilla,5.1
PANTER Panter Mini Filter Green (el envase de 20) CM,otros,ceuta-melilla,4.9
PANTER Panter Mini Filter Swirl (el envase de 20) CM,otros,ceuta-melilla,5.1
PANTER Panter Pocket Blue (20) CM,cigarrillos,ceuta-melilla,0.18
PANTER Panter Pocket Filter Green (10) CM,cigarrillos,ceuta-melilla,0.17
PANTER Panter Pocket Filter Swirl Bronze (10) CM,cigarrillos,ceuta-melilla,0.17
PANTER Panter Pocket Filter Swirl Red (10) CM,cigarrillos,ceuta-melilla,0.17
PANTER Panter Pocket Red (20) CM,cigarrillos,ceuta-melilla,0.18
PANTER Vitesse De Luxe (El Envase de 10) CM,otros,ceuta-melilla,2.5
PARTAGAS Añejados Coronas Gordas (25) CM,cigarrillos,ceuta-melilla,22.65
PARTAGAS Club (El envase de 10) CM,otros,ceuta-melilla,5.15
PARTAGAS Maduro Nº 1 (25) CM,cigarrillos,ceuta-melilla,19.45
PARTAGAS Mini (El envase de 10) CM,otros,ceuta-melilla,4.2
PARTAGAS Serie Club (El envase de 20) CM,otros,ceuta-melilla,11.15
PARTAGAS Serie E N 2 T (3) CM,otros,ceuta-melilla,23.25
PARTAGAS Serie Mini (El envase de 20) CM,otros,ceuta-melilla,9.05
PARTAGAS Serie Puritos (5) CM,otros,ceuta-melilla,1.3
PATRIA American Blend (El envase de 20) CM,otros,ceuta-melilla,1.7
PEÑAMIL Gran Corona CM,otros,ceuta-melilla,1.65
PEÑAMIL Oro Nº 25 (25) CM,cigarrillos,ceuta-melilla,2.2
Peterson 1865 Mixture (100 g) CM,tabaco-liar,ceuta-melilla,19.6
Peterson Early Morning (50 g) CM,tabaco-liar,ceuta-melilla,12.6
Peterson Founder's Choice (100 g) CM,tabaco-liar,ceuta-melilla,15.35
Peterson My Mixture 965 (50 g) CM,tabaco-liar,ceuta-melilla,12.6
Peterson Nightcap (50 g) CM,tabaco-liar,ceuta-melilla,12.6
Peterson Old Dublin (50 g) CM,tabaco-liar,ceuta-melilla,9.9
Peterson Sherlock Holmes (50 g) CM,tabaco-liar,ceuta-melilla,11.9
Peterson Standard Mixture (50 g) CM,tabaco-liar,ceuta-melilla,12.6
PLACERES Nicaragua Especiales Robusto M (10) CM,cigarrillos,ceuta-melilla,1.5
PLACERES Nicaragua Mini Robustos M (10) CM,cigarrillos,ceuta-melilla,1.15
PLACERES Nicaragua Mini Torpedos M (10) CM,cigarrillos,ceuta-melilla,1.15
PLACERES Nicaragua Perlitas M (10) CM,cigarrillos,ceuta-melilla,0.95
PLACERES Nicaragua Torpedos M (10) CM,cigarrillos,ceuta-melilla,1.65
PONCHO Poncho Cigarritos (10) CM,cigarrillos,ceuta-melilla,0.23
POR LARRAÑAGA Montecarlos (25) CM,cigarrillos,ceuta-melilla,5.25
POR LARRAÑAGA Petit Coronas (50) CM,cigarrillos,ceuta-melilla,7.2
Pueblo Blue (100 g) CM,tabaco-liar,ceuta-melilla,18.4
Pueblo Blue (30 g) CM,tabaco-liar,ceuta-melilla,5.8
Pueblo Burley Blend (30 g) CM,tabaco-liar,ceuta-melilla,5.8
Pueblo Fine Cut (100 g) CM,tabaco-liar,ceuta-melilla,18.4
Pueblo Fine Cut (30 g) CM,tabaco-liar,ceuta-melilla,5.8
PUNCH Coronations T/Alum (25) CM,cigarrillos,ceuta-melilla,8.5
PUNCH Mini (El envase de 20) CM,otros,ceuta-melilla,5.9
PUNCH Petit Coronations (25) CM,cigarrillos,ceuta-melilla,7.5
PUNCH Punch Punch (25) CM,cigarrillos,ceuta-melilla,16.1
PUNCH Punch Tubo (10) CM,cigarrillos,ceuta-melilla,16.7
QUAI D'ORSAY Coronas Claro (25) CM,cigarrillos,ceuta-melilla,13.55
QUINTERO Y HNO. Brevas (25) CM,cigarrillos,ceuta-melilla,2.2
QUINTERO Y HNO. Favoritos (25) CM,cigarrillos,ceuta-melilla,4
QUINTERO Y HNO. Favoritos (5) CM,otros,ceuta-melilla,4
QUINTERO Y HNO. Londres Extra (25) CM,cigarrillos,ceuta-melilla,2.9
QUINTERO Y HNO. Petit Quintero (25) CM,cigarrillos,ceuta-melilla,1.95
R&W Authentic Tobacco Original Green (30 g) papel CM,tabaco-liar,ceuta-melilla,3.2
RAFAEL GONZALEZ MARQUEZ Panetelas Extra (25) CM,cigarrillos,ceuta-melilla,2.3
RAFAEL GONZALEZ MARQUEZ Perlas (25) CM,cigarrillos,ceuta-melilla,3.2
RAFAEL GONZALEZ MARQUEZ Perlas (5) CM,otros,ceuta-melilla,3.2
RAFAEL GONZALEZ MARQUEZ Petit Coronas (25) CM,cigarrillos,ceuta-melilla,5
RAMON ALLONES Gigantes (25)  CM,cigarrillos,ceuta-melilla,11
RAMON ALLONES Small Club Coronas (25 ) CM,otros,ceuta-melilla,6.1
RAMON ALLONES Specially Selected (25) CM,cigarrillos,ceuta-melilla,16.1
RAMON ALLONES Specially Selected (50) CM,cigarrillos,ceuta-melilla,16.1
Raw Authentic Tobacco Blond (30 g) papel CM,tabaco-liar,ceuta-melilla,2.9
Raw Authentic Tobacco Classic (30 g) papel CM,tabaco-liar,ceuta-melilla,2.9
Raw Authentic Tobacco Classic (50 g) CM,tabaco-liar,ceuta-melilla,4.8
Raw Authentic Tobacco Original Green (50 g) CM,tabaco-liar,ceuta-melilla,5
Revoshi A-Easy (200 g) CM,tabaco-liar,ceuta-melilla,9.6
Revoshi Anibal Fang (25 g) CM,tabaco-liar,ceuta-melilla,1.4
Revoshi Antep Dream (25 g) CM,tabaco-liar,ceuta-melilla,1.4
Revoshi A-Strong (25 g) CM,tabaco-liar,ceuta-melilla,1.4
Revoshi Blck G (50 g) CM,tabaco-liar,ceuta-melilla,2.45
Revoshi Carmitta (200 g) CM,tabaco-liar,ceuta-melilla,9.6
Revoshi Carmitta (50 g) CM,tabaco-liar,ceuta-melilla,2.45
Revoshi Chao Bella (995 g) CM,tabaco-liar,ceuta-melilla,47.9
Revoshi D'App Strng (995 g) CM,tabaco-liar,ceuta-melilla,30
Revoshi Darmita (200 g) CM,tabaco-liar,ceuta-melilla,12.4
Revoshi Darmita (50 g) CM,tabaco-liar,ceuta-melilla,3.1
Revoshi Eskimo C (50 g) CM,tabaco-liar,ceuta-melilla,2.45
Revoshi Eskimo Cndy (50 g) CM,tabaco-liar,ceuta-melilla,2.45
Revoshi Eskimo L (50 g) CM,tabaco-liar,ceuta-melilla,2.45
Revoshi Eskimo Polar (200 g) CM,tabaco-liar,ceuta-melilla,9.6
Revoshi Eskimo Polar (50 g) CM,tabaco-liar,ceuta-melilla,2.45
Revoshi Eskimo-A (200 g) CM,tabaco-liar,ceuta-melilla,9.6
Revoshi Eskimo-C (25 g) CM,tabaco-liar,ceuta-melilla,1.4
Revoshi Eskimo-L (25 g) CM,tabaco-liar,ceuta-melilla,1.4
Revoshi Free Spartacus (25 g) CM,tabaco-liar,ceuta-melilla,1.4
Revoshi Funny Bunny (25 g) CM,tabaco-liar,ceuta-melilla,1.4
Revoshi G (200 g) CM,tabaco-liar,ceuta-melilla,9.6
Revoshi G Jager (200 g) CM,tabaco-liar,ceuta-melilla,9.6
Revoshi G Jager (25 g) CM,tabaco-liar,ceuta-melilla,1.4
Revoshi G Jager (50 g) CM,tabaco-liar,ceuta-melilla,2.45
Revoshi Ghandi Spir (200 g) CM,tabaco-liar,ceuta-melilla,9.6
Revoshi GM (200 g) CM,tabaco-liar,ceuta-melilla,9.6
Revoshi GM (50 g) CM,tabaco-liar,ceuta-melilla,2.45
Revoshi GP (50 g) CM,tabaco-liar,ceuta-melilla,2.45
Revoshi Green Jager (25 g) CM,tabaco-liar,ceuta-melilla,1.4
Revoshi Grp (50 g) CM,tabaco-liar,ceuta-melilla,2.45
Revoshi Grp-Mnt (50 g) CM,tabaco-liar,ceuta-melilla,2.45
Revoshi Kak de la Trshkv (25 g) CM,tabaco-liar,ceuta-melilla,1.4
Revoshi Kazak (25 g) CM,tabaco-liar,ceuta-melilla,1.4
Revoshi L (200 g) CM,tabaco-liar,ceuta-melilla,9.6
Revoshi L (50 g) CM,tabaco-liar,ceuta-melilla,2.45
Revoshi LM (200 g) CM,tabaco-liar,ceuta-melilla,9.6
Revoshi LM (50 g) CM,tabaco-liar,ceuta-melilla,2.45
Revoshi Lmn (50 g) CM,tabaco-liar,ceuta-melilla,2.45
Revoshi Lmn-Mnt (50 g) CM,tabaco-liar,ceuta-melilla,2.45
Revoshi M (50 g) CM,tabaco-liar,ceuta-melilla,2.45
Revoshi Manda (200 g) CM,tabaco-liar,ceuta-melilla,9.6
Revoshi Manda (50 g) CM,tabaco-liar,ceuta-melilla,2.45
Revoshi Marbella (200 g) CM,tabaco-liar,ceuta-melilla,9.6
Revoshi Marbella (50 g) CM,tabaco-liar,ceuta-melilla,2.45
Revoshi Mnt (50 g) CM,tabaco-liar,ceuta-melilla,2.45
Revoshi Nana (995 g) CM,tabaco-liar,ceuta-melilla,30
Revoshi O (200 g) CM,tabaco-liar,ceuta-melilla,9.6
Revoshi O (50 g) CM,tabaco-liar,ceuta-melilla,2.45
Revoshi Ola Zapata (25 g) CM,tabaco-liar,ceuta-melilla,1.4
Revoshi OM (50 g) CM,tabaco-liar,ceuta-melilla,2.45
Revoshi Orng (50 g) CM,tabaco-liar,ceuta-melilla,2.45
Revoshi Qui-Qui (200 g) CM,tabaco-liar,ceuta-melilla,9.6
Revoshi Qui-Qui (50 g) CM,tabaco-liar,ceuta-melilla,2.45
Revoshi Racy Colombian (25 g) CM,tabaco-liar,ceuta-melilla,1.4
Revoshi Thanks Engels (25 g) CM,tabaco-liar,ceuta-melilla,1.4
Revoshi Thrilla in Manila (200 g) CM,tabaco-liar,ceuta-melilla,12.4
Revoshi Thrilla in Manila (50 g) CM,tabaco-liar,ceuta-melilla,3.1
Revoshi Txele (200 g) CM,tabaco-liar,ceuta-melilla,9.6
Revoshi Txele (50 g) CM,tabaco-liar,ceuta-melilla,2.45
Revoshi Vaina (200 g) CM,tabaco-liar,ceuta-melilla,9.6
Revoshi Vaina (50 g) CM,tabaco-liar,ceuta-melilla,2.45
Revoshi Vamos Ernesto (25 g) CM,tabaco-liar,ceuta-melilla,1.4
Revoshi Zingy Newyork (25 g) CM,tabaco-liar,ceuta-melilla,1.4
REY DEL MUNDO Choix Supreme (25) CM,cigarrillos,ceuta-melilla,11.85
REY DEL MUNDO Demi Tasse (25) CM,cigarrillos,ceuta-melilla,5.1
ROLO TABAK Rolo Tabak Caja (El envase de 20) CM,otros,ceuta-melilla,4
ROLO TABAK Rolo Tabak Lata (El envase de 20) CM,otros,ceuta-melilla,4.4
ROLO TABAK Rolo Tabak Na Seda (El envase de 20) CM,otros,ceuta-melilla,3.6
ROLO TABAK Rolo Tabak Terra Tabak (El envase de 20) CM,otros,ceuta-melilla,3.7
ROMEO Y JULIETA Belicosos (25) CM,cigarrillos,ceuta-melilla,18.15
ROMEO Y JULIETA Cazadores (25) CM,cigarrillos,ceuta-melilla,13.9
ROMEO Y JULIETA Cedros de Luxe Nº2 (25) CM,cigarrillos,ceuta-melilla,13.4
ROMEO Y JULIETA Cedros de Luxe Nº3 (25) CM,cigarrillos,ceuta-melilla,10.05
ROMEO Y JULIETA Churchills (25) CM,cigarrillos,ceuta-melilla,24.8
ROMEO Y JULIETA Churchills Tubo (10) CM,cigarrillos,ceuta-melilla,25.4
ROMEO Y JULIETA Churchills Tubo (25) CM,cigarrillos,ceuta-melilla,25.4
ROMEO Y JULIETA Churchills Tubo (3) CM,otros,ceuta-melilla,25.4
ROMEO Y JULIETA Club (El envase de 20) CM,otros,ceuta-melilla,10.3
ROMEO Y JULIETA Coronas (25) CM,cigarrillos,ceuta-melilla,6.55
ROMEO Y JULIETA Coronitas en Cedro (25) CM,cigarrillos,ceuta-melilla,7.4
ROMEO Y JULIETA Exhibición Nº 4 (25) CM,cigarrillos,ceuta-melilla,14.85
ROMEO Y JULIETA Julieta (5) CM,otros,ceuta-melilla,8.5
ROMEO Y JULIETA Mille Fleurs (10) CM,cigarrillos,ceuta-melilla,6.25
ROMEO Y JULIETA Mille Fleurs (25) CM,cigarrillos,ceuta-melilla,6.25
ROMEO Y JULIETA Mini (El envase de 20) CM,otros,ceuta-melilla,8.1
ROMEO Y JULIETA Petit Churchills (25) CM,cigarrillos,ceuta-melilla,13.1
ROMEO Y JULIETA Petit Churchills T (3) CM,otros,ceuta-melilla,13.7
ROMEO Y JULIETA Petit Coronas (25) CM,cigarrillos,ceuta-melilla,8.85
ROMEO Y JULIETA Petit Coronas (5) CM,otros,ceuta-melilla,8.85
ROMEO Y JULIETA Petit Julietas (25) CM,cigarrillos,ceuta-melilla,5.45
ROMEO Y JULIETA Petit Princess (25) CM,cigarrillos,ceuta-melilla,7.4
ROMEO Y JULIETA Regalías de Londres (25) CM,cigarrillos,ceuta-melilla,6.7
ROMEO Y JULIETA Romeo Nº 1 (10) CM,cigarrillos,ceuta-melilla,9.8
ROMEO Y JULIETA Romeo Nº 1 (25) CM,cigarrillos,ceuta-melilla,9.8
ROMEO Y JULIETA Romeo Nº 1 (3) CM,otros,ceuta-melilla,9.8
ROMEO Y JULIETA Romeo Nº 2 (10) CM,cigarrillos,ceuta-melilla,10.15
ROMEO Y JULIETA Romeo Nº 2 (25) CM,cigarrillos,ceuta-melilla,10.15
ROMEO Y JULIETA Romeo Nº 2 (3) CM,otros,ceuta-melilla,10.15
ROMEO Y JULIETA Romeo Nº 2 (5) CM,otros,ceuta-melilla,10.15
ROMEO Y JULIETA Romeo Nº 3 (10) CM,cigarrillos,ceuta-melilla,7.9
ROMEO Y JULIETA Romeo Nº 3 (25) CM,cigarrillos,ceuta-melilla,7.9
ROMEO Y JULIETA Romeo Nº 3 (3) CM,otros,ceuta-melilla,7.9
ROMEO Y JULIETA Short Churchills (10) CM,cigarrillos,ceuta-melilla,17.9
ROMEO Y JULIETA Short Churchills (25) CM,cigarrillos,ceuta-melilla,17.9
ROMEO Y JULIETA Short Churchills Tubo (3) CM,otros,ceuta-melilla,18.5
ROMEO Y JULIETA Wide Churchill (10) CM,cigarrillos,ceuta-melilla,19.8
ROMEO Y JULIETA Wide Churchill (25) CM,cigarrillos,ceuta-melilla,19.8
ROMEO Y JULIETA Wide Churchill Tubo (3) CM,otros,ceuta-melilla,20.35
Salsa American Blend (20 g) CM,tabaco-liar,ceuta-melilla,3.05
SAN CRISTOBAL DE LA HABANA El Principe (25) CM,cigarrillos,ceuta-melilla,6.15
SAN CRISTOBAL DE LA HABANA La Fuerza (25) CM,cigarrillos,ceuta-melilla,10.4
SANCHO PANZA Belicosos (25) CM,cigarrillos,ceuta-melilla,13.2
SANCHO PANZA Non Plus (25) CM,cigarrillos,ceuta-melilla,7.8
Serbetli Shisha Green Mix (200 g) CM,tabaco-liar,ceuta-melilla,8.6
Serbetli Shisha Green Mix (50 g) CM,tabaco-liar,ceuta-melilla,2.2
Serbetli Shisha Icbodrumm (200 g) CM,tabaco-liar,ceuta-melilla,8.6
Serbetli Shisha Stra Shark (200 g) CM,tabaco-liar,ceuta-melilla,8.6
Serbetli Shisha Stra Shark (50 g) CM,tabaco-liar,ceuta-melilla,2.2
Shisha Kartel Big Bagman (200 g) CM,tabaco-liar,ceuta-melilla,7.2
Shisha Kartel Blood Bath (50 g) CM,tabaco-liar,ceuta-melilla,1.9
Shisha Kartel Capo Dei Capi (200 g) CM,tabaco-liar,ceuta-melilla,7.2
Shisha Kartel Capo Dei Capi (50 g) CM,tabaco-liar,ceuta-melilla,1.9
Shisha Kartel Capo Dei Capi (950 g) CM,tabaco-liar,ceuta-melilla,35
Shisha Kartel Guilty Gang (50 g) CM,tabaco-liar,ceuta-melilla,1.9
Shisha Kartel Krazee Kombo (50 g) CM,tabaco-liar,ceuta-melilla,1.9
Shisha Kartel Mafia Madness (50 g) CM,tabaco-liar,ceuta-melilla,1.9
Shisha Kartel Plata o Plomo (50 g) CM,tabaco-liar,ceuta-melilla,1.9
Shisha Kartel Sexy Sheba (200 g) CM,tabaco-liar,ceuta-melilla,7.2
Shisha Kartel Sexy Sheba (50 g) CM,tabaco-liar,ceuta-melilla,1.9
Shisha Kartel Sexy Sheba (950 g) CM,tabaco-liar,ceuta-melilla,35
SIGNATURE Blue (20) CM,cigarrillos,ceuta-melilla,0.28
SIGNATURE Finos Beige (El envase de 20) CM,otros,ceuta-melilla,4.6
SIGNATURE Finos Blue (El envase de 20) CM,otros,ceuta-melilla,4.6
SIGNATURE Finos Filter Beige (10) CM,cigarrillos,ceuta-melilla,0.21
SIGNATURE Finos Filter Blue (10) CM,cigarrillos,ceuta-melilla,0.21
SIGNATURE Finos Filter Red (10) CM,cigarrillos,ceuta-melilla,0.21
SIGNATURE Finos Original (El Envase de 20) CM,otros,ceuta-melilla,4.6
SIGNATURE Finos Red (El Envase de 20) CM,otros,ceuta-melilla,4.6
SIGNATURE Noir (20) CM,cigarrillos,ceuta-melilla,0.28
SIGNATURE Original (20) CM,cigarrillos,ceuta-melilla,0.28
SIGNATURE Red (20) CM,cigarrillos,ceuta-melilla,0.28
SIGNATURE Signature Finos Filter Beige (El envase de 20) CM,otros,ceuta-melilla,4
SIGNATURE Signature Finos Filter Green (10) CM,cigarrillos,ceuta-melilla,0.21
SIGNATURE Signature Silhouette Filter Beige (10) CM,cigarrillos,ceuta-melilla,0.23
SIGNATURE Signature Silhouette Filter Green (10) CM,cigarrillos,ceuta-melilla,0.23
SILVERADO CH (el envase de 20) CM,otros,ceuta-melilla,1.6
SILVERADO Cigarritos (El envase de 20) CM,cigarrillos,ceuta-melilla,1
SILVERADO De Luxe American Blend C20 (El envase de 20) CM,otros,ceuta-melilla,1.6
SILVERADO De Luxe Blue C20 (El envase de 20) CM,otros,ceuta-melilla,1.6
SILVERADO De Luxe negro (El envase de 20) CM,otros,ceuta-melilla,1.6
SILVERADO Double Green (el envase de 20) CM,otros,ceuta-melilla,1.6
SILVERADO Green (el envase de 20) CM,otros,ceuta-melilla,1.6
SILVERADO Ice Cool (el envase de 20) CM,otros,ceuta-melilla,1.6
SILVERADO M (el envase de 20) CM,otros,ceuta-melilla,1.6
SILVERADO Menthol (El envase de 20) CM,otros,ceuta-melilla,1
SILVERADO RG (el envase de 20) CM,otros,ceuta-melilla,1.6
SILVERADO V (el envase de 20) CM,otros,ceuta-melilla,1.6
SILVERADO Vanilla (El envase de 20) CM,otros,ceuta-melilla,1
Sioux Blue (30 g) CM,tabaco-liar,ceuta-melilla,2.9
Skandinavik Mixture (50 g) CM,tabaco-liar,ceuta-melilla,7.8
Skandinavik Navy (50 g) CM,tabaco-liar,ceuta-melilla,8
Social Smoke Absolute Zero (200 g) CM,tabaco-liar,ceuta-melilla,13.95
Social Smoke Absolute Zero (50 g) CM,tabaco-liar,ceuta-melilla,3.75
Social Smoke C Roll (200 g) CM,tabaco-liar,ceuta-melilla,13.95
Social Smoke C Roll (50 g) CM,tabaco-liar,ceuta-melilla,3.75
Social Smoke CA Chill (200 g) CM,tabaco-liar,ceuta-melilla,13.95
Social Smoke CA Chill (50 g) CM,tabaco-liar,ceuta-melilla,3.75
Social Smoke CU Chill (200 g) CM,tabaco-liar,ceuta-melilla,13.95
Social Smoke CU Chill (50 g) CM,tabaco-liar,ceuta-melilla,3.75
Social Smoke D D L (200 g) CM,tabaco-liar,ceuta-melilla,13.95
Social Smoke D D L (50 g) CM,tabaco-liar,ceuta-melilla,3.75
Social Smoke Gumtastic (200 g) CM,tabaco-liar,ceuta-melilla,13.95
Social Smoke Gumtastic (50 g) CM,tabaco-liar,ceuta-melilla,3.75
Social Smoke H CTA (200 g) CM,tabaco-liar,ceuta-melilla,13.95
Social Smoke H CTA (50 g) CM,tabaco-liar,ceuta-melilla,3.75
Social Smoke HD M Chill (200 g) CM,tabaco-liar,ceuta-melilla,13.95
Social Smoke HD M Chill (50 g) CM,tabaco-liar,ceuta-melilla,3.75
Social Smoke L Chill (200 g) CM,tabaco-liar,ceuta-melilla,13.95
Social Smoke L Chill (50 g) CM,tabaco-liar,ceuta-melilla,3.75
Social Smoke P Chill (200 g) CM,tabaco-liar,ceuta-melilla,13.95
Social Smoke P Chill (50 g) CM,tabaco-liar,ceuta-melilla,3.75
Social Smoke P Chill (999 g) CM,tabaco-liar,ceuta-melilla,59.9
Social Smoke PST BRZ (200 g) CM,tabaco-liar,ceuta-melilla,13.95
Social Smoke PST BRZ (50 g) CM,tabaco-liar,ceuta-melilla,3.75
Social Smoke Twisted (200 g) CM,tabaco-liar,ceuta-melilla,13.95
Social Smoke Twisted (50 g) CM,tabaco-liar,ceuta-melilla,3.75
Social Smoke White Bear (200 g) CM,tabaco-liar,ceuta-melilla,13.95
Social Smoke White Bear (50 g) CM,tabaco-liar,ceuta-melilla,3.75
Social Smoke WM Chill (200 g) CM,tabaco-liar,ceuta-melilla,13.95
Social Smoke WM Chill (50 g) CM,tabaco-liar,ceuta-melilla,3.75
Stanwell Melange (50 g) CM,tabaco-liar,ceuta-melilla,8.3
Stanwell Sungold (50 g) CM,tabaco-liar,ceuta-melilla,8.3
Starbuzz Bold Brown Kiss (100 g) CM,tabaco-liar,ceuta-melilla,7.9
Starbuzz Bold Frost Bite (100 g) CM,tabaco-liar,ceuta-melilla,7.9
Starbuzz Bold G Freeze (100 g) CM,tabaco-liar,ceuta-melilla,7.9
Starbuzz Bold Golden Gee (100 g) CM,tabaco-liar,ceuta-melilla,7.9
Starbuzz Bold Indy White (100 g) CM,tabaco-liar,ceuta-melilla,7.9
Starbuzz Bold Tropikool Mist (100 g) CM,tabaco-liar,ceuta-melilla,7.9
Starbuzz Bold Wet Meli Freeze (100 g) CM,tabaco-liar,ceuta-melilla,7.9
Starbuzz Bold Yellow Mist (100 g) CM,tabaco-liar,ceuta-melilla,7.9
Starbuzz Classic Line Double App (50 g) CM,tabaco-liar,ceuta-melilla,3.7
Starbuzz Classic Line Lmn Mnt (50 g) CM,tabaco-liar,ceuta-melilla,3.7
Starbuzz Classic Line O. Mnt (50 g) CM,tabaco-liar,ceuta-melilla,3.7
Starbuzz Classic Line Royal Grp (50 g) CM,tabaco-liar,ceuta-melilla,3.7
Starbuzz Egyptian Pharos picadura shisha lata (100 g) CM,tabaco-liar,ceuta-melilla,7.9
Starbuzz Exotic Blue Mist (100 g) CM,tabaco-liar,ceuta-melilla,7.9
Starbuzz Exotic Blue Surfer Picadura Shisha Lata (100 g) CM,tabaco-liar,ceuta-melilla,7.9
Starbuzz Exotic Cosmopolitan Picadura Shisha Lata (100 g) CM,tabaco-liar,ceuta-melilla,7.9
Starbuzz Exotic Fuzzy Naval (100 g) CM,tabaco-liar,ceuta-melilla,7.9
Starbuzz Exotic Geisha (100 g) CM,tabaco-liar,ceuta-melilla,7.9
Starbuzz Exotic Green Savior (100 g) CM,tabaco-liar,ceuta-melilla,7.9
Starbuzz Exotic Irish Kiss (100 g) CM,tabaco-liar,ceuta-melilla,7.9
Starbuzz Exotic Lebanese Bomb Shell (100 g) CM,tabaco-liar,ceuta-melilla,7.9
Starbuzz Exotic Mighty Freeze Picadura Shisha Lata (100 g) CM,tabaco-liar,ceuta-melilla,7.9
Starbuzz Exotic Pink (100 g) CM,tabaco-liar,ceuta-melilla,7.9
Starbuzz Exotic Pink Chica Picadura Shisha Lata (100 g) CM,tabaco-liar,ceuta-melilla,7.9
Starbuzz Exotic Pirate's Cave (100 g) CM,tabaco-liar,ceuta-melilla,7.9
Starbuzz Exotic Pumpkin Pie (100 g) CM,tabaco-liar,ceuta-melilla,6.6
Starbuzz Exotic Queen Of Sex (100 g) CM,tabaco-liar,ceuta-melilla,7.9
Starbuzz Exotic Winter Fresh (100 g) CM,tabaco-liar,ceuta-melilla,7.9
Starbuzz French Buzz picadura shisha lata (100 g) CM,tabaco-liar,ceuta-melilla,7.9
Starbuzz Pineana Freeze Shisha (100 g) CM,tabaco-liar,ceuta-melilla,7.9
Starbuzz Regular Anjou Chill (100 g) CM,tabaco-liar,ceuta-melilla,7.9
Starbuzz Regular Blue Gee (100 g) CM,tabaco-liar,ceuta-melilla,7.9
Starbuzz Regular Cucu Jumbo (100 g) CM,tabaco-liar,ceuta-melilla,7.9
Starbuzz Regular Double App (100 g) CM,tabaco-liar,ceuta-melilla,7.9
Starbuzz Regular Green Charge (100 g) CM,tabaco-liar,ceuta-melilla,7.9
Starbuzz Regular Kaktus Chill (100 g) CM,tabaco-liar,ceuta-melilla,7.9
Starbuzz Regular Passionova (100 g) CM,tabaco-liar,ceuta-melilla,7.9
Starbuzz Regular Pineana (100 g) CM,tabaco-liar,ceuta-melilla,7.9
Starbuzz Regular Razzy (100 g) CM,tabaco-liar,ceuta-melilla,7.9
Starbuzz Regular Royal Gee (100 g) CM,tabaco-liar,ceuta-melilla,7.9
Starbuzz Regular Safari M Dew (100 g) CM,tabaco-liar,ceuta-melilla,7.9
Starbuzz Regular White Delight (100 g) CM,tabaco-liar,ceuta-melilla,7.9
Starbuzz Regular White Nec (100 g) CM,tabaco-liar,ceuta-melilla,7.9
Starbuzz Regular Yellow Freeze (100 g) CM,tabaco-liar,ceuta-melilla,7.9
Starbuzz Sexy Beach picadura shisha lata (100 g) CM,tabaco-liar,ceuta-melilla,7.9
Starbuzz Vintage Cheers! (80 g) CM,tabaco-liar,ceuta-melilla,6.4
Starbuzz Vintage Dark Winilla (80 g) CM,tabaco-liar,ceuta-melilla,6.4
Starbuzz Vintage Delhi T (80 g) CM,tabaco-liar,ceuta-melilla,6.4
Starbuzz Vintage Fresh Cito (80 g) CM,tabaco-liar,ceuta-melilla,6.4
Starbuzz Vintage Hunny Dew Me (80 g) CM,tabaco-liar,ceuta-melilla,6.4
Starbuzz Vintage Plus La Dominikana (50 g) CM,tabaco-liar,ceuta-melilla,4.15
Starbuzz Vintage Timisue (80 g) CM,tabaco-liar,ceuta-melilla,6.4
Starbuzz White Bear picadura shisha lata (100 g) CM,tabaco-liar,ceuta-melilla,7.9
STATOS DE LUXE Brevas CM,otros,ceuta-melilla,0.73
STATOS DE LUXE Delirios CM,otros,ceuta-melilla,1.05
STATOS DE LUXE Selectos CM,otros,ceuta-melilla,1.42
Steeple Mezcla Americana (350 g) CM,tabaco-liar,ceuta-melilla,39.65
Steeple Negro (70 g) CM,tabaco-liar,ceuta-melilla,7.9
Street Smoke Blue Beast (50 g) CM,tabaco-liar,ceuta-melilla,3.2
Street Smoke Booty (50 g) CM,tabaco-liar,ceuta-melilla,3.2
Street Smoke Bro (50 g) CM,tabaco-liar,ceuta-melilla,3.2
Street Smoke Machine (50 g) CM,tabaco-liar,ceuta-melilla,3.2
Street Smoke MBA P (50 g) CM,tabaco-liar,ceuta-melilla,3.2
Street Smoke Namaste (50 g) CM,tabaco-liar,ceuta-melilla,3.2
Street Smoke Scar (50 g) CM,tabaco-liar,ceuta-melilla,3.2
Street Smoke Street Love (50 g) CM,tabaco-liar,ceuta-melilla,3.2
Surfside Choco  CM,otros,ceuta-melilla,2.5
Surfside Cubalibre Flavor CM,tabaco-liar,ceuta-melilla,2.5
Surfside Mango Tropic Flavor CM,otros,ceuta-melilla,2.5
Surfside Mojito Flavor CM,otros,ceuta-melilla,2.5
Surfside Piña Colada Flavor CM,otros,ceuta-melilla,2.5
Surfside Tequila Sunrise Flavor CM,otros,ceuta-melilla,2.5
Surfside Vanilla Flavor CM,otros,ceuta-melilla,2.5
T.Radford Sunday S Fant. (50 g) CM,tabaco-liar,ceuta-melilla,5.2
Tabacco Way - Be Happy - Golden Virginia (150 g) CM,tabaco-liar,ceuta-melilla,12
Tabacco Way - Be Happy - Golden Virginia (250 g) CM,tabaco-liar,ceuta-melilla,19.6
Tabacco Way - Be Happy - Golden Virginia (50 g) CM,tabaco-liar,ceuta-melilla,4
Tabacco Way - Brazilian Spirit Tobacco - American Blend (150 g) - Bolsa CM,tabaco-liar,ceuta-melilla,12.4
Tabacco Way - Brazilian Spirit Tobacco - American Blend (50 g) - Petaca CM,tabaco-liar,ceuta-melilla,4.4
Tabacco Way - Brazilian Spirit Tobacco - Brazilian Blend (150 g) - Bolsa CM,tabaco-liar,ceuta-melilla,12.4
Tabacco Way - Brazilian Spirit Tobacco - Brazilian Blend (50 g) - Petaca CM,tabaco-liar,ceuta-melilla,4.4
Tabacco Way - Brazilian Spirit Tobacco - Oriental Blend (150 g) - Bolsa CM,tabaco-liar,ceuta-melilla,12.4
Tabacco Way - Brazilian Spirit Tobacco - Oriental Blend (50 g) - Petaca CM,tabaco-liar,ceuta-melilla,4.4
Tabacco Way - Doctor Pipe - Dark Diamond (50 g) - Lata CM,tabaco-liar,ceuta-melilla,8.9
Tabacco Way - Doctor Pipe - Dark Diamond (50 g) - Petaca CM,tabaco-liar,ceuta-melilla,6.2
Tabacco Way - Doctor Pipe - Dark Fired (50 g) - Lata CM,tabaco-liar,ceuta-melilla,7.2
Tabacco Way - Doctor Pipe - Dark Fired (50 g) - Petaca CM,tabaco-liar,ceuta-melilla,4.5
Tabacco Way - Doctor Pipe - English Blend (50 g) - Lata CM,tabaco-liar,ceuta-melilla,8.9
Tabacco Way - Doctor Pipe - English Blend (50 g) - Petaca CM,tabaco-liar,ceuta-melilla,6.2
Tabacco Way - Doctor Pipe - Latakia (50 g) - Lata CM,tabaco-liar,ceuta-melilla,9.9
Tabacco Way - Doctor Pipe - Latakia (50 g) - Petaca CM,tabaco-liar,ceuta-melilla,7.5
Tabacco Way - Doctor Pipe - Royal (50 g) - Lata CM,tabaco-liar,ceuta-melilla,7.5
Tabacco Way - Doctor Pipe - Royal (50 g) - Petaca CM,tabaco-liar,ceuta-melilla,5
Tabacco Way - Doctor Pipe - Scottish Mixture (50 g) - Lata CM,tabaco-liar,ceuta-melilla,7.9
Tabacco Way - Doctor Pipe - Scottish Mixture (50 g) - Petaca CM,tabaco-liar,ceuta-melilla,5.2
Tabacco Way - D'Ora - Golden Virginia (150 g) CM,tabaco-liar,ceuta-melilla,12
Tabacco Way - D'Ora - Golden Virginia (250 g) CM,tabaco-liar,ceuta-melilla,19.6
Tabacco Way - D'Ora - Golden Virginia (50 g) CM,tabaco-liar,ceuta-melilla,4
Taboo Alien Twist (200 g) CM,tabaco-liar,ceuta-melilla,10.5
Taboo Alien Twist (50 g) CM,tabaco-liar,ceuta-melilla,2.9
Taboo Alpine Spirit (200 g) CM,tabaco-liar,ceuta-melilla,10.5
Taboo Alpine Spirit (50 g) CM,tabaco-liar,ceuta-melilla,2.9
Taboo American Pay (200 g) CM,tabaco-liar,ceuta-melilla,10.5
Taboo American Pay (50 g) CM,tabaco-liar,ceuta-melilla,2.9
Taboo Bahama Mama (200 g) CM,tabaco-liar,ceuta-melilla,10.5
Taboo Bahama Mama (50 g) CM,tabaco-liar,ceuta-melilla,2.9
Taboo Bikini Sunset (200 g) CM,tabaco-liar,ceuta-melilla,10.5
Taboo Bikini Sunset (50 g) CM,tabaco-liar,ceuta-melilla,2.9
Taboo Black Limousine (200 g) CM,tabaco-liar,ceuta-melilla,10.5
Taboo Black Limousine (50 g) CM,tabaco-liar,ceuta-melilla,2.9
Taboo Blizzardina (200 g) CM,tabaco-liar,ceuta-melilla,10.5
Taboo Blizzardina (50 g) CM,tabaco-liar,ceuta-melilla,2.9
Taboo Blue Bay (200 g) CM,tabaco-liar,ceuta-melilla,10.5
Taboo Blue Bay (50 g) CM,tabaco-liar,ceuta-melilla,2.9
Taboo Brutal Choice (200 g) CM,tabaco-liar,ceuta-melilla,10.5
Taboo Brutal Choice (50 g) CM,tabaco-liar,ceuta-melilla,2.9
Taboo Car Melo (50 g) CM,tabaco-liar,ceuta-melilla,2.9
Taboo Caribbean Cruise (200 g) CM,tabaco-liar,ceuta-melilla,10.5
Taboo Caribbean Cruise (50 g) CM,tabaco-liar,ceuta-melilla,2.9
Taboo Casanova Dream (200 g) CM,tabaco-liar,ceuta-melilla,10.5
Taboo Casanova Dream (50 g) CM,tabaco-liar,ceuta-melilla,2.9
Taboo Cinna Mill (200 g) CM,tabaco-liar,ceuta-melilla,10.5
Taboo Cinna Mill (50 g) CM,tabaco-liar,ceuta-melilla,2.9
Taboo Cool Sunrise (200 g) CM,tabaco-liar,ceuta-melilla,10.5
Taboo Cool Sunrise (50 g) CM,tabaco-liar,ceuta-melilla,2.9
Taboo Copa Cabana (200 g) CM,tabaco-liar,ceuta-melilla,10.5
Taboo Copa Cabana (50 g) CM,tabaco-liar,ceuta-melilla,2.9
Taboo Cumulus (200 g) CM,tabaco-liar,ceuta-melilla,10.5
Taboo Cumulus (50 g) CM,tabaco-liar,ceuta-melilla,2.9
Taboo Dancing Queen (200 g) CM,tabaco-liar,ceuta-melilla,10.5
Taboo Dancing Queen (50 g) CM,tabaco-liar,ceuta-melilla,2.9
Taboo Dancing Queen (950 g) CM,tabaco-liar,ceuta-melilla,41.5
Taboo Darkum (200 g) CM,tabaco-liar,ceuta-melilla,10.5
Taboo Darkum (50 g) CM,tabaco-liar,ceuta-melilla,2.9
Taboo Five O'Clock (200 g) CM,tabaco-liar,ceuta-melilla,10.5
Taboo Five O'Clock (50 g) CM,tabaco-liar,ceuta-melilla,2.9
Taboo French Kiss (200 g) CM,tabaco-liar,ceuta-melilla,10.5
Taboo French Kiss (50 g) CM,tabaco-liar,ceuta-melilla,2.9
Taboo French Kss (200 g) CM,tabaco-liar,ceuta-melilla,10.5
Taboo French Kss (50 g) CM,tabaco-liar,ceuta-melilla,2.9
Taboo French Kss (950 g) CM,tabaco-liar,ceuta-melilla,41.5
Taboo Game Over (200 g) CM,tabaco-liar,ceuta-melilla,10.5
Taboo Game Over (50 g) CM,tabaco-liar,ceuta-melilla,2.9
Taboo Golden Eye  (200 g) CM,tabaco-liar,ceuta-melilla,10.5
Taboo Golden Eye  (50 g) CM,tabaco-liar,ceuta-melilla,2.9
Taboo Hakuna Matata (200 g) CM,tabaco-liar,ceuta-melilla,10.5
Taboo Hakuna Matata (50 g) CM,tabaco-liar,ceuta-melilla,2.9
Taboo Indian Summer (200 g) CM,tabaco-liar,ceuta-melilla,10.5
Taboo Indian Summer (50 g) CM,tabaco-liar,ceuta-melilla,2.9
Taboo Irish Dream (200 g) CM,tabaco-liar,ceuta-melilla,10.5
Taboo Irish Dream (50 g) CM,tabaco-liar,ceuta-melilla,2.9
Taboo Italian Passion (200 g) CM,tabaco-liar,ceuta-melilla,10.5
Taboo Italian Passion (50 g) CM,tabaco-liar,ceuta-melilla,2.9
Taboo Jungle (200 g) CM,tabaco-liar,ceuta-melilla,10.5
Taboo Jungle (50 g) CM,tabaco-liar,ceuta-melilla,2.9
Taboo Lucky (50 g) CM,tabaco-liar,ceuta-melilla,2.9
Taboo Mambo (200 g) CM,tabaco-liar,ceuta-melilla,10.5
Taboo Mambo (50 g) CM,tabaco-liar,ceuta-melilla,2.9
Taboo Misguided (200 g) CM,tabaco-liar,ceuta-melilla,10.5
Taboo Misguided (50 g) CM,tabaco-liar,ceuta-melilla,2.9
Taboo Moonwalk (200 g) CM,tabaco-liar,ceuta-melilla,10.5
Taboo Moonwalk (50 g) CM,tabaco-liar,ceuta-melilla,2.9
Taboo Mystic China (200 g) CM,tabaco-liar,ceuta-melilla,10.5
Taboo Mystic China (50 g) CM,tabaco-liar,ceuta-melilla,2.9
Taboo Over The Rainbow (200 g) CM,tabaco-liar,ceuta-melilla,10.5
Taboo Over The Rainbow (25 g) CM,tabaco-liar,ceuta-melilla,1.15
Taboo Over The Rainbow (50 g) CM,tabaco-liar,ceuta-melilla,2.9
Taboo Over The Rainbow (950 g) CM,tabaco-liar,ceuta-melilla,41.5
Taboo Pocamel (200 g) CM,tabaco-liar,ceuta-melilla,10.5
Taboo Pocamel (50 g) CM,tabaco-liar,ceuta-melilla,2.9
Taboo Power of Love (200 g) CM,tabaco-liar,ceuta-melilla,10.5
Taboo Power of Love (50 g) CM,tabaco-liar,ceuta-melilla,2.9
Taboo Promise (200 g) CM,tabaco-liar,ceuta-melilla,10.5
Taboo Promise (50 g) CM,tabaco-liar,ceuta-melilla,2.9
Taboo Red Blast (200 g) CM,tabaco-liar,ceuta-melilla,10.5
Taboo Red Blast (50 g) CM,tabaco-liar,ceuta-melilla,2.9
Taboo Red Fusion (200 g) CM,tabaco-liar,ceuta-melilla,10.5
Taboo Red Fussion (50 g) CM,tabaco-liar,ceuta-melilla,2.9
Taboo Richman (200 g) CM,tabaco-liar,ceuta-melilla,10.5
Taboo Richman (50 g) CM,tabaco-liar,ceuta-melilla,2.9
Taboo Rim Shot (200 g) CM,tabaco-liar,ceuta-melilla,10.5
Taboo Rim Shot (50 g) CM,tabaco-liar,ceuta-melilla,2.9
Taboo Seduction (200 g) CM,tabaco-liar,ceuta-melilla,10.5
Taboo Seduction (25 g) CM,tabaco-liar,ceuta-melilla,1.15
Taboo Seduction (50 g) CM,tabaco-liar,ceuta-melilla,2.9
Taboo Sexy Green (200 g) CM,tabaco-liar,ceuta-melilla,10.5
Taboo Sexy Green (25 g) CM,tabaco-liar,ceuta-melilla,1.15
Taboo Sexy Green (50 g) CM,tabaco-liar,ceuta-melilla,2.9
Taboo Sxy Green (200 g) CM,tabaco-liar,ceuta-melilla,10.5
Taboo Sxy Green (50 g) CM,tabaco-liar,ceuta-melilla,2.9
Taboo Sxy Green (950 g) CM,tabaco-liar,ceuta-melilla,41.5
Taboo Talisman (200 g) CM,tabaco-liar,ceuta-melilla,10.5
Taboo Talisman (50 g) CM,tabaco-liar,ceuta-melilla,2.9
Taboo Tropical Storm (200 g) CM,tabaco-liar,ceuta-melilla,10.5
Taboo Tropical Storm (50 g) CM,tabaco-liar,ceuta-melilla,2.9
Taboo Tuxedo (200 g) CM,tabaco-liar,ceuta-melilla,10.5
Taboo Tuxedo (50 g) CM,tabaco-liar,ceuta-melilla,2.9
Taboo Unicorn Dust (200 g) CM,tabaco-liar,ceuta-melilla,10.5
Taboo Unicorn Dust (50 g) CM,tabaco-liar,ceuta-melilla,2.9
Taboo Waterfall (200 g) CM,tabaco-liar,ceuta-melilla,10.5
Taboo Waterfall (50 g) CM,tabaco-liar,ceuta-melilla,2.9
Taboo Waterfall (950 g) CM,tabaco-liar,ceuta-melilla,41.5
Tarifa Shisha Africa Tropical (50 g) CM,tabaco-liar,ceuta-melilla,2.75
Tarifa Shisha Arctic Flow (50 g) CM,tabaco-liar,ceuta-melilla,2.75
Tarifa Shisha Bikini (50 g) CM,tabaco-liar,ceuta-melilla,2.75
Tarifa Shisha Dembow (50 g) CM,tabaco-liar,ceuta-melilla,2.75
Tarifa Shisha Dragon Kahn (50 g) CM,tabaco-liar,ceuta-melilla,2.75
Tarifa Shisha Estampida (50 g) CM,tabaco-liar,ceuta-melilla,2.75
Tarifa Shisha Granny (50 g) CM,tabaco-liar,ceuta-melilla,2.75
Tarifa Shisha Malone (50 g) CM,tabaco-liar,ceuta-melilla,2.75
Tarifa Shisha Pecado (50 g) CM,tabaco-liar,ceuta-melilla,2.75
TE AMO Churchill CM,otros,ceuta-melilla,4.5
TE AMO Nº 2 CM,otros,ceuta-melilla,3.05
TE AMO Nº 4 CM,otros,ceuta-melilla,2.55
TE AMO Nº 7 CM,otros,ceuta-melilla,2.15
TE AMO Pirámide CM,otros,ceuta-melilla,4.2
TE AMO Robusto CM,otros,ceuta-melilla,3.2
TE AMO Toro CM,otros,ceuta-melilla,3.55
Terea Amber (20) CM,cigarrillos,ceuta-melilla,3.5
Terea Sienna (20) CM,cigarrillos,ceuta-melilla,3.5
Terea Turquoise (20) CM,cigarrillos,ceuta-melilla,3.5
Titanium Hookah Tobacco Texas (100 g) CM,tabaco-liar,ceuta-melilla,6.65
TORRES DE QUART Caliqueño Nº 2 (20) CM,cigarrillos,ceuta-melilla,0.7
TOSCANELLO Aroma Café (5) CM,otros,ceuta-melilla,0.6
TOSCANELLO Toscanello (5) CM,otros,ceuta-melilla,0.65
TRABUCOS Coronas (50) CM,cigarrillos,ceuta-melilla,0.48
TRABUCOS Minis (10) CM,cigarrillos,ceuta-melilla,0.23
TRABUCOS T-10 (10) CM,cigarrillos,ceuta-melilla,0.25
TRINIDAD Coloniales (24) CM,cigarrillos,ceuta-melilla,41.4
TRINIDAD Coloniales (5) CM,otros,ceuta-melilla,41.4
TRINIDAD Fundadores (24) CM,cigarrillos,ceuta-melilla,56.6
TRINIDAD Reyes (12) CM,cigarrillos,ceuta-melilla,28.75
TRINIDAD Reyes (24) CM,cigarrillos,ceuta-melilla,28.75
TRINIDAD Short (10) CM,cigarrillos,ceuta-melilla,1.3
TRINIDAD Vigia (12) CM,cigarrillos,ceuta-melilla,44.8
TRINIDAD Vigia T (3) CM,otros,ceuta-melilla,46.5
Turner Halfware Shag (40 g) CM,tabaco-liar,ceuta-melilla,4.25
Turner Zware Shag (40 g) CM,tabaco-liar,ceuta-melilla,4.25
Van Nelle Zware (50 g) CM,tabaco-liar,ceuta-melilla,5.75
VASCO DA GAMA Nº 2 Claro (25) CM,cigarrillos,ceuta-melilla,1.1
VEGAFINA 1998 VF 50 (10) CM,cigarrillos,ceuta-melilla,5.1
VEGAFINA 1998 VF 52 (10) CM,cigarrillos,ceuta-melilla,5.6
VEGAFINA 1998 VF 54 (10) CM,cigarrillos,ceuta-melilla,6.1
VEGAFINA Classic Perla (4) CM,otros,ceuta-melilla,2.5
VEGAFINA Classic Perla Ecobag (el envase de 10) CM,otros,ceuta-melilla,21.9
VEGAFINA Corona Tubo Humidor (El envase de 40) CM,otros,ceuta-melilla,170.25
VEGAFINA Coronas (25) CM,cigarrillos,ceuta-melilla,3.85
VEGAFINA Coronas (4) CM,otros,ceuta-melilla,3.85
VEGAFINA Coronas Tubo (10) CM,cigarrillos,ceuta-melilla,4.25
VEGAFINA Coronas Tubo (25) CM,cigarrillos,ceuta-melilla,4.25
VEGAFINA Coronitas (25) CM,cigarrillos,ceuta-melilla,3.6
VEGAFINA Coronitas (4) CM,otros,ceuta-melilla,3.6
VEGAFINA Extramini XS (el envase de 20) CM,otros,ceuta-melilla,3.95
VEGAFINA Fortaleza 2 Robusto (10) CM,cigarrillos,ceuta-melilla,4.8
VEGAFINA Fortaleza 2 Robusto Tubo (20) CM,cigarrillos,ceuta-melilla,5.3
VEGAFINA Fortaleza 2 Robusto Tubo (3) CM,otros,ceuta-melilla,5.3
VEGAFINA Gran Corona Fortaleza 2 (10) CM,cigarrillos,ceuta-melilla,4.05
VEGAFINA Gran Corona Fortaleza 2 (4) CM,otros,ceuta-melilla,4.05
VEGAFINA Mini (El Envase de 20) CM,otros,ceuta-melilla,4.95
VEGAFINA Mini Blue (el envase de 20) CM,otros,ceuta-melilla,4.95
VEGAFINA Mini Filter (El envase de 20) CM,otros,ceuta-melilla,4.95
VEGAFINA Minutos (25) CM,cigarrillos,ceuta-melilla,1.6
VEGAFINA Minutos Lata (8) CM,otros,ceuta-melilla,1.6
VEGAFINA Nicaragua Gran Toro (25) CM,cigarrillos,ceuta-melilla,5.6
VEGAFINA Nicaragua Minutos (8) CM,otros,ceuta-melilla,1.8
VEGAFINA Nicaragua Robusto (25) CM,cigarrillos,ceuta-melilla,4.8
VEGAFINA Nicaragua Robusto Tubo (3) CM,otros,ceuta-melilla,5.3
VEGAFINA Nicaragua Short (25) CM,cigarrillos,ceuta-melilla,2.9
VEGAFINA Nicaragua Short (4) CM,otros,ceuta-melilla,2.9
VEGAFINA Panetelas Fortaleza 2 (25) CM,cigarrillos,ceuta-melilla,2.7
VEGAFINA Panetelas Fortaleza 2 (5) CM,otros,ceuta-melilla,2.7
VEGAFINA Perla (10) CM,cigarrillos,ceuta-melilla,2.5
VEGAFINA Perla (25) CM,cigarrillos,ceuta-melilla,2.5
VEGAFINA Perla Tubo (10) CM,cigarrillos,ceuta-melilla,2.85
VEGAFINA Pirámide (25) CM,cigarrillos,ceuta-melilla,6.8
VEGAFINA Prominentes (25) CM,cigarrillos,ceuta-melilla,7
VEGAFINA Robusto Tubo (20) CM,cigarrillos,ceuta-melilla,5.3
VEGAFINA Robusto Tubo (3) CM,otros,ceuta-melilla,5.3
VEGAFINA Robustos (25) CM,cigarrillos,ceuta-melilla,4.8
VEGAFINA Robustos (3) CM,otros,ceuta-melilla,4.8
VEGAFINA Serie 2 Short Belicoso (10) CM,cigarrillos,ceuta-melilla,4.25
VEGAFINA Short Belicoso Fortaleza 2 (3) CM,otros,ceuta-melilla,4.25
VEGAFINA Short Robusto (25) CM,cigarrillos,ceuta-melilla,4.15
VEGAFINA Short Robusto (3) CM,otros,ceuta-melilla,4.15
VEGAFINA Short Robusto Caja (10) CM,cigarrillos,ceuta-melilla,4.15
VEGAFINA Short Robusto Tubo (20) CM,cigarrillos,ceuta-melilla,4.65
VEGAFINA Vegafina 1998 VF42L (10) CM,cigarrillos,ceuta-melilla,6
VEGAFINA Vegafina 1998 VF44S (25) CM,cigarrillos,ceuta-melilla,3.5
VEGAFINA Vegafina 1998 VF46 (10) CM,cigarrillos,ceuta-melilla,5.3
VEGAFINA Vegafina 1998 VF56 (10) CM,cigarrillos,ceuta-melilla,5.6
VEGAFINA Vegafina Classic Minutos 16 Ecobag (El envase de 16) CM,otros,ceuta-melilla,23.6
VEGAFINA Vegafina Nicaragua 25 Terra (25) CM,cigarrillos,ceuta-melilla,4.9
VEGAFINA Vegafina Nicaragua Gran Vulcano (10) CM,cigarrillos,ceuta-melilla,5.5
VEGAFINA Vegafina Nicaragua Robusto Tubos (20) CM,cigarrillos,ceuta-melilla,5.3
VEGAFINA Vegafina Nicaragua Vulcano (10) CM,cigarrillos,ceuta-melilla,4.7
VEGAFINA Vegafina Serie 2 25 Short Magnum (25) CM,cigarrillos,ceuta-melilla,4.55
VEGAS ROBAINA Clásicos (25) CM,cigarrillos,ceuta-melilla,14.9
VEGAS ROBAINA Don Alejandro (25) CM,cigarrillos,ceuta-melilla,19.85
VEGAS ROBAINA Famosos (25) CM,cigarrillos,ceuta-melilla,13.55
VEGAS ROBAINA Unicos (25) CM,cigarrillos,ceuta-melilla,18.6
VEGUEROS Entretiempos (16) CM,cigarrillos,ceuta-melilla,6.3
VEGUEROS Entretiempos (4) CM,otros,ceuta-melilla,6.3
VEGUEROS Mañanitas (16) CM,cigarrillos,ceuta-melilla,4.6
VEGUEROS Mañanitas (4) CM,otros,ceuta-melilla,4.6
VEGUEROS Tapados (16) CM,cigarrillos,ceuta-melilla,5
VEGUEROS Tapados (4) CM,otros,ceuta-melilla,5
VERELLEN Poncho (10) CM,cigarrillos,ceuta-melilla,0.26
VERELLEN Poncho Mini (20) CM,cigarrillos,ceuta-melilla,0.18
Vibes City Flavoured Cigarettes CM,puros,ceuta-melilla,2.5
Vibes Country Flavoured Cigarettes CM,puros,ceuta-melilla,2.5
VILLIGER Gold Mini Filter (20) CM,cigarrillos,ceuta-melilla,0.12
VILLIGER Green Mini Filter (20) CM,cigarrillos,ceuta-melilla,0.12
VILLIGER Mini Black Sumatra (20) CM,cigarrillos,ceuta-melilla,0.12
VILLIGER Mini Red Filter (20) CM,cigarrillos,ceuta-melilla,0.12
W.O .Larsen A True Delight (50 g) CM,tabaco-liar,ceuta-melilla,5.15
W.O .Larsen Simply Unique (50 g) CM,tabaco-liar,ceuta-melilla,5.15
W.O. Larsen 1864 (100 g) CM,tabaco-liar,ceuta-melilla,18.9
W.O. Larsen Classic (100 g) CM,tabaco-liar,ceuta-melilla,18.9
W.O. Larsen Edition 2013 (100 g) CM,tabaco-liar,ceuta-melilla,9.8
W.O. Larsen Fresh & Elegant (50 g) CM,tabaco-liar,ceuta-melilla,5.15
W.O. Larsen M.B.Golden Dream (50 g) CM,tabaco-liar,ceuta-melilla,5.15
W.O. Larsen M.B.Mellow Mix (50 g) CM,tabaco-liar,ceuta-melilla,5.15
W.O. Larsen M.B.Sweet Arom (50 g) CM,tabaco-liar,ceuta-melilla,5.15
W.O. Larsen Mellow & Tasty (50 g) CM,tabaco-liar,ceuta-melilla,5.15
W.O. Larsen Old Fashion (100 g) CM,tabaco-liar,ceuta-melilla,18.9
W.O. Larsen Signature (100 g) CM,tabaco-liar,ceuta-melilla,18.9
West Brooklyn 100's CM,otros,ceuta-melilla,3.15
West Brooklyn Rojo Duro CM,otros,ceuta-melilla,3.25
WILLEM II  Corona Optimum (25) CM,cigarrillos,ceuta-melilla,1.8
WILLEM II  Primini Original (El Envase de 20) CM,otros,ceuta-melilla,3.07
WILLEM II  Primini Vanilla (El Envase de 20) CM,otros,ceuta-melilla,3.07
WILLEM II  Wings Cigarillos (El Envase de 20) CM,puros,ceuta-melilla,3.9
WILLEM II  Wings Mini Blue (El Envase de 20) CM,otros,ceuta-melilla,2.98
WILLEM II  Wings Mini Cigarillos (El Envase de 20) CM,puros,ceuta-melilla,3.7
WILLEM II  Wings Mini Vainilla (El Envase de 20) CM,otros,ceuta-melilla,4.1
WILLEM II  Wings Vainilla Filter (El Envase de 20) CM,otros,ceuta-melilla,4.2
WILLEM II Wings Mini Vainilla (El envase de 10) CM,otros,ceuta-melilla,1.35
WILLEM II Wings Vainilla Filter (El envase de 10) CM,otros,ceuta-melilla,1.44
Winston Classic Ks Box CM,otros,ceuta-melilla,4.25
Ziggy Amazon Breeze (250 g) CM,tabaco-liar,ceuta-melilla,16.25
Ziggy Amazon Breeze (50 g) CM,tabaco-liar,ceuta-melilla,3.4
Ziggy Beach Crush (250 g) CM,tabaco-liar,ceuta-melilla,16.25
Ziggy Beach Crush (50 g) CM,tabaco-liar,ceuta-melilla,3.4
Ziggy Brazilian Gold (250 g) CM,tabaco-liar,ceuta-melilla,16.25
Ziggy Brazilian Gold (50 g) CM,tabaco-liar,ceuta-melilla,3.4
Ziggy Green Hapocalyx (250 g) CM,tabaco-liar,ceuta-melilla,16.25
Ziggy Green Hapocalyx (50 g) CM,tabaco-liar,ceuta-melilla,3.4
Ziggy Green Hapocalyx (990 g) CM,tabaco-liar,ceuta-melilla,63.6
Ziggy Love Diamond (250 g) CM,tabaco-liar,ceuta-melilla,16.25
Ziggy Love Diamond (50 g) CM,tabaco-liar,ceuta-melilla,3.4
Ziggy Lust Crown (250 g) CM,tabaco-liar,ceuta-melilla,16.25
Ziggy Lust Crown (50 g) CM,tabaco-liar,ceuta-melilla,3.4
Ziggy Lust Queen (250 g) CM,tabaco-liar,ceuta-melilla,16.25
Ziggy Lust Queen (50 g) CM,tabaco-liar,ceuta-melilla,3.4
Ziggy Morning Glance (250 g) CM,tabaco-liar,ceuta-melilla,16.25
Ziggy Morning Glance (50 g) CM,tabaco-liar,ceuta-melilla,3.4
Ziggy Native Lines (250 g) CM,tabaco-liar,ceuta-melilla,16.25
Ziggy Native Lines (50 g) CM,tabaco-liar,ceuta-melilla,3.4
Ziggy Pool Party (250 g) CM,tabaco-liar,ceuta-melilla,16.25
Ziggy Pool Party (50 g) CM,tabaco-liar,ceuta-melilla,3.4
Ziggy Purple Starburst (250 g) CM,tabaco-liar,ceuta-melilla,16.25
Ziggy Purple Starburst (50 g) CM,tabaco-liar,ceuta-melilla,3.4
Ziggy Rainbow Blast (250 g) CM,tabaco-liar,ceuta-melilla,16.25
Ziggy Rainbow Blast (50 g) CM,tabaco-liar,ceuta-melilla,3.4
Ziggy Red Starburst (250 g) CM,tabaco-liar,ceuta-melilla,16.25
Ziggy Red Starburst (50 g) CM,tabaco-liar,ceuta-melilla,3.4
Ziggy Rocket Flame (250 g) CM,tabaco-liar,ceuta-melilla,16.25
Ziggy Rocket Flame (50 g) CM,tabaco-liar,ceuta-melilla,3.4
Ziggy Rubi Shade (250 g) CM,tabaco-liar,ceuta-melilla,16.25
Ziggy Rubi Shade (50 g) CM,tabaco-liar,ceuta-melilla,3.4
Ziggy Show Dream (250 g) CM,tabaco-liar,ceuta-melilla,16.25
Ziggy Show Dream (50 g) CM,tabaco-liar,ceuta-melilla,3.4
Ziggy Summer Sunrise (250 g) CM,tabaco-liar,ceuta-melilla,16.25
Ziggy Summer Sunrise (50 g) CM,tabaco-liar,ceuta-melilla,3.4
Ziggy Summer Sunrise (990 g) CM,tabaco-liar,ceuta-melilla,63.6
Ziggy Thrill Hunter (250 g) CM,tabaco-liar,ceuta-melilla,16.25
Ziggy Thrill Hunter (50 g) CM,tabaco-liar,ceuta-melilla,3.4
Ziggy Tropical (250 g) CM,tabaco-liar,ceuta-melilla,16.25
Ziggy Tropical (50 g) CM,tabaco-liar,ceuta-melilla,3.4
Ziggy Valentine's Kiss (250 g) CM,tabaco-liar,ceuta-melilla,16.25
Ziggy Valentine's Kiss (50 g) CM,tabaco-liar,ceuta-melilla,3.4
Ziggy Velvet Petals (250 g) CM,tabaco-liar,ceuta-melilla,16.25
Ziggy Velvet Petals (50 g) CM,tabaco-liar,ceuta-melilla,3.4
Ziggy Wild Dive (250 g) CM,tabaco-liar,ceuta-melilla,16.25
Ziggy Wild Dive (50 g) CM,tabaco-liar,ceuta-melilla,3.4
Ziggy Yellow Hype (250 g) CM,tabaco-liar,ceuta-melilla,16.25
Ziggy Yellow Hype (50 g) CM,tabaco-liar,ceuta-melilla,3.4
ZINO Gran Corona CM,otros,ceuta-melilla,4
ZINO Nº 3 Tubos (20)  CM,cigarrillos,ceuta-melilla,5.5
ZINO Nº 5 (25) CM,cigarrillos,ceuta-melilla,3.55
ZINO Nº 5 (5) CM,otros,ceuta-melilla,3.55
ZINO Platinum Z-Class (20) CM,cigarrillos,ceuta-melilla,6.1
ZINO Robusto (4) CM,otros,ceuta-melilla,5.8
